[
    {
        "Holder": "Blackrock Inc.",
        "Shares": "1.99M",
        "Date Reported": "Sep 30, 2024",
        "% Out": "6.87%",
        "Value": "90,338,115"
    },
    {
        "Holder": "Vanguard Group Inc",
        "Shares": "1.52M",
        "Date Reported": "Sep 30, 2024",
        "% Out": "5.25%",
        "Value": "69,070,761"
    },
    {
        "Holder": "Next Century Growth Investors LLC",
        "Shares": "894.42k",
        "Date Reported": "Sep 30, 2024",
        "% Out": "3.08%",
        "Value": "40,571,073"
    },
    {
        "Holder": "Janus Henderson Group PLC",
        "Shares": "780.24k",
        "Date Reported": "Sep 30, 2024",
        "% Out": "2.69%",
        "Value": "35,391,505"
    },
    {
        "Holder": "Geode Capital Management, LLC",
        "Shares": "613.75k",
        "Date Reported": "Sep 30, 2024",
        "% Out": "2.12%",
        "Value": "27,839,609"
    },
    {
        "Holder": "Renaissance Technologies, LLC",
        "Shares": "561.99k",
        "Date Reported": "Sep 30, 2024",
        "% Out": "1.94%",
        "Value": "25,491,866"
    },
    {
        "Holder": "State Street Corporation",
        "Shares": "537.3k",
        "Date Reported": "Sep 30, 2024",
        "% Out": "1.85%",
        "Value": "24,371,973"
    },
    {
        "Holder": "Plustick Management LLC",
        "Shares": "320k",
        "Date Reported": "Sep 30, 2024",
        "% Out": "1.10%",
        "Value": "14,515,200"
    },
    {
        "Holder": "Nuveen Asset Management, LLC",
        "Shares": "259.26k",
        "Date Reported": "Sep 30, 2024",
        "% Out": "0.89%",
        "Value": "11,760,169"
    },
    {
        "Holder": "Northern Trust Corporation",
        "Shares": "229.94k",
        "Date Reported": "Sep 30, 2024",
        "% Out": "0.79%",
        "Value": "10,430,305"
    }
]