[
    {
        "Holder": "Vanguard Group Inc",
        "Shares": "92.92M",
        "Date Reported": "Sep 30, 2024",
        "% Out": "10.19%",
        "Value": "17,763,996,984"
    },
    {
        "Holder": "Blackrock Inc.",
        "Shares": "82.64M",
        "Date Reported": "Sep 30, 2024",
        "% Out": "9.06%",
        "Value": "15,798,897,414"
    },
    {
        "Holder": "State Street Corporation",
        "Shares": "41.68M",
        "Date Reported": "Sep 30, 2024",
        "% Out": "4.57%",
        "Value": "7,968,235,650"
    },
    {
        "Holder": "Capital Research Global Investors",
        "Shares": "36.1M",
        "Date Reported": "Sep 30, 2024",
        "% Out": "3.96%",
        "Value": "6,901,919,491"
    },
    {
        "Holder": "JP Morgan Chase & Company",
        "Shares": "28.99M",
        "Date Reported": "Jun 30, 2024",
        "% Out": "3.18%",
        "Value": "5,541,907,656"
    },
    {
        "Holder": "Wellington Management Group, LLP",
        "Shares": "22.05M",
        "Date Reported": "Sep 30, 2024",
        "% Out": "2.42%",
        "Value": "4,215,045,668"
    },
    {
        "Holder": "Geode Capital Management, LLC",
        "Shares": "21.29M",
        "Date Reported": "Sep 30, 2024",
        "% Out": "2.33%",
        "Value": "4,069,608,356"
    },
    {
        "Holder": "Charles Schwab Investment Management, Inc.",
        "Shares": "19.25M",
        "Date Reported": "Sep 30, 2024",
        "% Out": "2.11%",
        "Value": "3,680,297,639"
    },
    {
        "Holder": "Bank of America Corporation",
        "Shares": "17.89M",
        "Date Reported": "Sep 30, 2024",
        "% Out": "1.96%",
        "Value": "3,419,506,144"
    },
    {
        "Holder": "Price (T.Rowe) Associates Inc",
        "Shares": "14.96M",
        "Date Reported": "Sep 30, 2024",
        "% Out": "1.64%",
        "Value": "2,859,396,369"
    }
]