[
    {
        "Holder": "Cantor Fitzgerald, L.P.",
        "Shares": "9.33M",
        "Date Reported": "Sep 30, 2024",
        "% Out": "7.86%",
        "Value": "142,038,097"
    },
    {
        "Holder": "Vanguard Group Inc",
        "Shares": "7.74M",
        "Date Reported": "Sep 30, 2024",
        "% Out": "6.53%",
        "Value": "117,930,166"
    },
    {
        "Holder": "Blackrock Inc.",
        "Shares": "1.56M",
        "Date Reported": "Sep 30, 2024",
        "% Out": "1.31%",
        "Value": "23,686,502"
    },
    {
        "Holder": "Geode Capital Management, LLC",
        "Shares": "1.04M",
        "Date Reported": "Sep 30, 2024",
        "% Out": "0.87%",
        "Value": "15,773,984"
    },
    {
        "Holder": "State Street Corporation",
        "Shares": "837.45k",
        "Date Reported": "Sep 30, 2024",
        "% Out": "0.71%",
        "Value": "12,754,332"
    },
    {
        "Holder": "Ameriprise Financial, Inc.",
        "Shares": "621.22k",
        "Date Reported": "Sep 30, 2024",
        "% Out": "0.52%",
        "Value": "9,461,119"
    },
    {
        "Holder": "Morgan Stanley",
        "Shares": "622.39k",
        "Date Reported": "Sep 30, 2024",
        "% Out": "0.52%",
        "Value": "9,479,029"
    },
    {
        "Holder": "Charles Schwab Investment Management, Inc.",
        "Shares": "478.32k",
        "Date Reported": "Sep 30, 2024",
        "% Out": "0.40%",
        "Value": "7,284,767"
    },
    {
        "Holder": "Susquehanna International Group, LLP",
        "Shares": "372.05k",
        "Date Reported": "Sep 30, 2024",
        "% Out": "0.31%",
        "Value": "5,666,336"
    },
    {
        "Holder": "Norges Bank Investment Management",
        "Shares": "344.31k",
        "Date Reported": "Jun 30, 2024",
        "% Out": "0.29%",
        "Value": "5,243,825"
    }
]