[
    {
        "Holder": "Vanguard Group Inc",
        "Shares": "30.13M",
        "Date Reported": "Sep 30, 2024",
        "% Out": "9.62%",
        "Value": "4,399,219,320"
    },
    {
        "Holder": "Blackrock Inc.",
        "Shares": "20.56M",
        "Date Reported": "Sep 30, 2024",
        "% Out": "6.56%",
        "Value": "3,000,857,848"
    },
    {
        "Holder": "Baillie Gifford and Company",
        "Shares": "9.42M",
        "Date Reported": "Sep 30, 2024",
        "% Out": "3.01%",
        "Value": "1,375,309,212"
    },
    {
        "Holder": "FMR, LLC",
        "Shares": "9.44M",
        "Date Reported": "Sep 30, 2024",
        "% Out": "3.01%",
        "Value": "1,377,949,295"
    },
    {
        "Holder": "Price (T.Rowe) Associates Inc",
        "Shares": "7.06M",
        "Date Reported": "Sep 30, 2024",
        "% Out": "2.25%",
        "Value": "1,030,692,796"
    },
    {
        "Holder": "State Street Corporation",
        "Shares": "6.56M",
        "Date Reported": "Sep 30, 2024",
        "% Out": "2.09%",
        "Value": "957,093,541"
    },
    {
        "Holder": "Jennison Associates LLC",
        "Shares": "6.27M",
        "Date Reported": "Sep 30, 2024",
        "% Out": "2.00%",
        "Value": "915,846,108"
    },
    {
        "Holder": "Voya Investment Management LLC",
        "Shares": "5.49M",
        "Date Reported": "Sep 30, 2024",
        "% Out": "1.75%",
        "Value": "801,804,264"
    },
    {
        "Holder": "Geode Capital Management, LLC",
        "Shares": "5.19M",
        "Date Reported": "Sep 30, 2024",
        "% Out": "1.66%",
        "Value": "757,039,494"
    },
    {
        "Holder": "JP Morgan Chase & Company",
        "Shares": "5.07M",
        "Date Reported": "Jun 30, 2024",
        "% Out": "1.62%",
        "Value": "740,716,936"
    }
]