[
    {
        "Holder": "Millennium Management Llc",
        "Shares": "25.29k",
        "Date Reported": "Sep 30, 2024",
        "% Out": "0.20%",
        "Value": "1,079,800"
    },
    {
        "Holder": "Morgan Stanley",
        "Shares": "8.42k",
        "Date Reported": "Sep 30, 2024",
        "% Out": "0.07%",
        "Value": "359,321"
    },
    {
        "Holder": "Biltmore Family Office, LLC",
        "Shares": "4.58k",
        "Date Reported": "Sep 30, 2024",
        "% Out": "0.04%",
        "Value": "195,605"
    },
    {
        "Holder": "Citigroup Inc.",
        "Shares": "2.65k",
        "Date Reported": "Sep 30, 2024",
        "% Out": "0.02%",
        "Value": "113,256"
    },
    {
        "Holder": "UBS Group AG",
        "Shares": "2.1k",
        "Date Reported": "Sep 30, 2024",
        "% Out": "0.02%",
        "Value": "89,862"
    },
    {
        "Holder": "Bank of America Corporation",
        "Shares": "847",
        "Date Reported": "Sep 30, 2024",
        "% Out": "0.01%",
        "Value": "36,158"
    },
    {
        "Holder": "Allworth Financial LP",
        "Shares": "400",
        "Date Reported": "Sep 30, 2024",
        "% Out": "0.00%",
        "Value": "17,075"
    },
    {
        "Holder": "Osaic Holdings Inc",
        "Shares": "400",
        "Date Reported": "Sep 30, 2024",
        "% Out": "0.00%",
        "Value": "17,075"
    },
    {
        "Holder": "Tower Research Capital LLC (TRC)",
        "Shares": "310",
        "Date Reported": "Sep 30, 2024",
        "% Out": "0.00%",
        "Value": "13,233"
    },
    {
        "Holder": "JP Morgan Chase & Company",
        "Shares": "100",
        "Date Reported": "Jun 30, 2024",
        "% Out": "0.00%",
        "Value": "4,268"
    }
]