Source,Date,Text,Sentiment,Score,Confidence,Type
Reddit,2024-09-25,biggest loss last month,Negative,-1,0.9994699358940125,Main
Reddit,2024-09-25,User Report Total Submissions 1 First Seen In WSB just now Total Comments 0 Previous Best DD Account Age 7 months Join WSB Discord,Neutral,0,0.99991774559021,Reply
Reddit,2024-09-25,biggest loss... so far,Negative,-1,0.9999276399612427,Reply
Reddit,2024-09-25,!imgemotet5_2th524271,Neutral,0,0.9996556043624878,Reply
Reddit,2024-09-25,Could have just bought SPY,Neutral,0,0.9997747540473938,Reply
Reddit,2024-09-25,"Damn, my regard, what did you buy???",Neutral,0,0.9630456566810608,Reply
Reddit,2024-09-25,What were the trades,Neutral,0,0.9996988773345947,Reply
Reddit,2024-09-25,See you at Wendys,Neutral,0,0.9999289512634277,Reply
Reddit,2024-09-25,Like man why not just play stock with margin? Do you really need to buy options?,Neutral,0,0.9994162321090698,Reply
Reddit,2024-09-25,Tomorrow buy 10 TSM Oct 18 24 190 Calls watch the magic happen!!! Good luck,Positive,1,1.0,Reply
Reddit,2024-09-25,10.00 icon top right..,Neutral,0,0.9993401169776917,Reply
Reddit,2024-09-25,Just buy schd actually its perfect for a scoop since its dipped!,Neutral,0,0.9917997121810913,Reply
Reddit,2024-09-25,"Its only up from here, maybe next month hell hit the sweet spot and finish that last 7k.",Neutral,0,0.9968740940093994,Reply
Reddit,2024-09-25,Spy without stop loss,Neutral,0,0.990403413772583,Reply
Reddit,2024-09-25,Taco Bell is also hiring,Neutral,0,0.9999600648880005,Reply
Yahoo,2024-10-30,How about the 7 zeros contract. Something smelling very bad here with this completely incompetent management,Negative,-1,0.6988976001739502,Main
Yahoo,2024-10-30,where&#39;s David???? 😂😂😂,Neutral,0,0.9988749623298645,Main
Yahoo,2024-10-29,I am bullish go go go,Neutral,0,0.9999514818191528,Main
Yahoo,2024-10-28,"we only need one rumour, one politician saying somthing about quantum computers decoding encryption, and this goes up, 100% and more😎",Neutral,0,0.9942586421966553,Main
Yahoo,2024-10-28,"David, you gotta be patient enough. every day you get excited by the initial pump, but it always dumps to where it belongs. the math is simple: no revenue, no upward trend",Neutral,0,0.986661970615387,Main
Yahoo,2024-10-28,"Arg / mike, things seem remarkably stable here?  There must be buyers as price drifting up?  When is it going to zero?  I am fearful for my short...",Negative,-1,0.8229308128356934,Main
Yahoo,2024-10-25,skyrocket,Neutral,0,0.9996336698532104,Main
Yahoo,2024-10-24,"Welcome to the bag holder club, Chris! the leaders of the club are David and Slatesquarry",Neutral,0,0.9999887943267822,Main
Yahoo,2024-10-24,bulls here never learn their lesson. the shorts don&#39;t mind though,Neutral,0,0.8988472819328308,Main
Yahoo,2024-10-24,Have the shorts realized that every quantum computing stock has been going up the past month? Doesn&#39;t matter if Arqq is the worst of them. That&#39;s how swing trading speculative stocks works if you didn&#39;t know.,Neutral,0,0.9111095070838928,Main
Yahoo,2024-10-24,$30 by the end of year 🤩🚀,Neutral,0,0.9999957084655762,Main
Yahoo,2024-10-23,"you can say all you want. even if they have any products, there&#39;s no customers. that&#39;s why the revenue is ZERO",Neutral,0,0.9790363907814026,Main
Yahoo,2024-10-23,"The warrants for this one do not expire until November of 2026. Yeah, I loaded up heavy the other day at .09. Very nice way to take a long position without having to lock up a lot of funds doing it. As always, do your own research and make up your own mind ✌️",Positive,1,0.9999990463256836,Main
Yahoo,2024-10-23,Do any of you know what The Mobile World Congress is? They have around 2000 exhibitors demonstrating the newest of the new in mobile technologies from about 180 different countries. This one was awarded top honors in 2 categories last February. They are worth some risk and just early to market in my opinion✌️,Negative,-1,0.9987995624542236,Main
Yahoo,2024-10-23,"all the bulls here: before getting too excited, divide the sp by 25 😂😂",Neutral,0,0.6603416204452515,Main
Yahoo,2024-10-23,"Possibly related, companies such as Ionq have made significant advances in Quantum Computing Technology over the last year. Their SP has been increasing at a nice pace over about the same time frame as Arqq. I own both as this one is primarily software and infrastructure while Ionq is primarily hardware ✌️",Positive,1,0.9999972581863403,Main
Yahoo,2024-10-23,"This SP action is most interesting considering the market’s overall performance over the last 5 days or so. Someone or someones are accumulating shares of this one. Hopefully, we will be seeing some positive news released soon ✌️",Positive,1,0.9999017715454102,Main
Yahoo,2024-10-23,"David, where are you? I’m worried about you.",Neutral,0,0.950114905834198,Main
Yahoo,2024-10-23,Oh no - opened up 10%  This is a disaster for us shorters.  What should I do Arg / mike?  Not enjoying this pain...,Negative,-1,0.9996531009674072,Main
Yahoo,2024-10-23,"Really hoping Arg, mike and dave are all right and this is going to zero.  They say it is a nothing company and that the founder has sold all his ahres.  They said go... and I trust them so I sold my long position at a huge loss and now have a short opened... which is also currently in loss.  Urgh.  But I think they are decent guys and know their stuff... so I am hopeful to make a stack of money when this goes down... all the way to zero.  Thanks Arg and mike.  I really appreciate your help.  Come Arqit.  Go down!",Positive,1,0.650226891040802,Main
Yahoo,2024-10-22,"Well it is official, warrants closed up 50% from yesterday. Book it Danno 😉😎✌️",Neutral,0,0.9999419450759888,Main
Yahoo,2024-10-22,more more more,Neutral,0,0.993930459022522,Main
Yahoo,2024-10-22,buy buy buy buy!,Positive,1,0.9999998807907104,Main
Yahoo,2024-10-22,"wow, what happened to all those gains this morning Dave???? 😂",Negative,-1,0.6270175576210022,Main
Yahoo,2024-10-22,"i think you have to be pretty fulish to short this right now. and if you do not cash out at the same day. their is a lot of rumors going arround about quantum cyber attacks and if the company wasn&#39;t selling st9ck to raise money i guess it would be around $15 already.  this stock is micro cap and any national news could see it rocket 500% in one day. i have no idea what will happen ,and i do have a few shares but i wouldn&#39;t short it right now.",Neutral,0,0.9945401549339294,Main
Yahoo,2024-10-22,It seems to me almost everyone on this board has a vested interest in the stock going one way or the other. Forget boards and educate yourself on technical analysis. Then you can do scans and pick the stocks that look good for going short in some cases and long in others. I only came on here to see if there was any news.,Neutral,0,0.998863935470581,Main
Yahoo,2024-10-22,"Dave, you should’ve short more this morning when it was at nine dollars and above",Neutral,0,0.9992948770523071,Main
Yahoo,2024-10-22,Arg and i will help you…. Trust us,Neutral,0,0.8509719967842102,Main
Yahoo,2024-10-22,Arg and mike persuaded me to sell my entire stake at $5.5 and open a short.  Oh God look at it now.  What do I do now?,Neutral,0,0.9996870756149292,Main
Yahoo,2024-10-22,"David, just remember to divide the stock price by 25. Don&#39;t get too excited 😂... learn from Slatesquarry, he&#39;s in hiding",Neutral,0,0.9392704963684082,Main
Yahoo,2024-10-22,The warrants will outpace the Stock price gains at these levels as long as the SP continues to move up. If it moves up say another dollar from where we closed yesterday at 7.08 it would reflect about a 14% gain getting to 8.08 whereas the warrants were selling as low as .09 yesterday and would likely gain 50% plus with the same move in the SP ✌️,Positive,1,0.9999974966049194,Main
Yahoo,2024-10-22,long long long long,Neutral,0,0.9686901569366455,Main
Yahoo,2024-10-22,first target 20$,Neutral,0,0.9999417066574097,Main
Yahoo,2024-10-22,rich rich rich rich rich rich rich rich rich rich rich rich,Neutral,0,0.9992940425872803,Main
Yahoo,2024-10-21,Loaded up a nice load of extra warrants at .09 today 😉✌️,Positive,1,0.9509386420249939,Main
Yahoo,2024-10-21,rich rich rich rich rich rich f...... rich,Neutral,0,0.9997599720954895,Main
Yahoo,2024-10-21,go go baby go to the moon,Neutral,0,0.9991139769554138,Main
Yahoo,2024-10-21,"Oh no, opened up again.  Arg / mike, I am hurting.",Neutral,0,0.9983015060424805,Main
Yahoo,2024-10-21,"David,
Arg and Mike may be right, but unless any of us truly know the level of interest of companies thinking they need to start using quantum safe encryption, when they will pull the trigger and how much better ARQQ(if it is better) products are, we are all guessing.

Are their products easy to integrate into a preexisting system without slowing down the systems to an undesirable degree?
How difficult/how much time and capital would it cost for a competitor to create an on par solution or for the big players to develop in house solutions?",Neutral,0,0.909306526184082,Main
Yahoo,2024-10-21,just long and rich rich rich rich,Neutral,0,0.999846339225769,Main
Yahoo,2024-10-18,"David, you could&#39;ve made some of your money back today if you listened to Mike. now it&#39;s you and your heavy bag again 😂😂😂",Neutral,0,0.9948188662528992,Main
Yahoo,2024-10-18,"Dave, I told you to open up a short position like an hour ago you would’ve been making money already",Neutral,0,0.9984764456748962,Main
Yahoo,2024-10-17,Haven&#39;t heard anything from David and Slatesquarry for a while. Must be their heavy bag weighing on them 😂,Neutral,0,0.9996391534805298,Main
Yahoo,2024-10-17,Buying the dip,Neutral,0,0.8997095823287964,Main
Yahoo,2024-10-17,IONQ is THE one,Neutral,0,0.999953031539917,Main
Yahoo,2024-10-16,What’s going on,Neutral,0,0.9983615279197693,Main
Yahoo,2024-10-16,"There was an interview of Paul Feenan (Chief Revenue Officer Arqit) at the Mobile World Live conference in Las Vegas. I have no idea if this is a significant conference, but it&#39;s the only recent news I&#39;ve seen that might potentially be related to the move up.",Neutral,0,0.9998376369476318,Main
Yahoo,2024-10-16,The once great country of England will take care of this company.  No worries.,Neutral,0,0.9986239671707153,Main
Yahoo,2024-10-16,Who are the bag holders in the $7.30 range,Neutral,0,0.9999896287918091,Main
Yahoo,2024-10-16,does anybody know what is driving this price?,Neutral,0,0.9976509213447571,Main
Yahoo,2024-10-16,"This is great, but still pretty annoying:

Each $2.50 represents .10 pre reverse. So, we will only be back to .30 cents at $7.50. This was sitting stable at .30-.35 before they announced the reverse split, and I&#39;m sure many like myself bought in between .40-1.00 before that.

Well, at least we are compliant. Yes, as the China Quantum encryption news spreads, that could mark the beginning of a huge upswing in business.",Positive,1,0.9319576025009155,Main
Yahoo,2024-10-16,"maybe cos the china code-breaking news recently? ppl realize these guys are in quantum cybersecurity?  my dudes, after the china news, i on a &#34;placemarker&#34; whim bought FIVE of this stock. 5. : 1,2,3,4,5. Not fitty, not 500, FIVE. I&#39;m up 7 bucks, woohoo! LOL, and yes, boohoo, but we shall see!",Neutral,0,0.9996091723442078,Main
Yahoo,2024-10-16,it bcos of the private placement condition above $5 for 60day....after???,Neutral,0,0.9999654293060303,Main
Yahoo,2024-10-16,"just divide whatever price you see by 25, then you get a better picture",Neutral,0,0.9527257084846497,Main
Yahoo,2024-10-16,Pump and later will come the dump. Its too early to see a rally. Im long,Neutral,0,0.8115155100822449,Main
Yahoo,2024-10-16,rich rich rich rich rich I will be rich rich rich rich,Neutral,0,0.9999134540557861,Main
Yahoo,2024-10-16,Maybe the reverse split has done well,Positive,1,0.9972119927406311,Main
Yahoo,2024-10-15,0.188 pre split now 😂😂,Neutral,0,0.9999631643295288,Main
Yahoo,2024-10-15,there are some people waking up,Neutral,0,0.9988576173782349,Main
Yahoo,2024-10-15,I love this game,Positive,1,0.9868800640106201,Main
Yahoo,2024-10-15,:))))))))))))),Neutral,0,0.9673532843589783,Main
Yahoo,2024-10-14,😂😂😂,Neutral,0,0.9673532843589783,Main
Yahoo,2024-10-14,I will be rich rich rich!,Neutral,0,0.9998014569282532,Main
Yahoo,2024-10-14,go baby go:)))),Neutral,0,0.9976044297218323,Main
Yahoo,2024-10-14,"&#39;Chinese researchers, using a D-Wave quantum computer, claim to have executed what they are calling the first successful quantum attack on widely used encryption algorithms, posing a “real and substantial threat” to sectors like banking and the military, as reported by SCMP&#39;",Negative,-1,0.847521185874939,Main
Yahoo,2024-10-11,I bought a lot of shares. Skyrocket Looooooooook!!!:))))),Neutral,0,0.9999634027481079,Main
Yahoo,2024-10-11,"dear mike and arg, thanks for all your helpful posts warning us all about this dog of a company.  On the back of your comments I have today sold my entire holding.  I really appreciate your help and I think you have helped me make a very sensible decision.  This company is going to zero.  Any suggestions what I should do with the proceeds?",Neutral,0,0.7431526184082031,Main
Yahoo,2024-10-11,This is what the stock looks like….,Neutral,0,0.9893414378166199,Main
Yahoo,2024-10-10,Very light trading going on here at the moment.  We need more news as to plans of new CEO and ideally news on new contracts/business for Arqit.  I think it can only go one way from here... and not the way those buffoons mike and arg will say.,Neutral,0,0.9990905523300171,Main
Yahoo,2024-10-09,"Wow, Dave this Stock is a winner",Positive,1,0.9999910593032837,Main
Yahoo,2024-10-08,"David Williams sold most of his shares, dumped his bag on retail investors, including David and Slatesquarry",Neutral,0,0.9998470544815063,Main
Yahoo,2024-10-08,"Thoughts. Don’t own a lot but sell, hold, average down?",Negative,-1,0.5671940445899963,Main
Yahoo,2024-10-07,-85% :) please make smth. My worst investment ever,Negative,-1,0.9163679480552673,Main
Yahoo,2024-10-07,"Wow Dave, this is one hell of a good stock to invest in",Neutral,0,0.9931057095527649,Main
Yahoo,2024-10-07,where are David and Slatesquarry???,Neutral,0,0.9999358654022217,Main
Yahoo,2024-10-04,"David, why is this red all the time? is it because of the constant dilution?",Neutral,0,0.6907675862312317,Main
Yahoo,2024-10-02,"Following the same steps as Ironnet. Do your research before putting any money here. Don&#39;t be like David and Slatesquarry, unless you wanna gamble",Neutral,0,0.9996020197868347,Main
Yahoo,2024-10-02,"all the way down under $1. still no revenue, so another RS in a year",Negative,-1,0.6213807463645935,Main
Yahoo,2024-10-02,Great company people….,Positive,1,0.9999455213546753,Main
Yahoo,2024-10-02,Maybe someday Dave will wake up. Lol this company had a 15% haircut yesterday yesterday and he still thinks there’s value here lol,Neutral,0,0.9927680492401123,Main
Yahoo,2024-10-01,"why an offering? because they don&#39;t have any revenue, they ran out of cash",Neutral,0,0.9991222023963928,Main
Yahoo,2024-10-01,"they&#39;re selling the shares half price to major shareholders, another way of robbing the retail investors",Neutral,0,0.9996127486228943,Main
Yahoo,2024-10-01,Market was worried about a) delisting b) adequate runway and c) contracts.  Two out of three not bad - let’s see that multimillion government contract now !,Negative,-1,0.9999550580978394,Main
Yahoo,2024-10-01,"as soon as David and slatesquarry started posting, this fell like a rock 😂",Neutral,0,0.9996707439422607,Main
Yahoo,2024-10-01,That’s more like it. Now this junk can go down to $2.50 and eventually back to 25 cents,Neutral,0,0.8964316248893738,Main
Yahoo,2024-09-30,I dont understand the offer please help me.Arqit buys back from its original investors ordinary stock at 2.50 x 5.5m = $13m - that comes off the Arqit balance sheet - probably all of their cashThen the Purchasers buy a warrant for the same amount that goes live at $5 in 12 months - but what do they pay for this?  I am guessing $2.50 again - so net its not a cash raise - just a free warrant issued to the insiders - the $13m goes back onto the balance sheet.Can someone explain what i have got wrong here - thanks,Neutral,0,0.9999264478683472,Main
Yahoo,2024-09-30,"as I predicted, here&#39;s the offering. they don&#39;t have any money left.",Neutral,0,0.9965182542800903,Main
Yahoo,2024-09-30,"I don’t wanna see you lose money, Dave but I will say I told you so",Negative,-1,0.9895648956298828,Main
Yahoo,2024-09-30,My average price is $43 after the split. Anyone think it’ll go back to those levels?,Neutral,0,0.9999197721481323,Main
Yahoo,2024-09-30,Nice rise today.  Onwards and upwards with new CEO with wealth of experience and guidance from Notion Capital in background.  I think we are going to be OK.,Positive,1,0.9999959468841553,Main
Yahoo,2024-09-30,Market seems to like change in CEO.  Pre-market up to 10%.  Good luck all.,Positive,1,0.999133288860321,Main
Yahoo,2024-09-27,management change anounced.a daring step of mr Williams.,Neutral,0,0.9995986819267273,Main
Yahoo,2024-09-27,Let’s push this thing back under a dollar,Neutral,0,0.9675200581550598,Main
Yahoo,2024-09-27,"Hey David, can you answer this question for once:
in the last earnings call the CEO mentioned that they&#39;d announce a 7 figure in the summer. The summer is over but there&#39;s been no news. Did he lie again???!!!!",Neutral,0,0.9971430897712708,Main
Yahoo,2024-09-27,"David, aka the bagh0lder, has lost a fortune on this and he&#39;s still advocating for it... again, the tech might be good, but not under this management. David Williams is a scammer, go read what happened to Avanti Communications",Neutral,0,0.7919841408729553,Main
Yahoo,2024-09-27,"Dave, how was your portfolio looking with this garbage in it?",Neutral,0,0.9999563694000244,Main
Yahoo,2024-09-26,Bottom in?,Neutral,0,0.9876605272293091,Main
Yahoo,2024-09-26,"OMG this junk just shot up to $5?  Short hand over fist right now. 5,000 shares. Thank me later!!!!!",Neutral,0,0.9994163513183594,Main
Yahoo,2024-09-26,"So, I don&#39;t know much about the specifics of post Quantum encryption. Are there products(including potentially theirs) that one can download and install and &#34;zip/encrypt&#34; data into Quantum computer safe files on their home/network computers?",Neutral,0,0.9999964237213135,Main
Yahoo,2024-09-25,where are slatesquarry and David??? 😂😂😂,Neutral,0,0.9998754262924194,Main
Yahoo,2024-09-25,Clearly they are getting ready for a cash raise - but at what price?,Neutral,0,0.994309663772583,Main
Yahoo,2024-09-25,Nice job. Do a reverse split so it can just go back to $.25 again. I see all these other stocks do a reverse split and they go up 345 dollars. Not this junk. This company is a total loser and won’t exist by the end of this year,Positive,1,0.9997005462646484,Main
Yahoo,2024-09-25,If the company does not come up with revenues soon this share by spring 2025 will be doing another reverse split.,Neutral,0,0.9991674423217773,Main
Yahoo,2024-09-25,Expected to go down during this week,Neutral,0,0.9724923372268677,Main
Yahoo,2024-09-25,"Well, now that the share count is more reasonable, IF they have best in class tech and companies ratchet up spending on post Quantum encryption, people are accumulating for a steal. I guess we&#39;ll see.",Positive,1,0.8471195101737976,Main
Yahoo,2024-09-25,"Hey David, can you answer this question for once:
in the last earnings call the CEO mentioned that they&#39;d announce a 7 figure in the summer. The summer is over but there&#39;s been no news. Did he lie again???!!!!",Neutral,0,0.9971430897712708,Main
Yahoo,2024-09-24,"Hey David, in the last earnings call the CEO mentioned that they&#39;d announce a 7 figure in the summer. The summer is over but there&#39;s been no news. Did he lie again???!!!!",Neutral,0,0.9927889704704285,Main
Yahoo,2024-09-23,Their Reverse split will be effective from tomorrow. Doesn&#39;t anyone think that their price will jump tomorrow/next week?,Neutral,0,0.9999961853027344,Main
Yahoo,2024-09-23,"Hey David, in the last earnings call the CEO mentioned that they&#39;d announce a 7 figure in the summer. The summer is over but there&#39;s been no news. Did he lie again???!!!!",Neutral,0,0.9927889704704285,Main
Yahoo,2024-09-21,lesson learned,Positive,1,0.678408145904541,Main
Yahoo,2024-09-20,"Hey David, in the last earnings call the CEO mentioned that they&#39;d announce a 7 figure in the summer. The summer is over but there&#39;s been no news. Did he lie again???!!!!",Neutral,0,0.9927889704704285,Main
Yahoo,2024-09-19,i was here on day one and i left two weeks later.    Reeks of fraud,Neutral,0,0.9999607801437378,Main
Yahoo,2024-09-19,They&#39;ll be out of cash in about 6 months.,Neutral,0,0.9999712705612183,Main
Yahoo,2024-09-19,I am out. Reverse splits are the beginning of the end.,Neutral,0,0.9999969005584717,Main
Yahoo,2024-09-19,"David, you make my day with your comments 😂😂😂",Neutral,0,0.99986732006073,Main
Yahoo,2024-09-19,Hopefully that will make them NASDAQ compliant.,Neutral,0,0.9982393980026245,Main
Yahoo,2024-09-19,RS 25:1 approved at AGM.  Effective from 25 Sept 2024.,Neutral,0,0.9998359680175781,Main
Yahoo,2024-09-18,When will they start making a profit?,Neutral,0,0.9781926870346069,Main
Yahoo,2024-09-17,AGM tomorrow.  Vote on RS.  And maybe news.,Neutral,0,0.9999922513961792,Main
Yahoo,2024-09-15,AGM next wednesday.  Assuming all items get passed then the looming NASDAQ issue goes away.  Then its full steam ahead for Arqit to get selling their PQC solution.  Still a very young company that floated too early and still have a big cash burn BUT if things go well this could be HUGE.  The pateneted tech is still very impressive and the management are super smart.  Good luck all longs and DYOR.,Positive,1,1.0,Main
Yahoo,2024-09-13,"When is the reverse split supposed to happen? I am not a fan, as the price often seems to drop after, although not exactly sure why. I know the general reason, as the reverse split is used to raise the pps for compliance and that it probably wouldn&#39;t be that low if there was robust business with a clear path to profitability, but the frequent immediate drop without other news is otherwise interesting.

I have wondered if some people see the new price, think they have just made a massive profit, and cash out, only to realize after that that is not the case.",Negative,-1,0.9970946311950684,Main
Yahoo,2024-09-12,"No pumpers left here except David. Even Slatesquarry is in hiding, I bet he sold at a huge loss",Negative,-1,0.9999786615371704,Main
Yahoo,2024-09-12,Clues on today????,Neutral,0,0.999183714389801,Main
Yahoo,2024-09-09,Quite frankly if the RS is 1:25 that is better as it gives more wiggle room to remain within NASDAQ rules.  Share price should bounce back after RS once the cloud of NASDAQ compliance has been dealt with.,Positive,1,0.9999604225158691,Main
Yahoo,2024-09-09,The RS is only to comply with NASDAQ rules.  It will not effect the underlying company or dilute existing shareholders.  If this goes to plan (and it is already going in the right direction with rapid increase in revenues) it could be huge.  Be wary of the nay sayers.,Negative,-1,0.9560495018959045,Main
Yahoo,2024-09-09,Arqit have excellent patented tech vital to PQC crytography. Well worth a punt IMHO. DYOR. High risk yes. But if it goes to plan it could be huge.,Positive,1,0.9999988079071045,Main
Yahoo,2024-09-06,"I just got my voting email.   Will it be 1:15, 1:20 or 1:25 reverse split??",Neutral,0,0.9998548030853271,Main
Yahoo,2024-09-06,where is slatesquarry??? he&#39;s been hiding,Neutral,0,0.9994103908538818,Main
Yahoo,2024-09-05,"I&#39;ve warned you so many times about the upcoming RS. To answer your questions, historically, stocks slide further and further after they go through an RS. Also, oftentimes, the companies get a chance to do more offerings after an RS. This is highly likely for Arqit since its revenue is less than Starbucks across the street.",Neutral,0,0.7098959684371948,Main
Yahoo,2024-09-03,Where are you Arg?  Closed out your short?  Did you make a few $?  Well done.,Neutral,0,0.9998258948326111,Main
Yahoo,2024-08-30,As soon as I come to the board... within a few second someone else joins me viewing.  Yahoo Staff... are you Arg?  Weird.  Then you block my comments.  Ha ha ha.  Funny games.,Neutral,0,0.9998900890350342,Main
Yahoo,2024-08-30,Two thumbs down.  Arg has multiple identities. Weird and sad.,Neutral,0,0.9999842643737793,Main
Yahoo,2024-08-29,Is that you voted down Arg?  Who are you and what are you doing?  Weird.,Neutral,0,0.9981568455696106,Main
Yahoo,2024-08-29,"Arg bombardes this board with negative comments for months... and then the moment the RS is announced and the share prices reacts by dropping 10%, he vanishes.  Did you close your short Arg?  Did you make a few dollars?",Negative,-1,0.9998685121536255,Main
Yahoo,2024-08-29,Where has Arg gone?  Was he waiting for the RS announcement to close his short on the dip?  Are you still with us Arg?,Neutral,0,0.9997102618217468,Main
Yahoo,2024-08-28,"Everyone is so bullish on quantum  Computing I bought shares in this company, not much, but it just keeps going down further and further and further and further and further and further.",Positive,1,1.0,Main
Yahoo,2024-08-28,Looks like it will be a 1:25 RS.,Neutral,0,0.998394787311554,Main
Yahoo,2024-08-28,woah good news!!! I am happy,Positive,1,0.9999995231628418,Main
Yahoo,2024-08-27,1:25 reverse split incoming,Neutral,0,0.999869704246521,Main
Yahoo,2024-08-27,"Market (casino) open again. See how we fair today. I sense there is funny games going on with trading in this share... If Arqit can show progress, get new contracts and deliver growing revenues... they will win in the end.  All only IMHO.  DYOR.  Good luck all honest longs.",Positive,1,0.9999876022338867,Main
Yahoo,2024-08-27,Arqit have unique and excellent PQC tech.  This is nascent market but about to explode as quantum computing comes a reality and all previous cryptography becomes obsolete.  Arqit will be part of the solution and if it goes right it could be huge.  Get in now before its too late.,Positive,1,0.9999997615814209,Main
Yahoo,2024-08-27,fraud,Negative,-1,0.9414767622947693,Main
Yahoo,2024-08-26,Looks iike we ended in the green today Arg.  That&#39;s good isn&#39;t it!  Come on Arqit.  We are fully behind you and your great tech.  We are gunning for you.  Right Arg?,Positive,1,0.866776168346405,Main
Yahoo,2024-08-26,Looks like a bit of a battle going on at the casino today.  Up and down all day.  Who will win Arg?,Neutral,0,0.9640428423881531,Main
Yahoo,2024-08-26,PQC will be huge.  Arqit will be a part of it.  Get on board now.,Neutral,0,0.9999966621398926,Main
Yahoo,2024-08-26,I keep having my comments rejected. Even though they aren&#39;t violating the community guidelines. Strange.,Neutral,0,0.8386411666870117,Main
Yahoo,2024-08-26,This comments board is rigged.,Neutral,0,0.9997958540916443,Main
Yahoo,2024-08-26,"no news on the upcoming RS in September. It seems the management decided to accept delisting from NASDAQ. If that happens, all institutional investors will dump their shares and retail bag holders will have to carry a much heavier bag",Negative,-1,0.9981203675270081,Main
Yahoo,2024-08-25,"I think we are seeing the beginning of the new trend, as Sparkle rolls out the new unbreakable cybersecurity offering to millions of potential customers across 33 countries, I wonder what will happen to ARQQ stock?  First to market means greater market share.  A growing number of internet service providers are offering post-quantum cybersecurity to increase market share.  ARQQ makes all previous cyber-encryption obsolete (ARQQ, not arg).",Positive,1,0.998329222202301,Main
Yahoo,2024-08-24,"Arg/Nit/dave, simple question... are you short?  Ha ha ha.  Are you three in one?",Neutral,0,0.9997361302375793,Main
Yahoo,2024-08-23,Junk will never see 50 cents again,Negative,-1,0.9823243618011475,Main
Yahoo,2024-08-23,"Arg, I am sorry to say that to me you seem a bit of a number. Plaguing this forum with your negativity; refusing to engage sensibly. Then when questioned, you disappear. Your sort are a bit sad. Have a great weekend my friend.",Neutral,0,0.8037058115005493,Main
Yahoo,2024-08-23,"Dear Arg, do you want to let us know what you think of the company and whether you have shares or are short?  Thanks.  David",Neutral,0,0.9998252987861633,Main
Yahoo,2024-08-21,"Dear David, NASDAQ has already given Arqit the extension of 180 days twice!!! Do you expect them to give them another one?!! Also, please share the Arqit&#39;s response to your query. I&#39;m sure there won&#39;t be any. If they wanted to respond, they wouldn&#39;t have disabled their comments on LinkedIn like teenagers",Neutral,0,0.9999017715454102,Main
Yahoo,2024-08-20,"Absolutely no news, neither on any contracts nor on the upcoming RS. That means delisting is on deck",Neutral,0,0.9994957447052002,Main
Yahoo,2024-08-20,"Roberta Faux, Chief Field Technical Officer for Arqit Quantum was quoted in a Computer Weekly article regarding PQC standards yesterday (8/19/244).",Neutral,0,0.9999964237213135,Main
Yahoo,2024-08-19,Nice to see some buying.  Not really &#34;capitulation mode&#34; Martin.  Where are you?  You post your two worder and vanish.  Makes us think you are just a de-ramper.  Sooooooooooooooooooooooo boring.,Neutral,0,0.9985270500183105,Main
Yahoo,2024-08-16,Capitulation mode,Neutral,0,0.9999690055847168,Main
Yahoo,2024-08-16,Buying more,Neutral,0,0.9950207471847534,Main
Yahoo,2024-08-15,just google what happened to Ironnet,Neutral,0,0.8950096964836121,Main
Yahoo,2024-08-15,Anyone have any idea when ARQQ goes to the pink sheets if and when it does not trade for 1.00?,Neutral,0,0.9999943971633911,Main
Yahoo,2024-08-15,Anyone know what Arg&#39;s gripe is?  Seems hell bent on bashing Arqit.  Can&#39;t undrestand why he is here on this board if he is so negative the company?,Neutral,0,0.9883402585983276,Main
Yahoo,2024-08-14,"Intel still has over 75 % of the PC market.  Banks are moving to continue IT projects shelved in 2023 to jumpstart India&#39;s $264 billion IT industry, as Sparkle launches Arqit commercially on an international scale.  Arqit is too big to fail.",Negative,-1,0.9968875050544739,Main
Yahoo,2024-08-12,When is the earnings report?,Neutral,0,0.9999607801437378,Main
Yahoo,2024-08-08,RS in September,Neutral,0,0.9999428987503052,Main
Yahoo,2024-08-07,Stockmarket never ceases to amaze... great news release and price goes down.  Go figure.,Negative,-1,0.8309254050254822,Main
Yahoo,2024-08-07,Buy,Positive,1,0.9999991655349731,Main
Yahoo,2024-08-07,&#34;Sparkle’s NaaS successful proof of concept paves the way for commercial launch planned by the end of the year&#34;,Positive,1,0.9999997615814209,Main
Yahoo,2024-08-06,Could this market be about to heat up?  Could Arqit tech be part of the solution?  Could be huge.     &#34;US nears milestone in race to shield vital data from quantum hackingGlobal authorities speed up focus on growing threat to traditional cryptography&#34; From FT front page today.,Positive,1,0.5035273432731628,Main
Yahoo,2024-08-02,No updates on that 7 figure contract means that it did not go through. Another year of no revenue and eventually bankruptcy,Neutral,0,0.9986408352851868,Main
Yahoo,2024-08-02,I guess market reaction answers my question.  Being in bed with Intel right now is not the best advert.  Still a huge corporation but being taken over at pace by likes of Nividia.  Anyone have any insight here?,Neutral,0,0.9091726541519165,Main
Yahoo,2024-08-02,There is a lot of talk and hope put in the Intel partnership.  Rightly so IMO.  But what about the latest results from Intel and the 20% pull back on their shareprice!  Wonder if that will affect Arqit.,Neutral,0,0.5733754634857178,Main
Yahoo,2024-08-01,So so nice having that muppet Arg on mute.  An utter wally.  Probably some dumb AI for all we know.  Certainly not a very clever human if it is real.  I hope it goes away.,Neutral,0,0.6327599883079529,Main
Yahoo,2024-08-01,FACT: their revenue has been almost ZERO for the past two years. They&#39;re burning cash at a fast pace and are on the verge of bankruptcy,Negative,-1,0.9818405508995056,Main
