[
    {
        "Holder": "Altai Capital Management, L.p.",
        "Shares": "2.77M",
        "Date Reported": "Sep 30, 2024",
        "% Out": "12.93%",
        "Value": "105,235,148"
    },
    {
        "Holder": "Vanguard Group Inc",
        "Shares": "1.3M",
        "Date Reported": "Sep 30, 2024",
        "% Out": "6.08%",
        "Value": "49,523,614"
    },
    {
        "Holder": "Blackrock Inc.",
        "Shares": "1.2M",
        "Date Reported": "Sep 30, 2024",
        "% Out": "5.58%",
        "Value": "45,423,034"
    },
    {
        "Holder": "BeaconLight Capital, LLC",
        "Shares": "801.08k",
        "Date Reported": "Sep 30, 2024",
        "% Out": "3.74%",
        "Value": "30,441,192"
    },
    {
        "Holder": "Lagoda Investment Management, L.P.",
        "Shares": "588.52k",
        "Date Reported": "Sep 30, 2024",
        "% Out": "2.75%",
        "Value": "22,363,950"
    },
    {
        "Holder": "Kimelman & Baird, Llc",
        "Shares": "581.75k",
        "Date Reported": "Sep 30, 2024",
        "% Out": "2.72%",
        "Value": "22,106,690"
    },
    {
        "Holder": "Baillie Gifford and Company",
        "Shares": "580.43k",
        "Date Reported": "Sep 30, 2024",
        "% Out": "2.71%",
        "Value": "22,056,454"
    },
    {
        "Holder": "Silverberg Bernstein Capital Management LLC",
        "Shares": "459.93k",
        "Date Reported": "Sep 30, 2024",
        "% Out": "2.15%",
        "Value": "17,477,454"
    },
    {
        "Holder": "Woodson Capital Management, Lp",
        "Shares": "455.66k",
        "Date Reported": "Sep 30, 2024",
        "% Out": "2.13%",
        "Value": "17,315,232"
    },
    {
        "Holder": "State Street Corporation",
        "Shares": "378.38k",
        "Date Reported": "Sep 30, 2024",
        "% Out": "1.77%",
        "Value": "14,378,402"
    }
]