[
    {
        "Holder": "Blackrock Inc.",
        "Shares": "3.5M",
        "Date Reported": "Sep 30, 2024",
        "% Out": "12.52%",
        "Value": "474,278,098"
    },
    {
        "Holder": "Vanguard Group Inc",
        "Shares": "2.15M",
        "Date Reported": "Sep 30, 2024",
        "% Out": "7.69%",
        "Value": "291,544,185"
    },
    {
        "Holder": "MAK Capital One LLC",
        "Shares": "1.19M",
        "Date Reported": "Sep 30, 2024",
        "% Out": "4.27%",
        "Value": "161,710,335"
    },
    {
        "Holder": "Lord, Abbett & Co. LLC",
        "Shares": "1.06M",
        "Date Reported": "Sep 30, 2024",
        "% Out": "3.79%",
        "Value": "143,559,969"
    },
    {
        "Holder": "Wasatch Advisors LP",
        "Shares": "976.4k",
        "Date Reported": "Sep 30, 2024",
        "% Out": "3.49%",
        "Value": "132,380,313"
    },
    {
        "Holder": "State Street Corporation",
        "Shares": "918.82k",
        "Date Reported": "Sep 30, 2024",
        "% Out": "3.29%",
        "Value": "124,574,024"
    },
    {
        "Holder": "Artisan Partners Limited Partnership",
        "Shares": "813.08k",
        "Date Reported": "Sep 30, 2024",
        "% Out": "2.91%",
        "Value": "110,237,523"
    },
    {
        "Holder": "Fred Alger Management, LLC",
        "Shares": "801.3k",
        "Date Reported": "Sep 30, 2024",
        "% Out": "2.87%",
        "Value": "108,640,797"
    },
    {
        "Holder": "Brown Capital Management, LLC",
        "Shares": "683.66k",
        "Date Reported": "Sep 30, 2024",
        "% Out": "2.45%",
        "Value": "92,690,759"
    },
    {
        "Holder": "Geneva Capital Management LLC",
        "Shares": "675.39k",
        "Date Reported": "Sep 30, 2024",
        "% Out": "2.42%",
        "Value": "91,568,835"
    }
]