[
    {
        "Holder": "Ddd Partners, Llc",
        "Shares": "1.17M",
        "Date Reported": "Sep 30, 2024",
        "% Out": "9.52%",
        "Value": "16,275,252"
    },
    {
        "Holder": "Royce & Associates LP",
        "Shares": "1.13M",
        "Date Reported": "Sep 30, 2024",
        "% Out": "9.15%",
        "Value": "15,653,557"
    },
    {
        "Holder": "Dimensional Fund Advisors LP",
        "Shares": "919.85k",
        "Date Reported": "Sep 30, 2024",
        "% Out": "7.46%",
        "Value": "12,758,333"
    },
    {
        "Holder": "Blackrock Inc.",
        "Shares": "890.66k",
        "Date Reported": "Sep 30, 2024",
        "% Out": "7.22%",
        "Value": "12,353,481"
    },
    {
        "Holder": "Vanguard Group Inc",
        "Shares": "614.75k",
        "Date Reported": "Sep 30, 2024",
        "% Out": "4.99%",
        "Value": "8,526,554"
    },
    {
        "Holder": "Azarias Capital Management, LP",
        "Shares": "429.65k",
        "Date Reported": "Sep 30, 2024",
        "% Out": "3.48%",
        "Value": "5,959,287"
    },
    {
        "Holder": "Renaissance Technologies, LLC",
        "Shares": "398.98k",
        "Date Reported": "Sep 30, 2024",
        "% Out": "3.24%",
        "Value": "5,533,810"
    },
    {
        "Holder": "First Wilshire Securities Management Inc",
        "Shares": "380.81k",
        "Date Reported": "Sep 30, 2024",
        "% Out": "3.09%",
        "Value": "5,281,862"
    },
    {
        "Holder": "Geode Capital Management, LLC",
        "Shares": "290.61k",
        "Date Reported": "Sep 30, 2024",
        "% Out": "2.36%",
        "Value": "4,030,691"
    },
    {
        "Holder": "State Street Corporation",
        "Shares": "225.56k",
        "Date Reported": "Sep 30, 2024",
        "% Out": "1.83%",
        "Value": "3,128,558"
    }
]