Source,Date,Text,Sentiment,Score,Confidence,Type
Reddit,2024-10-09,Earnings Thread 107 1011,Neutral,0,0.9945375323295593,Main
Reddit,2024-10-09,Thank God. Without this I was losing money on just random tickers. Now I have a specific selection I can lose money on instead.,Neutral,0,0.773395836353302,Reply
Reddit,2024-10-09,FKIN WEEK TOO LATE WTF,Neutral,0,0.9999818801879883,Reply
Reddit,2024-10-09,upvote to bring back the old calendar,Neutral,0,0.9992011189460754,Reply
Reddit,2024-10-09,Are you gonna leave this one pinned or nah?,Neutral,0,0.9995098114013672,Reply
Reddit,2024-10-09,"Post this week at the end of the week, good job mods",Positive,1,0.9999744892120361,Reply
Reddit,2024-10-09,TSLA PUTS TN,Neutral,0,0.9990485310554504,Reply
Reddit,2024-10-09,"delta is going to TANK, if i was smart enough to buy puts i would",Neutral,0,0.9980781078338623,Reply
Reddit,2024-10-09,Tsla 0dte tomorrow is going to be fun !imgemotet5_2th524271,Neutral,0,0.9999891519546509,Reply
Reddit,2024-10-09,This calendar sucks !imgemotet5_2th5227421!imgemotet5_2th5227421!imgemotet5_2th5227421,Neutral,0,0.9999943971633911,Reply
Reddit,2024-10-09,Funny how I bought calls and puts out the money and both are fuckt,Neutral,0,0.9998031258583069,Reply
Reddit,2024-10-09,Graphic designer quit?,Neutral,0,0.9978321194648743,Reply
Reddit,2024-10-09,MODS woke up? Pog !imgemotet5_2th524271,Neutral,0,0.9999463558197021,Reply
Reddit,2024-10-09,Where did the economic calendar data go? I cant read this trash one with that giant ass watermark,Neutral,0,0.9999443292617798,Reply
Reddit,2024-10-09,Fuck this scam ass shit man all it does is go uo like thiers infinite fucking money bullshit ass market,Neutral,0,0.99986732006073,Reply
Reddit,2024-10-09,I was beginning to wonder it Reddit or WSB were trying to prevent degenerates from gambling options on earnings.,Negative,-1,0.6228187680244446,Reply
Reddit,2024-10-09,"Most impt this week is CPI, this calendar is not good",Negative,-1,0.9837833046913147,Reply
Reddit,2024-10-09,Jpm calls,Neutral,0,0.9996008276939392,Reply
Reddit,2024-10-09,Better late than never. Thanks OP.,Positive,1,0.9999995231628418,Reply
Reddit,2024-10-09,Ah earnings season !imgemotet5_2th524258!imgemotet5_2th524258,Neutral,0,0.9999783039093018,Reply
Reddit,2024-10-09,YOLO TSLA PUTS IDC,Neutral,0,0.9972062706947327,Reply
Reddit,2024-10-09,Shouldve kept my Tesla puts !imgemotet5_2th524271!imgemotet5_2th524271!imgemotet5_2th524271,Neutral,0,0.9998700618743896,Reply
Reddit,2024-10-09,Wow next week is azz Edit oh my bad. today was azz.,Neutral,0,0.9980952143669128,Reply
Reddit,2024-10-09,Dal missed earnings,Negative,-1,0.9999955892562866,Reply
Reddit,2024-10-09,Lmaooooo Dominos fucked over every single call And put option,Neutral,0,0.9999812841415405,Reply
Reddit,2024-10-09,Is this Tesla event real?,Neutral,0,0.9600281715393066,Reply
Reddit,2024-10-09,Pltr has been the most regarded stock the last few weeks,Positive,1,0.9296831488609314,Reply
Reddit,2024-10-09,HELEN went up 15 today lmao....,Neutral,0,0.9981385469436646,Reply
Reddit,2024-10-09,TLRY gonna pop on Europe revenue,Neutral,0,0.9998786449432373,Reply
Reddit,2024-10-09,deleted,Neutral,0,0.9962913990020752,Reply
Reddit,2024-10-09,nvda is a monster,Positive,1,0.99967360496521,Reply
Reddit,2024-10-09,Im glad I didnt get in at open lol this movement is stupid,Neutral,0,0.7677145004272461,Reply
Reddit,2024-10-09,Where did rylar and his earnings things go?,Neutral,0,0.9998912811279297,Reply
Reddit,2024-10-09,"those are loser stocks, call me when its TSMC ER",Neutral,0,0.9871945977210999,Reply
Reddit,2024-10-09,"PepsiCo just paid 1.2B for Siete, which I think means their earnings are up? I did a 177.5 call for Friday when I read that.",Neutral,0,0.9997046589851379,Reply
Reddit,2024-10-09,Why is Carnival still climbing?,Positive,1,0.9302881956100464,Reply
Reddit,2024-10-09,I had surgery this week and woke up today to see SPY pumping. What happened?,Negative,-1,0.9329652786254883,Reply
Reddit,2024-10-09,Jpm options seem kinda underpriced for earnings strangle might be good,Positive,1,0.5617976784706116,Reply
Reddit,2024-10-09,AMZN best stock in the market,Positive,1,0.9999948740005493,Reply
Reddit,2024-10-09,Can some please explain to me why the rest of Reddit sucks? This is only thread one not fueled by soy,Neutral,0,0.9989275336265564,Reply
Reddit,2024-10-09,Looking forward to tapping that AZZzzzzz,Neutral,0,0.9997184872627258,Reply
Reddit,2024-10-09,NVDAAAAA CANT BE STOPPED WHO BOUGHT PUTS SHIW YOURSELF !imgemotet5_2th524271!imgemotet5_2th524271!imgemotet5_2th524267!imgemotet5_2th524267!imgemotet5_2th524267,Neutral,0,0.9999772310256958,Reply
Reddit,2024-10-09,damn Dominos options too spensive,Neutral,0,0.9917814135551453,Reply
Reddit,2024-10-09,hallelujah,Neutral,0,0.9925405383110046,Reply
Reddit,2024-10-09,A little later than expected but I guess better late than never !imgemotet5_2th524260,Positive,1,0.999225378036499,Reply
Reddit,2024-10-09,YUURRRRR,Neutral,0,0.9908841252326965,Reply
Reddit,2024-10-09,"Wells Fargo, j p Morgan and the biggest financial contributor to a dumb and unhealthy society has earnings Friday Oh boy",Neutral,0,0.9989240765571594,Reply
Reddit,2024-10-09,WFC calls? Wells Fargo seems like a good popper. They always find a way to steal money and create accounts out of thin air. They must be doing good. No way the market can go tits up in Q4.,Neutral,0,0.5614577531814575,Reply
Reddit,2024-10-09,Dpz eps beat and revenue miss,Positive,1,0.9917852878570557,Reply
Reddit,2024-10-09,"Whos ready to sit back, crack open a CELH, and watch a squeeze?",Neutral,0,0.9999454021453857,Reply
Reddit,2024-10-09,Ima gamble on BlackRock and jp with stocks,Neutral,0,0.9999688863754272,Reply
Reddit,2024-10-09,Ummm what is this gayness?,Neutral,0,0.9973594546318054,Reply
Reddit,2024-10-09,"Im fairly confident on this one, but that is normally when I get boned ATT retesting current support, with earnings Oct 23rd. Good momo and such recently, grabbing some Nov 1st 21.5c for cheap! Edit Meant 21.5c not 31.5! Im not fully regarded",Positive,1,0.9996767044067383,Reply
Reddit,2024-10-09,We have all week to moon AMZN. Lets go boys.,Neutral,0,0.9999887943267822,Reply
Reddit,2024-10-09,Why did AMD die,Neutral,0,0.6905012130737305,Reply
Reddit,2024-10-09,Is unh a good play to swing next week for calls they have earnings want opinions THANKS,Positive,1,0.9058049321174622,Reply
Reddit,2024-10-09,China markets closed today??,Neutral,0,0.9999963045120239,Reply
Reddit,2024-10-09,"GS gonna move on JPMs earnings, calls.",Neutral,0,0.9999352693557739,Reply
Reddit,2024-10-09,Bears have brain damage,Negative,-1,0.9996551275253296,Reply
Reddit,2024-10-09,Tilray calls,Neutral,0,0.9996389150619507,Reply
Reddit,2024-10-09,Whats the play if I think Dimon is going to announce retirement?,Neutral,0,0.9999700784683228,Reply
Reddit,2024-10-09,"Dominos Pizza warns of slower Q3 sales shares fall Reading about the last earnings, yes it soldoff aggressively but what good news will there be this quarter? Will we see 400 support break now?",Negative,-1,0.6461284160614014,Reply
Reddit,2024-10-09,4 bands on DAL going up,Neutral,0,0.9999881982803345,Reply
Reddit,2024-10-09,!imgemotet5_2th5231226,Neutral,0,0.9980236291885376,Reply
Reddit,2024-10-09,Whats the move dammit,Neutral,0,0.9996170997619629,Reply
Reddit,2024-10-09,Whats this Robinhood event thats happening? What other service could they possibly be announcing?,Neutral,0,0.9995810389518738,Reply
Reddit,2024-10-09,"Love the PE on JPM and WFC, not to mention the dividend Y. Will likely take shares instead of options this week. Scared of the YoY negative growth, we shall see! gl boiz",Negative,-1,0.9999972581863403,Reply
Reddit,2024-10-09,Just bought puts on TEAM for earnings 1031. Up 22 this week. Overvalued.,Neutral,0,0.999427080154419,Reply
Reddit,2024-10-09,YINN and WW printing,Neutral,0,0.9996426105499268,Reply
Reddit,2024-10-09,!RemindMe 1 day,Neutral,0,0.9999619722366333,Reply
Reddit,2024-10-09,This market is disgusting. Go down you ugly cunt,Neutral,0,0.8731850981712341,Reply
Reddit,2024-10-09,"Friday is spicy with all the banks! Thanks for bringing back the thread, please can we have next weeks from Friday.",Neutral,0,0.9999350309371948,Reply
Reddit,2024-10-09,Who tf even uses earningswhisper? I dont think I could make a website look worse if I tried.,Neutral,0,0.8966418504714966,Reply
Reddit,2024-10-09,Kind of want to buy one corn and see what happens,Neutral,0,0.9994007349014282,Reply
Reddit,2024-10-09,Ill be checking out AZZ.,Neutral,0,0.9999707937240601,Reply
Reddit,2024-10-09,Dominos puts or call? It dropped heavy last earnings,Neutral,0,0.7775096893310547,Reply
Reddit,2024-10-09,Someone told me FAST is going to beat whats the consensus.. or is he screwed pun intended,Neutral,0,0.9733805060386658,Reply
Reddit,2024-10-09,QQQ got another leg up? We shall see,Neutral,0,0.9430187344551086,Reply
Reddit,2024-10-09,Tilray missed earnings the past 3 times I doubt that trend continues and I have no reason why its a guess,Negative,-1,0.9526016116142273,Reply
Reddit,2024-10-09,Ok so JPM calls are gonna print ? And DAL puts are gonna print. Is that what Im reading on here? IV drop is real but I guess all stonks go up after that initial sell off,Neutral,0,0.9997581839561462,Reply
Reddit,2024-10-09,removed,Neutral,0,0.5243118405342102,Reply
Reddit,2024-10-09,"From the ashes it rose , again .",Neutral,0,0.9997715353965759,Reply
Reddit,2024-10-09,Dec 2025 puts atm only have a 6ish drop priced in to break even. Might be worth it for a longer term hedge.,Neutral,0,0.9997922778129578,Reply
Reddit,2024-10-09,Where is GOOG going until earnings?,Neutral,0,0.999930739402771,Reply
Reddit,2024-10-09,UBER is pumping pre market due to robo taxis No brainer to buy the Asia beta GRAB with cheaper calls,Neutral,0,0.9879633188247681,Reply
Reddit,2024-10-09,DJT puts?,Neutral,0,0.9966937303543091,Reply
Reddit,2024-10-09,Bulish on JP Morgan. Workers moving into new HQs next year... simply put the bestlooking building built in NYC in decades. Good pe Also I think they will increase dividend.,Positive,1,0.9999988079071045,Reply
Reddit,2024-10-09,Why the SYM pump?,Neutral,0,0.9946509003639221,Reply
Reddit,2024-10-09,"Duckhorn already priced in, rest mostly red with one or two outliers",Neutral,0,0.9996800422668457,Reply
Reddit,2024-10-09,BEARZ HAVE TO BE THE DUMBEST ANIMALS ON THIS PLANET,Neutral,0,0.8760231137275696,Reply
Reddit,2024-10-09,"Finally managed to pay off all my student loans and save up a good chunk of cash. 100k to be exact. Have it all in a HYSACD and new to investing. Ive read about ETFs outperforming over the long run and was going to put like 50k into like SWPPX but was just wondering what are some better 5 year plays to make, especially so I could save up and afford real estate with the other 50k. Thank you in advance",Neutral,0,0.9340638518333435,Reply
Reddit,2024-10-09,and were green,Neutral,0,0.995130181312561,Reply
Reddit,2024-10-09,How bullish is WSB on BLK? Mfers have 10T in AUM,Positive,1,0.9846512079238892,Reply
Reddit,2024-10-09,Same,Neutral,0,0.9934406876564026,Reply
Reddit,2024-10-09,agree! wheres the old calendar.....,Neutral,0,0.999966025352478,Reply
Reddit,2024-10-09,seriously why do they keep doing this smfh,Neutral,0,0.9947623610496521,Reply
Reddit,2024-10-09,Nah !imgemotet5_2th524271,Neutral,0,0.9995613694190979,Reply
Reddit,2024-10-09,Strike?,Neutral,0,0.9579320549964905,Reply
Reddit,2024-10-09,What makes you think it will tank? Target price is around 65.,Neutral,0,0.9986864924430847,Reply
Reddit,2024-10-09,of course a bear complains,Negative,-1,0.5443202257156372,Reply
Reddit,2024-10-09,Whens cpi?,Neutral,0,0.99991774559021,Reply
Reddit,2024-10-09,Strike price and exp?,Neutral,0,0.9999314546585083,Reply
Reddit,2024-10-09,Theyre going to say lower interest rates is going to boost loans,Positive,1,0.9977492690086365,Reply
Reddit,2024-10-09,why the fuck is it going back up STOP,Neutral,0,0.9562424421310425,Reply
Reddit,2024-10-09,Dal too like wtf,Neutral,0,0.8813821077346802,Reply
Reddit,2024-10-09,My brother in Christ what is your profile picture?,Neutral,0,0.9999521970748901,Reply
Reddit,2024-10-09,They did. Lmao. Then dropped on the Europe revenue.,Neutral,0,0.8472296595573425,Reply
Reddit,2024-10-09,!imgemotet5_2th524259,Neutral,0,0.9948491454124451,Reply
Reddit,2024-10-09,So you bought calls ?,Neutral,0,0.9995902180671692,Reply
Reddit,2024-10-09,"Look at Google trends, theyve fallen off a cliff this past quarter and if look at past 90 days can see this is the first of the first Saturdays where search traffic is nowhere near the usual.",Neutral,0,0.9172672629356384,Reply
Reddit,2024-10-09,NVDA could swim in the Red Sea and still come out green UP!,Neutral,0,0.9978109002113342,Reply
Reddit,2024-10-09,Ill second those 177.5s for the 18th,Neutral,0,0.9999843835830688,Reply
Reddit,2024-10-09,better than sinking,Positive,1,0.9999997615814209,Reply
Reddit,2024-10-09,"What happened? Well Im not positive on the details, but my guess would be that you lost all your money in September and opted to sell a kidney on the black market to pay off your debts and avoid working behind a Wendys for the next 2 decades.",Negative,-1,0.9742587208747864,Reply
Reddit,2024-10-09,I just did such a,Neutral,0,0.9418476819992065,Reply
Reddit,2024-10-09,I collect so much money selling puts. Good week bulls,Neutral,0,0.9969449639320374,Reply
Reddit,2024-10-09,You know that saying when you go everywhere and it smells like shit? Then maybe youre the asshole.... That?,Neutral,0,0.9997302889823914,Reply
Reddit,2024-10-09,"use the code 5146 in the coupon area upon checkout, but make sure you have a medium 5 topping pizza and it has to be carry out, not delivery, I think its like 40 off or something... thank me later",Neutral,0,0.9999685287475586,Reply
Reddit,2024-10-09,yes thats what happens to options during an event like earnings,Neutral,0,0.9994786381721497,Reply
Reddit,2024-10-09,Playing dpz or dal ?,Neutral,0,0.9999927282333374,Reply
Reddit,2024-10-09,No way anything negative b4 election. When you guys gonna learn. This spy train cant be stopped.,Neutral,0,0.9183617234230042,Reply
Reddit,2024-10-09,So will it tank?,Neutral,0,0.999506950378418,Reply
Reddit,2024-10-09,"perfectly flat, wow. GG options buyers",Neutral,0,0.9996547698974609,Reply
Reddit,2024-10-09,Cathy woods bought a bunch of it ...she like the female version of Cramer,Neutral,0,0.9999407529830933,Reply
Reddit,2024-10-09,AMD stock tumbles after unveiling new AI chip. It might not beat NVDAs Blackwell,Negative,-1,0.9999979734420776,Reply
Reddit,2024-10-09,Its a good gamble,Positive,1,0.999997615814209,Reply
Reddit,2024-10-09,Lol.,Neutral,0,0.9947978258132935,Reply
Reddit,2024-10-09,Youre saying they will finally have good earnings report ?,Positive,1,0.9999998807907104,Reply
Reddit,2024-10-09,Dal missed earnings both eps and revenue,Negative,-1,0.9999982118606567,Reply
Reddit,2024-10-09,Hmm,Neutral,0,0.9971286654472351,Reply
Reddit,2024-10-09,bruh delta went down the last 7 earnings...,Negative,-1,0.9951889514923096,Reply
Reddit,2024-10-09,JJ next week.,Neutral,0,0.9999903440475464,Reply
Reddit,2024-10-09,They are now removing the Sell button too,Neutral,0,0.9896275997161865,Reply
Reddit,2024-10-09,You can now own and rent a Tesla robotaxi out from them,Neutral,0,0.9999395608901978,Reply
Reddit,2024-10-09,Your default time zone is set to EuropeBerlin. I will be messaging you in 1 day on 20241011 205544 CEST to remind you of this link CLICK THIS LINK to send a PM to also be reminded and to reduce spam. Parent commenter can delete this message to hide from others. Info Reminders,Neutral,0,0.9997791647911072,Reply
Reddit,2024-10-09,But those pretty colors. And the logos are all aligned,Neutral,0,0.9999929666519165,Reply
Reddit,2024-10-09,Wendys is what will happen.,Neutral,0,0.9649510383605957,Reply
Reddit,2024-10-09,my local dominos sells digiornos frozen pizza,Neutral,0,0.9999891519546509,Reply
Reddit,2024-10-09,Puts,Neutral,0,0.9752832055091858,Reply
Reddit,2024-10-09,"True... as they say, 4th times the charm. If not, then 5th.",Neutral,0,0.9999663829803467,Reply
Reddit,2024-10-09,I hit this and didnt get credit for it mods,Neutral,0,0.8812620043754578,Reply
Reddit,2024-10-09,169,Neutral,0,0.9766800403594971,Reply
Reddit,2024-10-09,"short super far OTM calls, puts are too expensive imho BUT if you are going to play them, definitely play longer puts. this dumb ass piece of shit can rally for way longer then your put expiries",Neutral,0,0.7506836652755737,Reply
Reddit,2024-10-09,!imgemotet5_2th524640,Neutral,0,0.9992085099220276,Reply
Reddit,2024-10-09,I would like also to know that...,Neutral,0,0.6552084684371948,Reply
Reddit,2024-10-09,Green by close,Neutral,0,0.9999703168869019,Reply
Reddit,2024-10-09,NVDA. YOLO into that and youre good.,Positive,1,0.999883770942688,Reply
Reddit,2024-10-09,Buy 0dte spy puts,Positive,1,0.999971866607666,Reply
Reddit,2024-10-09,Join the pot my friend,Neutral,0,0.9980656504631042,Reply
Reddit,2024-10-09,The kid who used to do it is now not the mod anymore,Neutral,0,0.9990541338920593,Reply
Reddit,2024-10-09,Im poor so 220 and 215,Neutral,0,0.9998922348022461,Reply
Reddit,2024-10-09,"i think they are going to talk about the losses from crowdstrike, there has to be some loss from all the refundsrental carshotels they had to purchase, and if they dont get that out of the way now its just going to hurt later. plus this is a short tank, i think 10 years this stock will be just fine",Negative,-1,0.9999397993087769,Reply
Reddit,2024-10-09,The rates arent going to be cut as much as previously thought,Neutral,0,0.8928310871124268,Reply
Reddit,2024-10-09,I have no clue maybe from the anticipation of a strong 4th quarter ahead,Neutral,0,0.9008060097694397,Reply
Reddit,2024-10-09,Have patience young one inshallah it will topple,Neutral,0,0.9993641972541809,Reply
Reddit,2024-10-09,If you cant handle my drip just say so bud,Neutral,0,0.9984795451164246,Reply
Reddit,2024-10-09,Looking like the black wheres waldo,Neutral,0,0.9995813965797424,Reply
Reddit,2024-10-09,"I loaded up a nice chunk of 370p this week, ill let you know how theyre lookin tomorrow AM",Neutral,0,0.9999289512634277,Reply
Reddit,2024-10-09,"Brother thats not a good argument, perhaps you can say their ordering site has seen less traffic and numbers of order",Negative,-1,0.6869727969169617,Reply
Reddit,2024-10-09,"True, I was really hoping it would pull back to the 1617 one more time.",Neutral,0,0.9435576796531677,Reply
Reddit,2024-10-09,Well at least my asshole is oneway,Neutral,0,0.9999908208847046,Reply
Reddit,2024-10-09,he said options not their food lmfao,Neutral,0,0.9998794794082642,Reply
Reddit,2024-10-09,wat ernigns do to pizza ?,Neutral,0,0.998076319694519,Reply
Reddit,2024-10-09,"I hope so . Will have to wait for the earnings calls an hour is left almost , USA and international same store sales where also a miss so inflation does have a effect on consumer spending I believe so it will but again in todays market you never know",Negative,-1,0.9996461868286133,Reply
Reddit,2024-10-09,Its going up again god damn it,Neutral,0,0.9989843964576721,Reply
Reddit,2024-10-09,Cramer is the female version of cramer,Neutral,0,0.9999809265136719,Reply
Reddit,2024-10-09,Few nov25 and jan calls low risk play.,Neutral,0,0.500119686126709,Reply
Reddit,2024-10-09,"Thats not a good indicator, that said Im absolutely fking cooked if DAL falls",Neutral,0,0.9928376078605652,Reply
Reddit,2024-10-09,"Ya I think Im cooked, someone was pointing out how much revenue was lost because of crowdstrike but I believe Im letting it ride",Negative,-1,0.7245154976844788,Reply
Reddit,2024-10-09,How about JPM CALLS?,Neutral,0,0.9997853636741638,Reply
Reddit,2024-10-09,As if I dont already have a shift there tomorrow morning,Neutral,0,0.9998200535774231,Reply
Reddit,2024-10-09,Hell you even be 5th or 6th,Neutral,0,0.999968409538269,Reply
Reddit,2024-10-09,Shouldnt have closed my position fml,Neutral,0,0.9998914003372192,Reply
Reddit,2024-10-09,AMD has an AI event coming up as well. Will probably run after that.,Neutral,0,0.999992847442627,Reply
Reddit,2024-10-09,Cant tell if youre being sarcastic though lol,Neutral,0,0.997811496257782,Reply
Reddit,2024-10-09,Bring that kid back as mod,Neutral,0,0.9932149648666382,Reply
Reddit,2024-10-09,oh no! any new nominees? T___T the person has been doing a great job though....,Positive,1,0.9097352027893066,Reply
Reddit,2024-10-09,had a feeling something like this happened we should all zelle that kid a buck for his service over the years,Neutral,0,0.9960624575614929,Reply
Reddit,2024-10-09,I wondered the same thing considering the crowdstrike issue. Just seems so sketchy.,Negative,-1,0.9601172804832458,Reply
Reddit,2024-10-09,So why didnt you buy puts then kind sir,Neutral,0,0.9978006482124329,Reply
Reddit,2024-10-09,God damn it youre probably right,Neutral,0,0.9997156262397766,Reply
Reddit,2024-10-09,I hope my 54 calls fry your words. Lmao,Neutral,0,0.9998699426651001,Reply
Reddit,2024-10-09,Theyre trying to bait people in before they rug pull,Neutral,0,0.9999169111251831,Reply
Reddit,2024-10-09,Theyre up at the moment,Neutral,0,0.9999749660491943,Reply
Reddit,2024-10-09,"Im buying puts, their last earnings report for this quarter probably going to be worse than they predicted",Negative,-1,0.9999995231628418,Reply
Reddit,2024-10-09,"All the shit coming out of your mouth, eh?",Neutral,0,0.9999653100967407,Reply
Reddit,2024-10-09,Ya the food options,Neutral,0,0.9998699426651001,Reply
Reddit,2024-10-09,Ill boost this. Lmfao,Neutral,0,0.8994753360748291,Reply
Reddit,2024-10-09,fuck,Neutral,0,0.9961081147193909,Reply
Reddit,2024-10-09,!imgemotet5_2th524271,Neutral,0,0.9996556043624878,Reply
Reddit,2024-10-09,"Oh boy, I have SYM position opened at 35. Im currently 23.",Neutral,0,0.9999746084213257,Reply
Reddit,2024-10-09,Sweet thank you guys,Positive,1,0.8025917410850525,Reply
Reddit,2024-10-09,This is one of those carrot and stick situations,Neutral,0,0.9996880292892456,Reply
Reddit,2024-10-09,Refer to top post of how Im stupid,Neutral,0,0.9986624717712402,Reply
Reddit,2024-10-09,I hope so too man!,Neutral,0,0.5827909708023071,Reply
Reddit,2024-10-09,What are you insinuating? Well as long as it tanks its fine by me their dirty tactics is my guilty pleasure,Neutral,0,0.7585461735725403,Reply
Reddit,2024-10-09,Could also be shorts covering,Neutral,0,0.9971267580986023,Reply
Reddit,2024-10-09,Buying is have bought ? Becasue earning is pre market,Neutral,0,0.9998952150344849,Reply
Reddit,2024-10-09,Your mother was a Lizard,Neutral,0,0.9970843195915222,Reply
Reddit,2024-10-09,Whats up ?,Neutral,0,0.9921802282333374,Reply
Reddit,2024-10-09,Can you expand more on the carrot and sticks,Neutral,0,0.9987170696258545,Reply
Reddit,2024-10-09,I mean you couldve still bought market was open then . You can easily sell the option youre not comfortable with and switch it out with one youre more interested in,Neutral,0,0.9975196719169617,Reply
Reddit,2024-10-09,Guess what brother,Neutral,0,0.997880220413208,Reply
Reddit,2024-10-09,Same,Neutral,0,0.9934406876564026,Reply
Reddit,2024-10-09,"Yep, didnt have time to buy double diagonal, order wasnt filled so just have put debt spread 390385, institutions taking big positions though seeing how its jumped but also selling considering how it dumped again from 422. I think I should buy shares to offset if it rips",Neutral,0,0.9951203465461731,Reply
Reddit,2024-10-09,"CPI is up, and not DAL",Neutral,0,0.9982033967971802,Reply
Reddit,2024-10-09,They make you think its an Easy win then they tear you from butthole to gooch,Positive,1,0.5652199387550354,Reply
Reddit,2024-10-09,i still have tomorrow to figure it out lol,Neutral,0,0.9983921647071838,Reply
Reddit,2024-10-09,Well dal is up brother 51,Neutral,0,0.9992269277572632,Reply
Reddit,2024-10-09,Still dont see the carrot and stick reference,Neutral,0,0.991523027420044,Reply
Reddit,2024-10-09,But the earning is pre market sir,Neutral,0,0.999823272228241,Reply
Reddit,2024-10-09,Eh itll be down today. Premkt volumes dont mean much on a day like today,Neutral,0,0.5001305341720581,Reply
Reddit,2024-10-09,Again Im very stupid,Positive,1,0.9524199366569519,Reply
Reddit,2024-10-09,Hmm dpz is up too I hope it dumps because I bought a put,Neutral,0,0.9678401350975037,Reply
Reddit,2024-10-09,It should the print doesnt look good,Positive,1,0.968956470489502,Reply
Reddit,2024-10-09,Well dpz was a sad story lets hope for dal to do something oh men I hate earnings,Negative,-1,0.9689908623695374,Reply
Yahoo,2024-10-11,Semi sales were at $40 million plus in good years. Last year they were at around $20 million. CC indicated the semi&#39;s customers expect their best year ever in 25. So like I said it was an OK quarter with the prospects for an outstanding year upcoming from their semi business and great prospects in GES and PMT markets. It will be a $20 stock sometime in 25 IMO.,Positive,1,1.0,Main
Yahoo,2024-10-10,Less than stellar performance. Once again anyone who thinks RELL performance was even &#34;ok&#34; is setting a really low bar.Note - Inventory levels - when do the writeoffs happen? Have they taken reserves?Management is a misnomer...,Negative,-1,0.9999792575836182,Main
Yahoo,2024-10-10,"Glad to hear about the global repowering and Europe.  My understanding is that Europe is much more focused on drastic reduction in fossil fuel use.  Here, we have the one party in power that was supposed to deliver major reductions.  Instead we extract and export more than ever, and this All Of Above, has meant more and more climate change for the big picture/world.   With the threat of more pragmatic delay and deceit from Democrats the all out Burn Baby Burn/replacing Drill Baby Drill from the other party, all means Europe will have to carry the faster transition to Green Energy until our two parties are refunded or Ameicans can demand a refocus as Democrats once promised.   Mention this with hope RELL partners with a company like Emeron Group that is making tremendous progress in Europe and even France where regulatory market is demanding but Emeron is opening up the market there too.",Negative,-1,0.8127041459083557,Main
Yahoo,2024-10-09,An OK quarter announced. I think the forward looking prospects for their semiconductor business might be the key in tomorrow&#39;s conference call. If they begin to approach the sales of fiscal 23 in their semi business I think we will see new 52 week highs in RELL.,Positive,1,0.9999911785125732,Main
Yahoo,2024-10-08,Earnings tomorrow and conference call Thursday morning. Unfortunately RELL still doesn&#39;t look like they unloaded their Health Care Division and thus it most likely had to face additional losses from that division in the quarter. Hoping for the best thinking the worst.,Negative,-1,0.9999885559082031,Main
