[
    {
        "Holder": "FMR, LLC",
        "Shares": "5.3M",
        "Date Reported": "Sep 30, 2024",
        "% Out": "14.86%",
        "Value": "64,802,144"
    },
    {
        "Holder": "Blackrock Inc.",
        "Shares": "3.36M",
        "Date Reported": "Sep 30, 2024",
        "% Out": "9.42%",
        "Value": "41,089,581"
    },
    {
        "Holder": "Vanguard Group Inc",
        "Shares": "2.9M",
        "Date Reported": "Sep 30, 2024",
        "% Out": "8.13%",
        "Value": "35,472,404"
    },
    {
        "Holder": "Shaw D.E. & Co., Inc.",
        "Shares": "1.58M",
        "Date Reported": "Sep 30, 2024",
        "% Out": "4.43%",
        "Value": "19,307,182"
    },
    {
        "Holder": "Dimensional Fund Advisors LP",
        "Shares": "1.28M",
        "Date Reported": "Sep 30, 2024",
        "% Out": "3.59%",
        "Value": "15,669,320"
    },
    {
        "Holder": "Goldman Sachs Group Inc",
        "Shares": "1.14M",
        "Date Reported": "Sep 30, 2024",
        "% Out": "3.21%",
        "Value": "14,000,671"
    },
    {
        "Holder": "Morgan Stanley",
        "Shares": "1.14M",
        "Date Reported": "Sep 30, 2024",
        "% Out": "3.21%",
        "Value": "13,993,320"
    },
    {
        "Holder": "Hotchkis & Wiley Capital Management, LLC",
        "Shares": "1.12M",
        "Date Reported": "Sep 30, 2024",
        "% Out": "3.15%",
        "Value": "13,743,584"
    },
    {
        "Holder": "Federated Hermes, Inc.",
        "Shares": "967.21k",
        "Date Reported": "Sep 30, 2024",
        "% Out": "2.71%",
        "Value": "11,829,014"
    },
    {
        "Holder": "Millennium Management Llc",
        "Shares": "908.64k",
        "Date Reported": "Sep 30, 2024",
        "% Out": "2.55%",
        "Value": "11,112,630"
    }
]