[
    {
        "Holder": "Vanguard Group Inc",
        "Shares": "23.63M",
        "Date Reported": "Sep 30, 2024",
        "% Out": "7.01%",
        "Value": "565,909,322"
    },
    {
        "Holder": "Blackrock Inc.",
        "Shares": "23.28M",
        "Date Reported": "Sep 30, 2024",
        "% Out": "6.91%",
        "Value": "557,459,978"
    },
    {
        "Holder": "State Street Corporation",
        "Shares": "7.2M",
        "Date Reported": "Sep 30, 2024",
        "% Out": "2.14%",
        "Value": "172,378,070"
    },
    {
        "Holder": "Geode Capital Management, LLC",
        "Shares": "7.19M",
        "Date Reported": "Sep 30, 2024",
        "% Out": "2.13%",
        "Value": "172,286,701"
    },
    {
        "Holder": "Morgan Stanley",
        "Shares": "3.01M",
        "Date Reported": "Sep 30, 2024",
        "% Out": "0.89%",
        "Value": "72,096,423"
    },
    {
        "Holder": "Mirae Asset Global Etfs Holdings Ltd.",
        "Shares": "2.71M",
        "Date Reported": "Sep 30, 2024",
        "% Out": "0.80%",
        "Value": "64,919,135"
    },
    {
        "Holder": "Northern Trust Corporation",
        "Shares": "2.64M",
        "Date Reported": "Sep 30, 2024",
        "% Out": "0.78%",
        "Value": "63,272,620"
    },
    {
        "Holder": "Charles Schwab Investment Management, Inc.",
        "Shares": "2.58M",
        "Date Reported": "Sep 30, 2024",
        "% Out": "0.77%",
        "Value": "61,843,835"
    },
    {
        "Holder": "Nvidia Corp",
        "Shares": "1.73M",
        "Date Reported": "Sep 30, 2024",
        "% Out": "0.51%",
        "Value": "41,454,649"
    },
    {
        "Holder": "Barclays Plc",
        "Shares": "1.72M",
        "Date Reported": "Sep 30, 2024",
        "% Out": "0.51%",
        "Value": "41,209,449"
    }
]