[
    {
        "Holder": "Naspers Ltd.",
        "Shares": "37.34M",
        "Date Reported": "Sep 30, 2024",
        "% Out": "18.85%",
        "Value": "851,391,757"
    },
    {
        "Holder": "Vanguard Group Inc",
        "Shares": "14.27M",
        "Date Reported": "Sep 30, 2024",
        "% Out": "7.21%",
        "Value": "325,376,372"
    },
    {
        "Holder": "Cadian Capital Management, LP",
        "Shares": "12.6M",
        "Date Reported": "Sep 30, 2024",
        "% Out": "6.36%",
        "Value": "287,310,223"
    },
    {
        "Holder": "Blackrock Inc.",
        "Shares": "11.28M",
        "Date Reported": "Sep 30, 2024",
        "% Out": "5.70%",
        "Value": "257,271,246"
    },
    {
        "Holder": "Baillie Gifford and Company",
        "Shares": "9.23M",
        "Date Reported": "Sep 30, 2024",
        "% Out": "4.66%",
        "Value": "210,551,882"
    },
    {
        "Holder": "Generation Investment Management LLP",
        "Shares": "7.69M",
        "Date Reported": "Sep 30, 2024",
        "% Out": "3.88%",
        "Value": "175,384,890"
    },
    {
        "Holder": "JP Morgan Chase & Company",
        "Shares": "6.12M",
        "Date Reported": "Jun 30, 2024",
        "% Out": "3.09%",
        "Value": "139,621,358"
    },
    {
        "Holder": "Morgan Stanley",
        "Shares": "4.45M",
        "Date Reported": "Sep 30, 2024",
        "% Out": "2.25%",
        "Value": "101,400,944"
    },
    {
        "Holder": "Massachusetts Financial Services Co.",
        "Shares": "3.66M",
        "Date Reported": "Sep 30, 2024",
        "% Out": "1.85%",
        "Value": "83,400,664"
    },
    {
        "Holder": "ArrowMark Colorado Holdings LLC",
        "Shares": "3.55M",
        "Date Reported": "Sep 30, 2024",
        "% Out": "1.79%",
        "Value": "81,014,393"
    }
]