[
    {
        "Holder": "Vanguard Group Inc",
        "Shares": "15.94M",
        "Date Reported": "Sep 30, 2024",
        "% Out": "10.31%",
        "Value": "1,545,877,893"
    },
    {
        "Holder": "Blackrock Inc.",
        "Shares": "14.91M",
        "Date Reported": "Sep 30, 2024",
        "% Out": "9.64%",
        "Value": "1,446,496,122"
    },
    {
        "Holder": "Invesco Ltd.",
        "Shares": "11.44M",
        "Date Reported": "Sep 30, 2024",
        "% Out": "7.39%",
        "Value": "1,109,233,481"
    },
    {
        "Holder": "Dodge & Cox Inc",
        "Shares": "10.64M",
        "Date Reported": "Sep 30, 2024",
        "% Out": "6.88%",
        "Value": "1,031,912,861"
    },
    {
        "Holder": "FMR, LLC",
        "Shares": "7.08M",
        "Date Reported": "Sep 30, 2024",
        "% Out": "4.58%",
        "Value": "686,740,201"
    },
    {
        "Holder": "Wellington Management Group, LLP",
        "Shares": "5.25M",
        "Date Reported": "Sep 30, 2024",
        "% Out": "3.40%",
        "Value": "509,326,679"
    },
    {
        "Holder": "State Street Corporation",
        "Shares": "4.36M",
        "Date Reported": "Sep 30, 2024",
        "% Out": "2.82%",
        "Value": "422,808,788"
    },
    {
        "Holder": "Dimensional Fund Advisors LP",
        "Shares": "3.13M",
        "Date Reported": "Sep 30, 2024",
        "% Out": "2.02%",
        "Value": "303,228,559"
    },
    {
        "Holder": "Duquesne Family Office Llc",
        "Shares": "2.98M",
        "Date Reported": "Sep 30, 2024",
        "% Out": "1.93%",
        "Value": "288,887,618"
    },
    {
        "Holder": "PointState Capital LP",
        "Shares": "2.95M",
        "Date Reported": "Sep 30, 2024",
        "% Out": "1.91%",
        "Value": "286,040,476"
    }
]