Source,Date,Text,Sentiment,Score,Confidence,Type
Reddit,2024-08-15,These are the stocks on my watchlist 815,Neutral,0,0.9997749924659729,Main
Reddit,2024-08-15,"Holy ASTS hit 30, insane growth in the past few hours",Negative,-1,0.9523413181304932,Reply
Reddit,2024-08-15,"I found ASTS through one of your watchlists in late may, wish I would have stuck with it",Neutral,0,0.8857951760292053,Reply
Reddit,2024-08-15,Opinions on Googl after the monopoly split bid?,Neutral,0,0.9992783665657043,Reply
Reddit,2024-08-15,"I keep mentioning SHOP. Take a look, now up 16 percent in the past month",Positive,1,0.8526756167411804,Reply
Reddit,2024-08-15,"and how could I forget NKE with Ackmans Pershing Square takes stake of roughly 3M shares, still long.",Neutral,0,0.9988486766815186,Reply
Reddit,2024-08-15,"Will you have more analysis for 816? Thank you as well, very insightful.",Neutral,0,0.9810000658035278,Reply
Reddit,2024-08-15,Great call on ASTS. Have any thoughts on any good entry. Im hoping for a little cool down and maybe exploring around 25,Neutral,0,0.9938983917236328,Reply
Reddit,2024-08-15,"I dont know whats in Burrys mind, but I would not mimic his China trade. I have seen a lot of good chinese companies doing well in business but performs horribly in the stock market. Most of my chinese friends have their retirement savings in SP500 funds nowadays. Burrys gonna have a hard time finding bag holders.",Positive,1,0.9794156551361084,Reply
Reddit,2024-08-15,Thank you for your posts! I am new to all of this and really look forward to what you are thinking. So thank you,Positive,1,0.5278692245483398,Reply
Reddit,2024-08-15,Did you recommend ASTS back in May?,Neutral,0,0.9878138303756714,Reply
Reddit,2024-08-15,"Im late to the party but want to ask your opinion on BMY 1 Upcomming September PDUFA for KarXT xanomelinetrospium likely to be approved. One of the most anticipated new drugs to market this year. Do you an approval is priced in already, given the positive phase 3 clinical trial data? 2 If no to 1, what would be your projected price target on approval? 3 Any other specific thoughts on BMY?",Neutral,0,0.9901700615882874,Reply
Reddit,2024-08-15,WMT up 6 sheittttttt,Neutral,0,0.9973536729812622,Reply
Reddit,2024-08-15,"Yeah, Im surprised that its reacting THIS well to earnings all eyes on the satellite launch now.",Negative,-1,0.9987591505050659,Reply
Reddit,2024-08-15,"Still reading into it, hope to have a hopefully informed opinion by end of this week",Neutral,0,0.9949936270713806,Reply
Reddit,2024-08-15,Also curious,Negative,-1,0.9406151175498962,Reply
Reddit,2024-08-15,Yes,Neutral,0,0.9989727735519409,Reply
Reddit,2024-08-15,"Not at this moment, no, sorry!",Neutral,0,0.9885846972465515,Reply
Reddit,2024-08-15,Yeah Im not a big believer in Chinese stocks either overall since the public perception of the Chinese markets are closer to casinos. Maybe he knows something we dont.,Neutral,0,0.9687900543212891,Reply
Reddit,2024-08-15,"Thank you for reading through them, I appreciate your kind words",Neutral,0,0.9163491129875183,Reply
Reddit,2024-08-15,"I NEVER recommend stocks to buyshort. I only state what Im watching, my bias for that stock for the day if I have any and my position if I have one in the stock I mention.",Neutral,0,0.9992928504943848,Reply
Reddit,2024-08-15,"Not a biotech analyst so I cant say anything of worth, sorry.",Neutral,0,0.9306085705757141,Reply
Reddit,2024-08-15,US consumerism remains undefeated!!,Negative,-1,0.99993896484375,Reply
Reddit,2024-08-15,!gifemotefree_emotes_packmoney_face,Neutral,0,0.9996962547302246,Reply
Reddit,2024-08-15,"Yeah thats what I mean. Were you watching this stock back in May, if yes thats very impressive as it was really cheap back in May.",Positive,1,0.9994538426399231,Reply
Reddit,2024-08-15,No problem at all! I dont think I read your bullet close enough. Were you saying to watch Pharma stocks because of upcoming Medicare drug price negotiation?,Negative,-1,0.5162102580070496,Reply
Reddit,2024-08-15,"I just checked, yeah I first posted about it on 529. Crazy how far its gone since then!",Neutral,0,0.9995637536048889,Reply
Reddit,2024-08-15,"Yep, but I cant really say with any degree of accuracy whether a certain drug will succeed or not that kind of knowledge takes multiple fields of domain expertise that I dont have",Neutral,0,0.9978153705596924,Reply
Yahoo,2024-10-30,any news on coherent selling their calif property in santa clara?,Neutral,0,0.9953147172927856,Main
Yahoo,2024-10-30,"GLW&#39;s CEO of 20 years just on CNBC stating about the T deal, upcoming products and needs.He brought up an interesting upcoming fiber use connecting data centers that may be spread out due to energy needs.Anyways all good news.  So much so that I&#39;m removing my sliding stop order.Perhaps an expert here can tell us how GLW and COHR&#39;s products interrelate and any additional potential for COHR.",Neutral,0,0.9661386609077454,Main
Yahoo,2024-10-29,moving towards fair value $120...,Neutral,0,0.9999943971633911,Main
Yahoo,2024-10-29,"GLW excellent ER today!Stock up 8% at 10AMSounds like it may point to some of the products that COHR has for chips, the cloud, etc. as they say data center demand for fiber optic cables to support video, etc.",Positive,1,0.9998852014541626,Main
Yahoo,2024-10-28,"Another attempt to post a link fails. Please search lawmakers china photonics for interesting article by Nellis.I would appreciate informed comments about how COHR might be impacted, particularly the implications for IP theft.",Neutral,0,0.9984779953956604,Main
Yahoo,2024-10-24,We’re up 86% in the past six months. Not surprising to see recent sideways movement until earnings.  Data center sales will drive the results.  I want to see an update on 800G sales and 1.6T progress.,Positive,1,0.566858172416687,Main
Yahoo,2024-10-23,Insider Monkey article today linked here at yahoo where COHR is number 9.,Neutral,0,0.9999669790267944,Main
Yahoo,2024-10-23,Just move to $TBLA. Its a way better choice,Positive,1,0.9671566486358643,Main
Yahoo,2024-10-18,I am going to watch that debt load that is being carried.  One bad deal and we can be headed for deep trouble.,Neutral,0,0.9081801176071167,Main
Yahoo,2024-10-18,"Pretty decent volume on this pullback today.
Looks like consolidation for awhile. Probably retrace back to the 90 area unless there&#39;s a catalyst to move it higher like earnings or another positi8move in the sector.",Negative,-1,0.9998183846473694,Main
Yahoo,2024-10-18,On nvda mb this morning someone said nvda signed up a competitor to cohrThey didn&#39;t say for which product Before I&#39;m I left I couldn&#39;t find the news,Neutral,0,0.9999241828918457,Main
Yahoo,2024-10-18,What happened?,Negative,-1,0.9320834875106812,Main
Yahoo,2024-10-18,Peoole who missed the boat trying to downgrade haha,Neutral,0,0.5916704535484314,Main
Yahoo,2024-10-18,I really question whether Chinese base infrastructure would ever be a competitor...luck,Negative,-1,0.7409136295318604,Main
Yahoo,2024-10-18,Profit taking at the hundy,Neutral,0,0.9914617538452148,Main
Yahoo,2024-10-15,Why the drop,Negative,-1,0.5005276203155518,Main
Yahoo,2024-10-15,going towards fair value $120 soon,Neutral,0,0.9999829530715942,Main
Yahoo,2024-10-14,So it seems Coherent is poaching all the management from Lattice.Already got their CEO and CFO what next?,Neutral,0,0.9991975426673889,Main
Yahoo,2024-10-11,For all the long timers here including Finisar holders don&#39;t forget how volatile this stock is.  Nothing wrong with selling a little at the all time high.   Really has now outperformed LITE but has been a long time coming.  Here&#39;s to patience!,Positive,1,0.9991648197174072,Main
Yahoo,2024-10-11,"Couldn&#39;t resist selling a Jan/27 (covered) $140 call for $23.2 today, when the stock was $103. At or above $140 this provides, at worst, a 27%/yr profit. Earlier, when the stock was at $88 I sold a Jan/27 $85 put for $21.5. Just experimenting with options to earn a bit of change.",Neutral,0,0.9941660165786743,Main
Yahoo,2024-10-11,Only mistake I did around 50 was not buy more,Neutral,0,0.8372626900672913,Main
Yahoo,2024-10-11,"Looks like Jim poached the new CFO from Lattice...&#34;Ms. Luther joins Coherent from Lattice Semiconductor (“Lattice”), where she was Chief Financial Officer since 2019. Before Lattice, Ms. Luther spent 16 years at Coherent, Inc., prior to its acquisition, including as Corporate Vice President of Finance.&#34;",Neutral,0,0.9999914169311523,Main
Yahoo,2024-10-11,Officially hit an all-time high today.,Positive,1,0.7022145986557007,Main
Yahoo,2024-10-11,Jimbo is bringing his team in. Stock is rising!,Neutral,0,0.9798681139945984,Main
Yahoo,2024-10-11,+3,Neutral,0,0.9620263576507568,Main
Yahoo,2024-10-11,new CFO. +$2 :),Neutral,0,0.9980138540267944,Main
Yahoo,2024-10-11,$100 today?,Neutral,0,0.9999555349349976,Main
Yahoo,2024-10-09,Stock glitched today and this went down CRAZY for a minute and bounced right on back though,Negative,-1,0.9999017715454102,Main
Yahoo,2024-10-09,BUY NOW QUICK BEFORE IT GETS EVEN MORE EXPENSIVE WILL MAKE YOU RICH,Neutral,0,0.966030478477478,Main
Yahoo,2024-10-09,fair value $120. Still have 20% gain.,Neutral,0,0.942762017250061,Main
Yahoo,2024-10-09,$100 by EOW!!!  If the market behaves 🙄😂,Neutral,0,0.9999678134918213,Main
Yahoo,2024-10-06,Coherent Corp. (COHR) Upgraded to Positive by Susquehanna with $120 Price Target; 800G Transceivers Drive 50% EPS Growth Amid AI Surge.,Positive,1,1.0,Main
Yahoo,2024-10-04,"Bank of America analyst Vivek Arya recently raised the price target on the stock to $108 from $90 and kept a Buy rating on the shares. The advisory saw a path towards about $6 in calendar year 2026 pro-forma EPS for Coherent Corp. (NYSE:COHR), which it noted was 50% and 33%, respectively, above current consensus and the forecast of $4.50 and $4.10.",Positive,1,1.0,Main
Yahoo,2024-10-04,"What the heck?  Way up earlier, then drifted down $4.  At least we hit a new 52-week high.",Neutral,0,0.8794417381286621,Main
Yahoo,2024-10-04,LFG,Neutral,0,0.9989967942237854,Main
Yahoo,2024-10-04,With futures up on the pause to the extortionist union strike we could see a new high on Friday.   The trend is up.,Neutral,0,0.7026628851890564,Main
Yahoo,2024-10-03,go to $100,Neutral,0,0.9995530247688293,Main
Yahoo,2024-10-03,Who would&#39;ve thought??luck,Neutral,0,0.9930011034011841,Main
Yahoo,2024-09-27,Does anyone know how much money was the UK plant sold for?,Neutral,0,0.9910866618156433,Main
Yahoo,2024-09-27,I thought the sale of the UK factory would have been good news.  Seems like this new CEO has a plan.,Positive,1,0.9997103810310364,Main
Yahoo,2024-09-27,new high today again :),Neutral,0,0.8823832869529724,Main
Yahoo,2024-09-27,Welcome back! You&#39;ve got my VI,Neutral,0,0.6792809963226318,Main
Yahoo,2024-09-26,Unable to post on another MB so trying here.,Neutral,0,0.892477810382843,Main
Yahoo,2024-09-26,Today&#39;s chart looks exactly like the NAZ.,Neutral,0,0.9999984502792358,Main
Yahoo,2024-09-26,Clearly under serious accumulation lately.I&#39;m guessing Drunkenmiller started this bonanza.pushing 95 already today,Neutral,0,0.9286819696426392,Main
Yahoo,2024-09-26,Thursday will see new high again :),Neutral,0,0.8844718933105469,Main
Yahoo,2024-09-25,Another new 52 week high today in a weak market.  A year ago today you could have bought for $31.,Neutral,0,0.9696964025497437,Main
Yahoo,2024-09-25,"Hello here. Just bought a small position. Will buy more, when I have more money. Had to sell part of a favorite stock (sixt). I think, in 10 years this will be much higher than now, but no clue about next months.",Positive,1,0.7452137470245361,Main
Yahoo,2024-09-24,Just getting started.  Just keep adding to this long term winner.,Neutral,0,0.9970111846923828,Main
Yahoo,2024-09-24,Laz what do you think? Tempting to unload and lock in some gains. I’ve ridden this stock well into the black and way deep into the red over a lot of years,Neutral,0,0.971591591835022,Main
Yahoo,2024-09-24,new high today again :),Neutral,0,0.8823832869529724,Main
Yahoo,2024-09-22,next week new high 90+ :),Neutral,0,0.9999881982803345,Main
Yahoo,2024-09-20,fair value $118,Neutral,0,0.999921441078186,Main
Yahoo,2024-09-20,I was wrong...all time high was $100.44 .,Neutral,0,0.9156926274299622,Main
Yahoo,2024-09-19,Fantastic. Just keep to this gem.,Neutral,0,0.7002710700035095,Main
Yahoo,2024-09-19,Didn&#39;t see this being up 10% day after 1st rate cut in years.Happy though.,Neutral,0,0.9288861155509949,Main
Yahoo,2024-09-19,"There seems to be an ongoing battle between silicon photonics components for processing Terabit data rates vs all-InP processing, the latter procedure being argued by COHR. I have zero understanding of what&#39;s going on, but it&#39;s clearly important to understanding the extent of COHR&#39;s future role (and stock price) in this area.",Neutral,0,0.9998732805252075,Main
Yahoo,2024-09-19,New all-time high.  Yes!!,Neutral,0,0.9990878105163574,Main
Yahoo,2024-09-19,going to see $100 soon,Neutral,0,0.9999222755432129,Main
Yahoo,2024-09-19,new high today :),Neutral,0,0.9807774424552917,Main
Yahoo,2024-09-18,Hit a new 52-week high and almost an all-time high today.  Woot!!!,Neutral,0,0.999164342880249,Main
Yahoo,2024-09-18,Lower rates are very good for COHR.,Positive,1,1.0,Main
Yahoo,2024-09-18,A real sleeper stock. Shhhhh don’t let the word out.,Neutral,0,0.9996563196182251,Main
Yahoo,2024-09-18,"Investors are bullish on SDRC, recognizing its strong fundamentals and growth potential.",Positive,1,1.0,Main
Yahoo,2024-09-18,Did someone hear the fed is going with 50pts?,Neutral,0,0.9988376498222351,Main
Yahoo,2024-09-14,We be flyin!!!,Neutral,0,0.9997685551643372,Main
Yahoo,2024-09-07,Today was cruel down 5.72 to 68.54 in a down market 2-3%.Luckily I have more into PLTR common and calls/leaps and after close they are being added to S&amp;P500 so it&#39;s up 7% AH.,Neutral,0,0.9978460073471069,Main
Yahoo,2024-09-05,Marvell (MRVL) came up on my screen. Never knew it existed but apparently it&#39;s big in electro-optical devices imbedded in ultra high-speed data transmission. I think it doesn&#39;t compete in the laser aspect though. Check out MRVL&#39;s statistics and compare to COHR. Remarkably similar in cash and debt and price!,Neutral,0,0.9999949932098389,Main
Yahoo,2024-09-03,"Poof. Earnings bump gone.
Tricks are for kids.",Negative,-1,0.5634343028068542,Main
Yahoo,2024-09-03,Buying time again!,Neutral,0,0.9974454641342163,Main
Yahoo,2024-09-01,"Dosn&#39;t ultra-high-speed data transmission via optical fibers have good growth potential independent of &#34;The AI Revolution&#34;? I&#39;m a bit skeptical of it, having not invested in NVDA, etc.",Positive,1,1.0,Main
Yahoo,2024-08-29,Is this thing going to sleep for the next two months?,Neutral,0,0.9877122044563293,Main
Yahoo,2024-08-28,"Tomorrow could be a buying day early, be ready. NVDA is taking a hit.",Neutral,0,0.9991199374198914,Main
Yahoo,2024-08-28,News!,Neutral,0,0.9973222613334656,Main
Yahoo,2024-08-27,Big upside year over year. Earnings expected to grow 95% per year. I want to see what it does after Nvidia earnings but it’s a goodie for the next 12 months.,Positive,1,1.0,Main
Yahoo,2024-08-27,Ticking time bomb,Neutral,0,0.8902407884597778,Main
Yahoo,2024-08-27,You see this article today about Stan Drunkenmillers&#39; latest buys?  COHR is listed second and they actually have some good info about COHR.I&#39;ll reply to this and try to post the link.  Since it&#39;s legit and to yahoo is likely won&#39;t work.,Neutral,0,0.7961441874504089,Main
Yahoo,2024-08-24,I think this will ride nvda earnings and then level a day or two after. Cross the next bridge after depending on what rate cut has in store in Sept. Too early for a sell off.,Neutral,0,0.995695948600769,Main
Yahoo,2024-08-24,He’s a loser,Negative,-1,0.9972423315048218,Main
Yahoo,2024-08-24,Tooooooo Cheeeeeeeee,Neutral,0,0.9976856708526611,Main
Yahoo,2024-08-24,Tooooooo Cheeee,Neutral,0,0.9948904514312744,Main
Yahoo,2024-08-23,"Have been holding since 2020, just sold it all. I think we have a fair price for now. Will add again at around $60",Neutral,0,0.999908447265625,Main
Yahoo,2024-08-21,Can we squeeze out $80 by EOD?,Neutral,0,0.9996119141578674,Main
Yahoo,2024-08-21,Closed up 1.09 at 78.55 or 1.49% yesterday in a slightly down market especially high beta stocks.PM doesn&#39;t mean a whole lot especially on thinly traded stocks like COHR but at 8:30 up another 1.02 to 79.57 up another 1.30%,Neutral,0,0.9985371828079224,Main
Yahoo,2024-08-19,Simply WallStreet projects a 95.4% earnings growth per year. Bullish!,Positive,1,0.6938162446022034,Main
Yahoo,2024-08-17,Awesome move the past 10 days.  $80 coming up again.,Neutral,0,0.951047956943512,Main
Yahoo,2024-08-16,Investors like the new CEO. Profit margins will improve and debt will decrease.,Positive,1,1.0,Main
Yahoo,2024-08-15,"What did the Jeffersons say? Well, we&#39;re moving on up. 🙂",Neutral,0,0.9954099059104919,Main
Yahoo,2024-08-15,Margin margin margin!!!  Where’s Mary Jane!?,Neutral,0,0.9995651841163635,Main
Yahoo,2024-08-15,I believe it&#39;s a good ER specially with margin improvement of near 4.5%. The guidance seems to be in range and not a killer but we need to hear more during the CC. The AH reaction is not impressive so far.,Positive,1,0.9931352138519287,Main
Yahoo,2024-08-15,"lite killed it.
these guys, not so much.",Neutral,0,0.9878590703010559,Main
Yahoo,2024-08-15,Awesome Q4 results. Q1 looks as good or better.,Positive,1,0.9999998807907104,Main
Yahoo,2024-08-15,ER out and guidance in expected range.  Down a bit AH.  Any comments anyone?,Negative,-1,0.9806843400001526,Main
Yahoo,2024-08-15,PM (9:10) 71.50 up 4.51 or 6.7%,Neutral,0,0.9998868703842163,Main
Yahoo,2024-08-14,what happened after hour? 3 dollar up.,Neutral,0,0.5861780047416687,Main
Yahoo,2024-08-13,"BofA price target $75. “The most important driver will be Coherent’s datacom transceiver business (40% of sales), which will be levered to high-speed Ethernet connections between servers and switches in data centers, as per the analyst.”",Neutral,0,0.9988534450531006,Main
Yahoo,2024-08-12,BofA upgrade to Buyluck,Positive,1,0.999935507774353,Main
Yahoo,2024-08-08,Lumen had serious investment and was up 50% yesterday.Today we are up to 62.62 5.42 9.5% at 1:40PM on no news.,Neutral,0,0.9977832436561584,Main
Yahoo,2024-08-06,Lumen,Neutral,0,0.9980804920196533,Main
Yahoo,2024-08-05,Lumen just secured 5 Billion and is in negotiations for an additional 7 Billion on top of that in AI related network expansion business. Up 60% after hours.,Neutral,0,0.999984860420227,Main
Yahoo,2024-08-02,The volatility in the market and tech stocks is crazy right now.  Hard to believe we were just over $80.,Negative,-1,0.9923526644706726,Main
Yahoo,2024-08-02,Thursday bad day for Conf call.,Neutral,0,0.9999589920043945,Main
Yahoo,2024-08-01,Going up again tomorrow.  $75?,Neutral,0,0.9996637105941772,Main
