Source,Date,Text,Sentiment,Score,Confidence,Type
Yahoo,2024-10-30,Looks like the new CTO for U has a great track record!,Positive,1,1.0,Main
Yahoo,2024-10-30,Snap popped after hours too.  U has partnership with them so atleast there is some positives there.,Positive,1,0.9999815225601196,Main
Yahoo,2024-10-30,Good outlook from EA today.  U is ready to pop,Positive,1,0.9999877214431763,Main
Yahoo,2024-10-29,"How is this only an $8.5B company when Epic Games is valued well over $32B? $U owns the mobile development space, isn&#39;t hemorrhaging cash on a failed app store, and has a path to profitability. Blows my mind that the scare from short term bad press eliminated $8B in value.",Negative,-1,0.9998145699501038,Main
Yahoo,2024-10-28,"Good info guys - Thanks - This is a good spot here, but still significant downside if earnings disappoint- but if they good, then Benjo time -",Positive,1,0.9997547268867493,Main
Yahoo,2024-10-28,News coming imo,Neutral,0,0.9994534850120544,Main
Yahoo,2024-10-28,actually no new insider sales in 40 days.   This is good news!,Positive,1,0.9999948740005493,Main
Yahoo,2024-10-28,New filing shows BlackRock up to 21.5m shares from 16.4 in June.  No new insider sales in 3 weeks.,Neutral,0,0.9618479609489441,Main
Yahoo,2024-10-28,I want to Join all the people below that has no LIFE. WHY is this STOCK going down???????  I will back later to write this again.  I get stock information from YAHOO PEOPLE,Neutral,0,0.9996782541275024,Main
Yahoo,2024-10-25,13 days to earnings all 13 - 13 - 13,Neutral,0,0.9999911785125732,Main
Yahoo,2024-10-25,Adobe or Applovin? Which one better suitor?,Positive,1,0.6721780300140381,Main
Yahoo,2024-10-25,Loaded up,Neutral,0,0.9995517134666443,Main
Yahoo,2024-10-25,BUYING!! Great opportunity right here,Positive,1,0.9999966621398926,Main
Yahoo,2024-10-25,Go in heavy for the buyout?,Neutral,0,0.9995644688606262,Main
Yahoo,2024-10-25,Trash. Declining for the last 3 years. about to sell it for good,Neutral,0,0.8762766122817993,Main
Yahoo,2024-10-25,whys it dropping so much?  any news?,Negative,-1,0.7108981609344482,Main
Yahoo,2024-10-25,What&#39;s the deal,Neutral,0,0.9998819828033447,Main
Yahoo,2024-10-25,This is some sick joke,Neutral,0,0.99644535779953,Main
Yahoo,2024-10-25,What a sell off with no news. Wow,Negative,-1,0.661730170249939,Main
Yahoo,2024-10-25,it drops more than 15% in 5 trading sessions. Sick.,Neutral,0,0.9255633354187012,Main
Yahoo,2024-10-25,Setting up for buyout imo,Neutral,0,0.9995050430297852,Main
Yahoo,2024-10-25,I&#39;m in 💎Great opportunity 🔜💰💰💰💰💰,Positive,1,0.9999983310699463,Main
Yahoo,2024-10-25,"Since Sept 20, I received 8 emails from the unity team with the engagement with game development and techniques to take advantage of functionalities from unity 6.I suspect the fact that it is trading so low is John R and the Team did so much damage structurally prior being forced to resign.Currently looking at the U quote on the daily basis just nothing but painful.For the shareholders, there is nothing can be done at the moment other than to just wait it out.SP is too low to sell unless one want to take advantage of the year end tax loss selling.",Negative,-1,0.9869306087493896,Main
Yahoo,2024-10-25,This is the only red in my portfolio today. Sighs,Neutral,0,0.9988756775856018,Main
Yahoo,2024-10-25,Buyout coming?,Neutral,0,0.9995235204696655,Main
Yahoo,2024-10-25,cannot believe this garbage continue dropping like a falling knife.,Negative,-1,0.9563997387886047,Main
Yahoo,2024-10-25,Earnings leak.  Numbers probably terrible.,Negative,-1,0.9999899864196777,Main
Yahoo,2024-10-25,this garbage seems to drop to a new lower level every 30 mins.,Neutral,0,0.993070662021637,Main
Yahoo,2024-10-25,Someone is causing this price pressure to drop it below $20. Let’s hope it doesn’t break below $20 today and whoever’s shorting to stop.,Negative,-1,0.9264721870422363,Main
Yahoo,2024-10-25,sickening to watch this stock in bull market,Negative,-1,0.9171456098556519,Main
Yahoo,2024-10-25,What does management do with zero news!,Neutral,0,0.9802407026290894,Main
Yahoo,2024-10-25,"Sadly without any news it appears that even if the market goes up U will probably drop back to $18 before earnings.   

At least insiders stopped selling almost 3 weeks ago.",Negative,-1,0.9986132383346558,Main
Yahoo,2024-10-24,I hope this won&#39;t go to the red zone again today.  Garbage.,Neutral,0,0.9991239905357361,Main
Yahoo,2024-10-23,Uptrend is pretty much all gone at this rate of dropping..,Neutral,0,0.997946560382843,Main
Yahoo,2024-10-23,I thought Unity 6 release was supposed to help this stock.  So frustrating.,Negative,-1,0.9999837875366211,Main
Yahoo,2024-10-23,Dumping non stop pathetic,Neutral,0,0.807044267654419,Main
Yahoo,2024-10-23,Assuming there will be zero new news until earnings announcement.  Sure be nice to have a surprise partnership announced.  Applovin new price target from opco is 180.  amazing!,Neutral,0,0.9976638555526733,Main
Yahoo,2024-10-22,Why is this stock falling so much? With the unity 6 release and all?,Neutral,0,0.8038129210472107,Main
Yahoo,2024-10-21,WTH?  why does it keep dropping like a falling knife?  any bad news for U?,Neutral,0,0.6710799932479858,Main
Yahoo,2024-10-21,"Jeffery has a piece out today claiming U will continues to underperform in 2025 and applovin will continue to shine for years to come.

Will see how this will play out.  It is understandable of the opinions considering how U messed up the last 2 years.

U will have to earn it back, nothing is free.",Negative,-1,0.525394856929779,Main
Yahoo,2024-10-21,Baby stuff,Neutral,0,0.9972543120384216,Main
Yahoo,2024-10-18,Can we do it?  Close above $22?,Neutral,0,0.9993653893470764,Main
Yahoo,2024-10-18,Entirety of yesterday&#39;s dump recovered this morning. Relax.,Neutral,0,0.9997867941856384,Main
Yahoo,2024-10-17,from 8 AM to 2 PM PT. They can also hear from other developers already using Unity 6 here and here,Neutral,0,0.9999785423278809,Main
Yahoo,2024-10-17,They are testing 6 not done yet,Neutral,0,0.9964529275894165,Main
Yahoo,2024-10-17,Whats with this drop now?,Neutral,0,0.9836829304695129,Main
Yahoo,2024-10-17,Sell the news but we&#39;ll recover by opex.,Positive,1,0.6350367665290833,Main
Yahoo,2024-10-17,Former CEO John Riccitiello effect…. Developers sentiment is still negative..,Negative,-1,0.9999885559082031,Main
Yahoo,2024-10-17,Unity 6 is out check the website. But zero new or PR&#39;s surrounding it. They need to talk about how to help developers monetize their games on mobile with ads etc...... This is why Applovin won the race!,Neutral,0,0.9994564652442932,Main
Yahoo,2024-10-17,what happened,Negative,-1,0.9320834875106812,Main
Yahoo,2024-10-17,Oh gosh !  Did they mistakenly name it Unity 666 ?  OMG !,Neutral,0,0.9988681077957153,Main
Yahoo,2024-10-17,10/17/2024 ? Good News yet,Positive,1,0.9999996423721313,Main
Yahoo,2024-10-16,Tomorrow supposed to be Unity 6 launch date.   Hoping for some extra news with that announcement!,Neutral,0,0.9989007711410522,Main
Yahoo,2024-10-16,Buy all you can to,Positive,1,0.9811088442802429,Main
Yahoo,2024-10-16,Gasoline ⛽️ Ally,Neutral,0,0.9791227579116821,Main
Yahoo,2024-10-16,Who’s ready?  LFG,Neutral,0,0.9998388290405273,Main
Yahoo,2024-10-15,( u) 2025 up minimum $31.46 guys all chart above $18.60 we are waiting to the 🌕,Neutral,0,0.99988853931427,Main
Yahoo,2024-10-14,Need buyout this weeeeeeek,Neutral,0,0.969554603099823,Main
Yahoo,2024-10-11,Be patient.   Chart looking great and if Unity 6 can help increase in-gaming ad revenues to share with the developer community we are about to explode!!!,Positive,1,0.9999315738677979,Main
Yahoo,2024-10-11,I am not sure if this was pump and dump but it&#39;s been frustrating for me that it does it things everyday.,Negative,-1,0.9984662532806396,Main
Yahoo,2024-10-11,It has been almost a month since any insider sales filings.   This is also really good news!,Positive,1,1.0,Main
Yahoo,2024-10-11,"Pre announcement warning is off the table.   Here we go!!!

Now need a deal w Netflix or Disney or Sony and $45",Neutral,0,0.9998745918273926,Main
Yahoo,2024-10-10,U results will take this stock to 40$$$,Neutral,0,0.9978076815605164,Main
Yahoo,2024-10-10,Unity 6 release globally on October 17th!,Neutral,0,0.9999973773956299,Main
Yahoo,2024-10-10,News should be coming next week.... breakout is coming!,Neutral,0,0.9999995231628418,Main
Yahoo,2024-10-09,Same pattern every day.,Neutral,0,0.9999922513961792,Main
Yahoo,2024-10-09,She wants to but just can’t break through.   Need some news.,Neutral,0,0.9998235106468201,Main
Yahoo,2024-10-09,When will U do a deal with a large distribution or platform company?  I am sure the new CEO has to be working on something big.,Neutral,0,0.9996711015701294,Main
Yahoo,2024-10-09,Cramer bashes U last night on mad money.    Haha what a set up!,Neutral,0,0.9992419481277466,Main
Yahoo,2024-10-07,Don’t let the shorts take your shares. Easy 2x in a few months,Neutral,0,0.978457510471344,Main
Yahoo,2024-10-04,A steal for major software companies looking for talent. Maybe ADBE? Target $45,Neutral,0,0.8441502451896667,Main
Yahoo,2024-10-04,Baby stuff b4 earnings at this juncture- but I know nothing.,Neutral,0,0.8908969163894653,Main
Yahoo,2024-10-03,I think we bottom. All about options exp,Neutral,0,0.999941349029541,Main
Yahoo,2024-10-03,At these levels I’m surprised no buyout yet,Neutral,0,0.9930490255355835,Main
Yahoo,2024-10-03,Nobody listens to me,Neutral,0,0.9987949132919312,Main
Yahoo,2024-10-03,Worst investment in 2024 Garbage stock indeed,Negative,-1,0.9999991655349731,Main
Yahoo,2024-10-03,"every time I look, the price goes down more and more.🤢🤮",Negative,-1,0.7663275003433228,Main
Yahoo,2024-10-03,"Here is what&#39;s at risk with taxes on us Investors in November&#39;s election:Kamala Harris and Biden together stated last winter that they would liketo tax long-term capital gains as &#34;ordinary income&#34;. So, a U investorin a 24% tax bracket selling his stock would be taxed $2,400 instead of$1,500 for his $10,000 capital gain.But Harris/Biden also don&#39;t like Trump&#39;s 2017 tax cuts, so letting themexpire next year would turn a 24% marginal tax bracket into a 28% taxbracket and the stock sale would be taxed $2,800. That would almostDOUBLE it! Mr. Trump likes the LT gain tax right where it is at 15%.Harris/Biden have also stated that the top corporate tax rate (the one thataffects U the most) should be increased from 21% currently to 28%, anincrease of 33% on this company that would certainly hurt it&#39;s performanceand stock price.Mr. Trump wants to reduce the corporate rate from 21% to 15%. Like the LTgain tax proposals, Harris wants the rate almost DOUBLE what Mr. Trumpwants it to be.Harris also wants to tax un-realized gains for higher income investors. All othertax increases listed above impact ALL investors.Kamala Harris has always been anti-business/anti-investor. Her presidencywould be bad for the market and bad for U. It&#39;s not investors like us whowould be electing her. It&#39;s people like Taylor Swift fans who have no ideawhat Harris has in mind to do to us.And it&#39;s not like Harris wants people to know. She absolutely refuses to doa news conference.",Neutral,0,0.9988905787467957,Main
Yahoo,2024-10-03,"Oh no, did it close on the day low?",Neutral,0,0.9993360638618469,Main
Yahoo,2024-10-02,Primed to go up 🚀🚀. Nasdaq green tomorrow will help a lot.,Neutral,0,0.9605904817581177,Main
Yahoo,2024-10-02,This company didn’t make money in 2023 and early part of 2024 when economy was strong why think they will make money now as economy starting to weaken,Negative,-1,0.7440482974052429,Main
Yahoo,2024-10-02,does anyone know why this drops so much two days in a row?,Neutral,0,0.5744369029998779,Main
Yahoo,2024-10-02,The delusion meter is going up again. You know what that means,Neutral,0,0.9840081930160522,Main
Yahoo,2024-10-02,Back to 40 soon,Neutral,0,0.9996898174285889,Main
Yahoo,2024-10-02,"Humm, what have I missed ?  Axe Capital shorting?  But with 5 ppl on the message board, it may be getting close to buy back some -",Neutral,0,0.9935142993927002,Main
Yahoo,2024-10-01,This next financial release will cause this stock to explode. The cost cutting measures and fiscal tightening up by the new CEO will send this stock stellar!.... This is going to be very interesting come November. Buy and hold!,Positive,1,0.9999963045120239,Main
Yahoo,2024-09-30,"+40% return for the quarter, need another 40+% for fourth quarter!  Why not!",Neutral,0,0.9834268093109131,Main
Yahoo,2024-09-30,"C&#39;mon, let stay above $23 for today session.",Neutral,0,0.9999929666519165,Main
Yahoo,2024-09-28,"with all its ai tools, it will get back to its ipo price.",Neutral,0,0.9998486042022705,Main
Yahoo,2024-09-27,Bumped its head at $23 again!!,Neutral,0,0.9995218515396118,Main
Yahoo,2024-09-27,hope it&#39;ll stay above $23 for today session.,Neutral,0,0.9999232292175293,Main
Yahoo,2024-09-27,I hold unity at cost average of 18 with 20k shares. Long U,Neutral,0,0.9999916553497314,Main
Yahoo,2024-09-27,"once unity break 24, we would be in the range between 25-40. likely see 30 before Q3 earning. Mark my words, see you in end of October, if you hold, you will be rewarded",Neutral,0,0.9999780654907227,Main
Yahoo,2024-09-27,Next quarter result is very important . Any miss will bring back to 17,Neutral,0,0.7450105547904968,Main
Yahoo,2024-09-26,Options signalling buyout post election.,Neutral,0,0.9815562963485718,Main
Yahoo,2024-09-26,"Short-term chart looks a lot like a pennant to me. If U closes above $23 at tomorrow&#39;s options expiration, I think we have a strong move ahead into earnings. 🤞 Good luck to all of my long compatriots!",Positive,1,1.0,Main
Yahoo,2024-09-26,Just happened again.   Hit its head af $23,Neutral,0,0.9777913689613342,Main
Yahoo,2024-09-26,Welcome new baggies,Neutral,0,0.9624292254447937,Main
Yahoo,2024-09-25,Neither a high growth company nor making any profit,Neutral,0,0.9930500984191895,Main
Yahoo,2024-09-25,"There are 4 ways that Kamala Harris wants to raise your taxes on your investments:She wants to tax long term capital gains and qualified dividends as &#34;ordinary income&#34;.So, if you sell your U stock for a $10,000 LT capital gain and you&#39;re in the 24% marginaltax bracket for your regular income, you would pay $2,400 for the gain instead of $1,500 (15%).She wants the tax reductions from 2017 to expire. That means for most people in the 24%bracket now, they would be in a 28% bracket if that happens, and your $2,400 tax on your gainwould be $2,800.She wants qualified, c-corp dividends taxed as ordinary income and she wants pass-through companies like REITs to pay corporate taxes.She wants the 21% top corporate tax rate on corporations (the one that affects U) to jumpto 28%, a 33% increase penalty on the wherewithal of U to make money for us. Mr. Trump wants the top corporate rate to be reduced to 15% so that companies can invest and grow.Most of us investors know that capital investment is the fuel that makes America&#39;s free-enterprisesystem capable of making the country prosperous. Amazingly, most Americans surveyed say theyprefer &#34;socialism&#34; over &#34;capitalism&#34;. Those American&#39;s are Taylor Swift-loving 20-something Harris supporters who know NOTHING about the role of investments like ours in providing capital to thecompanies that drive GDP, provide jobs, and make our country a land of opportunity.",Neutral,0,0.9998774528503418,Main
Yahoo,2024-09-25,"Few days back, Director sold 250,000 U-shares at $20.43 - $20.68 worth approximately $5.1 mln. scary share.",Neutral,0,0.9999953508377075,Main
Yahoo,2024-09-25,"$U has -11.8 P/E. Burning money.


$RIVN has only -1.99 with much larger market cap. Fundamentals look stronger here. Look into this stock for the long run.",Positive,1,0.9999897480010986,Main
Yahoo,2024-09-25,Meta horizon OS -Unity 6 ready and up to 90 % lower build times,Neutral,0,0.9959957599639893,Main
Yahoo,2024-09-25,"No biggie. Simply was rejected from passing through the 200 DMA, and today is a down market. It will retest and go higher soon. Patience!! If you believe in U then average in. JMHO",Negative,-1,0.6635295152664185,Main
Yahoo,2024-09-25,"Some guys need to put on their big-boy pants, and stop to recognize that we are right back where we were about 48 hours ago. With U, a little intestinal fortitude comes in handy. It&#39;s a volatile stock, in case you haven&#39;t noticed.",Neutral,0,0.5031755566596985,Main
Yahoo,2024-09-25,META killed it,Neutral,0,0.9728895425796509,Main
Yahoo,2024-09-25,"this is a painful, toxic, stock to hold",Negative,-1,0.9996223449707031,Main
Yahoo,2024-09-25,Manipulation,Neutral,0,0.9759724140167236,Main
Yahoo,2024-09-25,Why!,Positive,1,0.9226377010345459,Main
Yahoo,2024-09-25,Any news on this? what happened?,Neutral,0,0.7273572087287903,Main
Yahoo,2024-09-25,Delusion runs high here,Neutral,0,0.5044745206832886,Main
Yahoo,2024-09-25,I have a feeling this will be green or it will go much higher in the end of the week. Just my gut feeling and it is not based on anything.,Neutral,0,0.9575602412223816,Main
Yahoo,2024-09-25,Meta event starts today.   Any chance they mention Unity in gaming ad or VR glasses partnership?,Neutral,0,0.9999815225601196,Main
Yahoo,2024-09-25,next 27$,Neutral,0,0.9998540878295898,Main
Yahoo,2024-09-25,"I have 10k to invest for 6 months? which one is better Unity, or Uipath? or any other companies for short term time frame.",Neutral,0,0.9999717473983765,Main
Yahoo,2024-09-24,"Sorry I must have forgotten about the part where Unity is suddenly making mad money. It&#39;s ok, sometimes this stock has some very irrational periods, followed by a well-deserved (but still not enough it seems) correction to where it should be.",Positive,1,0.5567807555198669,Main
Yahoo,2024-09-24,"Funny, I bought it at $130 and $13.
Where will it go next?",Neutral,0,0.9999843835830688,Main
Yahoo,2024-09-24,Maybe Cathie is buying today.....hmmm,Neutral,0,0.9999179840087891,Main
Yahoo,2024-09-24,S-T-R-O-N-G!,Positive,1,1.0,Main
Yahoo,2024-09-24,"Oh, this run feels good 👍 My cost basis now is back in garden variety correction territory. It&#39;s like Lazarus waking up from the grave.",Neutral,0,0.8777984380722046,Main
Yahoo,2024-09-24,not too far from MA200 $24.45,Neutral,0,0.9983586668968201,Main
Yahoo,2024-09-24,those 16s were cherry buys 🍻,Neutral,0,0.9999569654464722,Main
Yahoo,2024-09-24,"🌙🌹🚀🚀 After years of missteps, Unity is now doing the right things. The company has downsized its workforce and its cost structure. It&#39;s refocusing on improving its core technology and its advertising capabilities, and it&#39;s rebuilding relationships with developers.

The global mobile advertising market is worth $150 billion, and Unity has the potential to be a major player if it can get its act together. Outside of gaming, Unity is having some success winning customers across various industries building 3D tools and experiences. It&#39;s hard to pin down the exact size of Unity&#39;s total addressable market, but it&#39;s safe to say that it&#39;s much bigger than the $1.685 billion in strategic portfolio revenue the company expects to generate this year.

Unity stock isn&#39;t for the faint of heart. The company appears to be on the right path, but turnarounds take time. If Bromberg can deliver on his goals, Unity stock could be in for an epic recovery.",Positive,1,0.9981029033660889,Main
Yahoo,2024-09-24,"seems unity is going to test 200 MA, if break that, maybe 30 soon",Neutral,0,0.9999619722366333,Main
Yahoo,2024-09-23,This stock is up nearly 50% since closing bell the day of earnings (after the bell) - and just 17 ppl on the message board - oh man - but I know nothing -,Neutral,0,0.9630798101425171,Main
Yahoo,2024-09-23,"The end of next week, we will se unity trade at $26",Neutral,0,0.9999954700469971,Main
Yahoo,2024-09-23,I hope it&#39;ll stay above 21 for today session.,Neutral,0,0.9999550580978394,Main
Yahoo,2024-09-23,"Hey, without at least one thumbs up, I will have to go - Of course I know nothing about the stocks, but I like this board.",Neutral,0,0.9537134766578674,Main
Yahoo,2024-09-23,"I want to provide a brief update on Unity - which I know nothing about - Here is my update - 
This stock wants to go up -",Neutral,0,0.9999632835388184,Main
Yahoo,2024-09-21,"Hi, I tried posting on other boards - but one can go broke doing that, here the $$$ is excellent -",Positive,1,0.9999997615814209,Main
Yahoo,2024-09-20,Please - nobody say “cha cha cha cha cha”,Neutral,0,0.9941998720169067,Main
Yahoo,2024-09-20,Whenever ( spy) hit $584/$591 everyone scale out haft positions plz 🙏,Neutral,0,0.9998401403427124,Main
Yahoo,2024-09-20,$23/$26 coming guys holding strong be happy 🌙🌙,Positive,1,0.9999991655349731,Main
Yahoo,2024-09-20,"that Unity 6, the most stable and performant version of Unity, will launch globally on October 17, 2024 🚀🚀😄",Neutral,0,0.9986065030097961,Main
Yahoo,2024-09-20,how&#39;s unite 2024 going? any good news?,Neutral,0,0.6863946914672852,Main
Yahoo,2024-09-19,Why is the rate cuts not helping this?,Negative,-1,0.829917848110199,Main
Yahoo,2024-09-19,"Sorry - been busy today - Humm, let me analyze, okay finished - This stock wants to go up -",Neutral,0,0.9989377856254578,Main
Yahoo,2024-09-19,AppLovin has a 41B market cap and will have sales of about 4B this year. U has an 8B market cap with sales of over 2B. With interest rates on the decline there is much more upside for U.,Positive,1,0.9999997615814209,Main
Yahoo,2024-09-19,( u) will 🚀 $23/53/$24.24,Neutral,0,0.9997349381446838,Main
Yahoo,2024-09-19,"Serious statement- but first let me state, I don’t know anything about this market - However, when I look at a real company that has been purchased with conviction from a tenured market expert that has recently gone up 50% since it’s most recent earnings report and there are just 10 - 20 people on its message board, I have to say to myself “too much passive investing” -",Neutral,0,0.9994828701019287,Main
Yahoo,2024-09-19,Unity6 is the same t rd with a new packaging,Neutral,0,0.9999945163726807,Main
Yahoo,2024-09-19,"unity6 showcase going on right now, but western gaming really needs to get rid of sweet baby inc and all the insane woke devs to really grow and thrive again, otherwise more and more concord will happen.",Positive,1,0.996057391166687,Main
Yahoo,2024-09-19,"Listen Up - Even though I don’t know the stocks, I do know the 1979 disco song performed by American R&amp;B duo McFadden &amp; Whitehead, from their debut album McFadden &amp; Whitehead. They wrote and produced the song along with keyboard player Jerry Cohen.

“Ain’t no stopping us now”

That is Unity -",Neutral,0,0.9995239973068237,Main
Yahoo,2024-09-18,"I don’t know the stocks, but I’m starting to think we need to be worried about weak hands",Negative,-1,0.9999465942382812,Main
Yahoo,2024-09-18,this makes me feel like it&#39;s better with don&#39;t cut rates.,Positive,1,0.9996507167816162,Main
Yahoo,2024-09-18,don&#39;t get it,Neutral,0,0.9976141452789307,Main
Yahoo,2024-09-18,can U be green in the EOD?,Neutral,0,0.9999558925628662,Main
Yahoo,2024-09-18,Anyone figured out how to watch the Unite presentations online?,Neutral,0,0.9999740123748779,Main
Yahoo,2024-09-18,"Powell looking older / worried, likely cuts 50bps, signaling economic stress - kids stay home vs vacation in Hawaii and play games, U climbs higher -",Positive,1,0.9982176423072815,Main
Yahoo,2024-09-18,Break 21,Neutral,0,0.996535062789917,Main
Yahoo,2024-09-18,Let’s go Unite,Neutral,0,0.9998304843902588,Main
Yahoo,2024-09-17,"Here is where we stand with tax policy:Kamala Harris and Biden together stated last winter that they would liketo tax long-term capital gains as &#34;ordinary income&#34;. So, an U investorin a 24% tax bracket selling his stock would be taxed $2,400 instead of$1,500 for his $10,000 capital gain.But Harris/Biden also don&#39;t like Trump&#39;s 2017 tax cuts, so letting themexpire next year would turn a 24% marginal tax bracket into a 28% taxbracket and the stock sale would be taxed $2,800. That would almostDOUBLE it! Mr. Trump likes the LT gain tax right where it is at 15%.Harris/Biden have also stated that the top corporate tax rate (the one thataffects U the most) should be increased from 21% currently to 28%, anincrease of 33% on this company that would certainly hurt it&#39;s performanceand stock price.Mr. Trump wants to reduce the corporate rate from 21% to 15%. Like the LTgain tax proposals, Harris wants the rate almost DOUBLE what Mr. Trumpwants it to be.Harris also wants to tax un-realized gains for higher income investors.Kamala Harris has always been anti-business/anti-investor. Her presidencywould be bad for the market and bad for U. It&#39;s not investors like us whowould be electing her. It&#39;s people like Taylor Swift fans who have no ideawhat Harris has in mind to do to us.And it&#39;s not like Harris wants people to know. She absolutely refuses to doa news conference.",Neutral,0,0.9993947744369507,Main
Yahoo,2024-09-17,what just happened?,Negative,-1,0.8095094561576843,Main
Yahoo,2024-09-17,what a joke!  why?,Neutral,0,0.98515784740448,Main
Yahoo,2024-09-17,Middle term $25,Neutral,0,0.9999756813049316,Main
Yahoo,2024-09-17,Shorterm $31,Neutral,0,0.9994094371795654,Main
Yahoo,2024-09-17,will unity 6 release on Unite 2024?,Neutral,0,0.9999868869781494,Main
Yahoo,2024-09-17,Who’s ready for the Unite conference to start tomorrow am?   Two days of updates.   I think that’s going to be the catalyst for the next leg!,Positive,1,0.999639630317688,Main
Yahoo,2024-09-17,Applovin target raised to 145 at UBS today.,Neutral,0,0.8490005135536194,Main
Yahoo,2024-09-17,"SOS to my brothers and sisters here, please help - I do not know the stocks - I do know Greek mythology - Is it too early to invoke Icarus ? U is up over 40% post the earnings - Wax seems fine, so fly higher we must ?",Positive,1,0.8916648626327515,Main
Yahoo,2024-09-17,"Think back, 1967 - A song written by Jimmy Webb and recorded by US soul-pop act the 5th Dimension “Up Up and Away” - That is U - Up up and away - beautiful",Neutral,0,0.9999699592590332,Main
Yahoo,2024-09-16,Can someone explain why this certainly is falling like a falling knife at this last minutes?  I will certainly appreciate your insights,Neutral,0,0.65533047914505,Main
Yahoo,2024-09-16,"are you kidding me?  It drops like a falling knife, why at the last minutes?  Com&#39;on.",Neutral,0,0.9987506866455078,Main
Yahoo,2024-09-16,"I don’t know the stocks, but I do know about breaking things - This past weekend, I broke a vase 🏺 and my wife got mad…..Today, Unity broke $20 and some people are fine with it -",Neutral,0,0.9902001023292542,Main
Yahoo,2024-09-16,WOW!  Volume is up over 50% today.  Who&#39;s buying?  Cathie?,Neutral,0,0.9856593608856201,Main
Yahoo,2024-09-16,"can&#39;t stop, won&#39;t stop",Neutral,0,0.9994844198226929,Main
Yahoo,2024-09-16,U will break $30 before year end,Neutral,0,0.9999580383300781,Main
Yahoo,2024-09-16,27$ normal price for U,Neutral,0,0.9999946355819702,Main
Yahoo,2024-09-16,Wedbush increases price target from 21 to 27,Positive,1,0.9999754428863525,Main
Yahoo,2024-09-16,"I do not even understand the stocks, but in 1982 something stuck with me - from An Officer and a Gentleman - 
“The road is long
There are mountains in our way
But we climb a step every day” = U",Neutral,0,0.999869704246521,Main
Yahoo,2024-09-16,Who’s ready for Unite 2024 in Barcelona this week?,Neutral,0,0.999994158744812,Main
Yahoo,2024-09-15,Meta Connect is in 10 days. Will U break $40 until then?,Neutral,0,0.9996969699859619,Main
Yahoo,2024-09-15,There is someone on this board called Benjo -  Benjo knows the market stock - Be knows things - I don’t -,Neutral,0,0.9998753070831299,Main
Yahoo,2024-09-13,"Unity board is basically people that can rationalize anything, especially unwarranted stock pops... And me",Neutral,0,0.9992127418518066,Main
Yahoo,2024-09-13,"Stifel raised its price target on Unity to $25 from $20, reflecting 32% upside from Thursday’s close.   Bank of America also has a reiterated target of $37.  Getting good Press.",Positive,1,0.9999996423721313,Main
Yahoo,2024-09-13,"RAD&#39;s in-house developed technologies deliver enhanced security and efficiency, attracting new business opportunities.",Positive,1,1.0,Main
Yahoo,2024-09-13,"here some facts (data driven)

1. The CAGR of the video industry is 8% (for comparison, EV industry is 10.5%)
2. indie games segment on the rise and right now holds 35% of gaming market (CAGR of the indie games segment is 10%, which means it would outgrow the AAA games segment)
3. most of the indie games are developed with Unity (less complex than Unreal engine=less money to spend on development)

do your due diligence, I know why I&#39;m holding :)",Neutral,0,0.9824399948120117,Main
Yahoo,2024-09-13,"Investors are putting the horse before the cart again, and well, time will correct Unity like it has previously in such cases.",Neutral,0,0.9922000765800476,Main
Yahoo,2024-09-13,going to be a multibagger!,Neutral,0,0.999772846698761,Main
Yahoo,2024-09-13,this is the jam right here,Neutral,0,0.9997283816337585,Main
Yahoo,2024-09-13,"I do not know the stocks - I know other things - Line “Hello World” 

It’s like that - 

When Tiger Woods turned professional in 1996, Nike launched an ad campaign featuring him, and in the commercial, he declared, &#34;Hello, World.&#34; This marked his official entry into the world of professional golf and became an iconic moment in sports marketing. It signaled Woods&#39; arrival as a global superstar and the next big thing in golf.

U = Hello World -",Positive,1,0.8788696527481079,Main
Yahoo,2024-09-13,"Morgan Stanley analyst Matthew Cost notes that Unity is scrapping its Runtime Fee but the new management team has worked with customers to secure up to a 25% price increase on the game engine, demonstrating a clear path forward for that business. The firm estimates this could drive 5% upside to 2026 EBITDA and is &#34;bullish from here&#34; as it now expects Unity to raise Create Pricing every year going forward and believes this clears the path to monetize other products more effectively too. Morgan Stanley has an Overweight rating on the shares with a price target of $22.",Positive,1,1.0,Main
Yahoo,2024-09-13,I have such a big loss it doesn&#39;t do me any good.,Negative,-1,0.9495607614517212,Main
Yahoo,2024-09-13,Impressive volume………,Positive,1,1.0,Main
Yahoo,2024-09-13,If you are Applovin and your stock is now at 110 would you make another run at U?,Neutral,0,0.9998816251754761,Main
Yahoo,2024-09-13,What&#39;s that odor? Smells like burning shorts. I&#39;m thinking we might close above $21 at options expiration today. Fun action ahead.👍,Neutral,0,0.9999264478683472,Main
Yahoo,2024-09-13,wired janky jumps in price ??,Neutral,0,0.9962761402130127,Main
Yahoo,2024-09-13,"Oh, baby. At last the stock is moving up. Been in it since spring 22, and averaged down until 8/1/24 and exclaimed, &#34;No mas!&#34; Hopefully, we&#39;re back on track. Happy Friday the 13th! 👍",Neutral,0,0.9921903014183044,Main
Yahoo,2024-09-13,"finally, something I can hold",Neutral,0,0.9482399821281433,Main
Yahoo,2024-09-13,pamp it,Neutral,0,0.9989721775054932,Main
Yahoo,2024-09-13,Unite 2024 is next week. The event schedule is on the Unity website and is packed with amazing updates. It starts next Wednesday.,Neutral,0,0.9999984502792358,Main
Yahoo,2024-09-13,45 is coming soon.,Neutral,0,0.9999990463256836,Main
Yahoo,2024-09-13,I didn’t want to get up this morning (late night) - and that is where Unity and I are not aligned as Unity wants to get up -,Neutral,0,0.9990000128746033,Main
Yahoo,2024-09-13,"With potential tailwinds and growth predicted, I wouldn’t be surprised if analysts set a price target of $60-$70 after earnings on Nov 7th, especially after election season winds up and the Unity 6 release. I would predict a massive Q4 rally.",Positive,1,0.9968814849853516,Main
Yahoo,2024-09-13,34’m shares today wow,Neutral,0,0.9998555183410645,Main
Yahoo,2024-09-13,Hard to believe just 16 people on this board now - this is where the action is,Neutral,0,0.99309241771698,Main
Yahoo,2024-09-13,U is up over 30% since earnings - for one simple  reason - it wanted to go up,Positive,1,0.9962368011474609,Main
Yahoo,2024-09-13,“U” stands for “UP”,Neutral,0,0.9979684948921204,Main
Yahoo,2024-09-12,U ⭐️⭐️⭐️⭐️,Neutral,0,0.9975475668907166,Main
Yahoo,2024-09-12,"A good investor demonstrates a strong track record, disciplined approach, effective risk management, deep knowledge, and ethical behavior, increasing the likelihood of successful investments and sustainable long-term returns.",Positive,1,1.0,Main
Yahoo,2024-09-12,"Oppenheimer &#39;incrementally positive&#39; on Unity after runtime fee end  Oppenheimer says Unity Software cancelled its unpopular runtime fee, effective immediately, clearing the way for the launch of Unity 6. Meanwhile, Unity Pro and Unity Enterprise will see 8% and 25% subscription price increases, respectively, the analyst tells investors in a research note. After reviewing the details and speaking briefly with management, the firm came away &#34;incrementally positive&#34; on the near-term and longer-term business outlook for Unity&#39;s Create segment. It believes reversing the unpopular runtime fee is critical to a successful launch for Unity 6, expected sometime in 2024.   Moreover, potential annual increase of subscription fees starting 2025 will provide better business visibility for Unity customers, Oppenheimer adds. The firm says the news effectively removes the uncertainty around the timing and size of runtime fee contribution in 2025 and beyond. It keeps a Perform rating on the name.",Positive,1,0.9999997615814209,Main
Yahoo,2024-09-12,Putting sell order at,Neutral,0,0.9998621940612793,Main
Yahoo,2024-09-12,Marine the price is not going to go down from you spamming. Stop being a KID.  Touch Grass Kid,Neutral,0,0.9982141256332397,Main
Yahoo,2024-09-12,I do not know this one much - but it knows that it wants to go up -,Neutral,0,0.9899090528488159,Main
Yahoo,2024-09-12,I warned you about,Negative,-1,0.963079571723938,Main
Yahoo,2024-09-12,"The numbers do not add up, the price increases will not solve the problem, they will only make it a little less severe.",Negative,-1,0.9738439321517944,Main
Yahoo,2024-09-12,( u) $35 wake me guys,Neutral,0,0.9903014898300171,Main
Yahoo,2024-09-12,Going back to $25,Neutral,0,0.9996572732925415,Main
Yahoo,2024-09-12,Shorts are going to try to take this back down!!,Neutral,0,0.9350962042808533,Main
Yahoo,2024-09-12,Unity find right way! Thank you!,Positive,1,0.8124561905860901,Main
Yahoo,2024-09-12,Wow volume,Neutral,0,0.995846688747406,Main
Yahoo,2024-09-12,Finally !!!! 😍,Neutral,0,0.7590495944023132,Main
Yahoo,2024-09-12,"$21 for sure this week
Hopefully next week we can see $26",Neutral,0,0.999994158744812,Main
Yahoo,2024-09-12,Breakout will be above 200 Day Moving Average $24,Neutral,0,0.9999486207962036,Main
Yahoo,2024-09-12,( u) have good new 28 minutes ago guys 🚀🚀🚀,Neutral,0,0.76142418384552,Main
Yahoo,2024-09-12,"that&#39;s the right way to do it, just introduce price hikes, simple and easy to understand.  They do have the market share and moat. Even PS5 pro is raising prices big time, there is likely still room for even more price hike as a game engine that quite a lot of devs are still using or even have to use them.",Positive,1,0.7906415462493896,Main
Yahoo,2024-09-12,"Reuters) - Unity Software is abandoning its &#34;runtime fee&#34; pricing policy, nearly a year after its announcement sparked considerable backlash from the videogame developer community.

The maker of the Unity Engine software said in a blog post on Thursday that it will revert to its &#34;existing seat-based subscription model for all gaming customers&#34; and implement price increases for its Unity Pro and Unity Enterprise subscriptions.

Shares of the company were up around 7% in afternoon trading.

The controversial pricing structure, announced in September last year, sought to charge new fees to game developers if certain revenue and install thresholds were met. The changes triggered a revolt among customers, hitting the company&#39;s share price and prompting it to roll back some aspects of the policy later that month.

&#34;It&#39;s our intention to revert to a more traditional cycle of considering any potential price increases only on an annual basis,&#34; Unity CEO Matt Bromberg said in a statement.

Unity Pro will see an 8% subscription price increase, while prices for Unity Enterprise will rise by 25%. The changes will go into effect on Jan. 1, 2025.

Following the &#34;runtime fee&#34; debacle, Unity announced a &#34;company reset&#34; cutting 3.8% of its global workforce and closing offices in 14 locations across various countries.",Neutral,0,0.5330647230148315,Main
Yahoo,2024-09-12,( u) $21.14 coming,Neutral,0,0.9999072551727295,Main
Yahoo,2024-09-12,"yeah nice, keep going",Positive,1,0.9999619722366333,Main
Yahoo,2024-09-12,yessir!,Neutral,0,0.9889875054359436,Main
Yahoo,2024-09-12,sold it all at $17😭,Neutral,0,0.9998759031295776,Main
Yahoo,2024-09-12,Bye bye Shorts. Unity starting turning it around last quarter. This announcement will catapult the stock in the next 2 years. The Short thesis is over.,Positive,1,0.41950392723083496,Main
Yahoo,2024-09-12,ha! 40s,Neutral,0,0.9998676776885986,Main
Yahoo,2024-09-12,"I don’t understand the stocks - but I am a decent speller (especially with the assistance of spell checking) 

The first letter in the word “up” is U",Neutral,0,0.9991365075111389,Main
Yahoo,2024-09-12,Looks like we are at an inflection point right now,Neutral,0,0.9817999601364136,Main
Yahoo,2024-09-12,U,Neutral,0,0.9975475668907166,Main
Yahoo,2024-09-12,Unite has been a yearly event for many many years. God investors are so clueless.,Neutral,0,0.9999306201934814,Main
Yahoo,2024-09-12,They have a big conference in Europe next week.   Get in before the train totally leaves the station!!  U-turn time!!,Neutral,0,0.9999973773956299,Main
Yahoo,2024-09-12,"This is taking off today, but not sure what the news is about?",Neutral,0,0.9834569096565247,Main
Yahoo,2024-09-12,"Finally, nothing happens, how is Unity making money? Investors clueless",Neutral,0,0.5580300688743591,Main
Yahoo,2024-09-12,"Huge news, runtime fee cancelled finally",Negative,-1,0.9995566010475159,Main
Yahoo,2024-09-12,I wish I have one millions all in ( u) now will hold 1 or 2 years 🚀,Neutral,0,0.9999268054962158,Main
Yahoo,2024-09-12,Let me remind u guys last 3 months it drop from $27 right because the CEO . But last month it drop all the way down $13.88 rights? It holding above $3 . U guys think it about easy to understand for long run only add more ( u) doing software tool for all media use and game for Disney and school use and a lot big company use it = hope all u guys staying strong it will give all back $31/$39/$46 time will be there 🚀🚀🙂,Neutral,0,0.9578768014907837,Main
Yahoo,2024-09-12,Crickets again!,Neutral,0,0.9984839558601379,Main
Yahoo,2024-09-12,APPLovin went up over $11 today and almost hit 100!!  they crushed U!,Neutral,0,0.9871447682380676,Main
Yahoo,2024-09-12,Now up 20% since earnings - I think one could have held MSFT for like a decade and didn’t make anything - some called it the “lost decade” -,Neutral,0,0.8049765825271606,Main
Yahoo,2024-09-11,I,Neutral,0,0.9970661997795105,Main
Yahoo,2024-09-11,Only add more for longterm $39/$46 think 1 year about it . (U) not for Daytrade remember that guys give it more time 🚀🚀🚀😀🌹,Neutral,0,0.9934936165809631,Main
Yahoo,2024-09-11,( u) confirm will hit $23 next week,Neutral,0,0.9999539852142334,Main
Yahoo,2024-09-11,Guess what.  No news at all again out of U today.,Neutral,0,0.9913389682769775,Main
Yahoo,2024-09-11,added,Neutral,0,0.9009842872619629,Main
Yahoo,2024-09-11,I,Neutral,0,0.9970661997795105,Main
Yahoo,2024-09-11,"If you look at a one to two year horizon from now I think the chances of this stock being double or triple the current price (16.75) is decent.  This, of course implies, the management being able to right the ship, and chart a course skillfully navigating the new opportunities which are emerging (3D, business, education.) while staying true to their gaming core.  The moat they have in their industry is wide and deep, and recent evidence indicates this has not eroded significantly despite all of the blatant mistakes that the former management made.  I am bullish for all of these reasons, but, as always, this is dependent upon execution, and to some extent overall market sentiment. This could be a great turnaround story and yield patient investors significant gains.",Positive,1,0.9999990463256836,Main
Yahoo,2024-09-10,This won&#39;t be here for long with rate cuts starting and the new CEO implementing some changes.,Neutral,0,0.9946413040161133,Main
Yahoo,2024-09-10,Recommended by MF. Good or bad?,Positive,1,0.4177023768424988,Main
Yahoo,2024-09-10,Stock is down trend is down - but it’s desire is to go up - it wants to,Neutral,0,0.6902891397476196,Main
Yahoo,2024-09-10,This is gonna go down overall don’t be fooled by the ups. Primarily headed down. Market open was horrible for you longer’s and it’s continuing that way!!,Neutral,0,0.8481229543685913,Main
Yahoo,2024-09-10,Was a beautiful open but it’s been a long while since seen an intraday reversal.   Don’t hold your breath for any news from the company.,Neutral,0,0.991198718547821,Main
Yahoo,2024-09-10,"Up down up down, with primarily going down direction. Fun to play this day by day, but it&#39;s not going anywhere up",Neutral,0,0.9930397272109985,Main
Yahoo,2024-09-10,Unity is not good at countering bad press.,Negative,-1,0.9990566372871399,Main
Yahoo,2024-09-10,What do you think? Will we see Unity 6 release in Unite Barcelona September 18–20?,Neutral,0,0.99993896484375,Main
Yahoo,2024-09-10,I&#39;m in,Neutral,0,0.9989246726036072,Main
Yahoo,2024-09-10,Is anyone ready to wake up to some good news from Unity for once?,Positive,1,0.9376869201660156,Main
Yahoo,2024-09-10,"Humm - think of it like this - 1987 - Jane’s Addiction “I&#39;ve never been in love&#34;. No, she don&#39;t know what it is
She only knows if someone wants her
&#34;I want &#39;em if they want me
I only know they want me&#34; - 
It’s like that - I don’t know the stocks - I only know when one wants to go up - and this one wants to go up -",Neutral,0,0.9990049004554749,Main
Yahoo,2024-09-09,The U,Neutral,0,0.9993294477462769,Main
Yahoo,2024-09-09,apple talking a lot about gaming,Neutral,0,0.9999302625656128,Main
Yahoo,2024-09-09,I’m I the only person who pointed out this pattern ?,Neutral,0,0.9934471249580383,Main
Yahoo,2024-09-09,It just wants to go higher - tide has turned -,Neutral,0,0.8310400247573853,Main
Yahoo,2024-09-09,chance to sell at 17,Neutral,0,0.9624239206314087,Main
Yahoo,2024-09-09,No news today,Neutral,0,0.9988182187080383,Main
Yahoo,2024-09-09,This stock “now” wants to go up -,Neutral,0,0.9998146891593933,Main
Yahoo,2024-09-09,Lower highs and lower lows,Negative,-1,0.9780264496803284,Main
Yahoo,2024-09-07,"Here is a rundown of policy differences. This is not an endorsement.Mr. Trump recently stated that he supports reducing the top corporate income tax bracketfrom 21% to 15% in order to help companies like U to compete strongly against foreigncompetitors. 7 years ago, Mr. Trump spearheaded reducing the rate from 35% to 21%.Ms. Harris proposes increasing the top corporate rate from 21% to 28%, a 25% increase inincome tax U would have to pay instead of investing in it&#39;s growth.Mr. Trump wants to maintain the current long-term capital gains tax on sales of U stockat 15% and 20% for higher earners.Ms. Harris proposes taxing capital gains taxes as ordinary earnings. So an investor in the 28% marginal income tax bracket would see in increase in capital gains taxes on U stock sales from 15% to 28%, almost doubling the tax owed. Ms. Harris also proposes, with Mr. Biden,to impose the tax on &#34;unrealized&#34; gains, on U stock that an investor owns but has not yetsold. The unrealized gain tax would be imposed on higher earners.Mr. Trump lowered personal income tax brackets across the board in 2017. Those reductions will &#34;sunset&#34; (end) in 2025 if they are not renewed. Mr. Trump wants to renew them. Ms. Harris avoids the subject, but Mr. Biden has expressed disdain for the 2017 reductions. The increased standard deduction would also sunset. If the brackets sunset and increase to the pre-2017 levels, so too would the cap-gains tax with Harris&#39;s proposal.",Neutral,0,0.9956130981445312,Main
Yahoo,2024-09-07,I think we&#39;ll go upstairs when this chat becomes completely despondent.,Neutral,0,0.9999914169311523,Main
Yahoo,2024-09-06,I sold so you guys should buy,Neutral,0,0.9966629147529602,Main
Yahoo,2024-09-06,Ok who not sold over 17?🤓,Neutral,0,0.9970138072967529,Main
Yahoo,2024-09-06,"Dang it, it gives up all the gains yesterday.",Positive,1,0.7927809357643127,Main
Yahoo,2024-09-06,mama mia here we go again.,Neutral,0,0.999897837638855,Main
Yahoo,2024-09-06,Where are you going little baby?,Neutral,0,0.9848883152008057,Main
Yahoo,2024-09-06,"Tuesday up 5% , Wednesday down 5%  Thursday up 5% Friday down 5%  . If you’re keeping score",Neutral,0,0.9936291575431824,Main
Yahoo,2024-09-06,and there you have it.  another week with zero news from Unity investor relations or management!  What do they do?,Neutral,0,0.9994999170303345,Main
Yahoo,2024-09-05,All about the U,Neutral,0,0.9999780654907227,Main
Yahoo,2024-09-05,Let’s bangggg naughty Wood !!,Neutral,0,0.9933580756187439,Main
Yahoo,2024-09-05,A week from now you&#39;ll be kicking yourself again for not selling at 17,Neutral,0,0.9982442855834961,Main
Yahoo,2024-09-05,next mark 25$,Neutral,0,0.9982529282569885,Main
Yahoo,2024-09-05,Love a good ol&#39; pump n dump,Neutral,0,0.6112099885940552,Main
Yahoo,2024-09-05,"Dang it, it cannot even sustain 1%.  So frustrated.",Negative,-1,0.9870849251747131,Main
Yahoo,2024-09-05,All time low.  Wow.,Neutral,0,0.9957607388496399,Main
Yahoo,2024-09-04,Makes no sense it was just upgraded. The shorts have full control of this one...,Neutral,0,0.9936181306838989,Main
Yahoo,2024-09-04,GREAT BUY RIGHT HERE RIGHT NOW!!! Thank you :),Positive,1,0.9987465143203735,Main
Yahoo,2024-09-04,New 15 day low under $16.  Do they even still have an office?  What is the new CEO doing in there.,Neutral,0,0.9999077320098877,Main
Yahoo,2024-09-04,Called the bull trap yesterday. People are so easy to manipulate on this board,Neutral,0,0.9984285235404968,Main
Yahoo,2024-09-04,going to 10,Neutral,0,0.999902606010437,Main
Yahoo,2024-09-04,I can&#39;t believe it&#39;s a typical Morgan Stanley manipulation and not an untypical in 2024.,Neutral,0,0.9999417066574097,Main
Yahoo,2024-09-04,Omg this stock. Congrats to all who sokd yesterday. Lost 10000 usd in 2 days on this trash,Neutral,0,0.8178902864456177,Main
Yahoo,2024-09-04,"How ridiculous this is? It’s lower than before the upgrade, are you kidding me?",Negative,-1,0.9403606057167053,Main
Yahoo,2024-09-04,What do they do at Unity?  Again no news!!,Neutral,0,0.984435498714447,Main
Yahoo,2024-09-04,All about the U .,Neutral,0,0.9999780654907227,Main
Yahoo,2024-09-03,Good news bad timing,Positive,1,0.9972403049468994,Main
Yahoo,2024-09-03,Again down... next time i will sell at 18. 🤬😅,Neutral,0,0.9990630745887756,Main
Yahoo,2024-09-03,"Too much overhead supply, people waiting for any pop to sell",Negative,-1,0.9828560948371887,Main
Yahoo,2024-09-03,Great fake out U…had me fooled for a second there,Neutral,0,0.9996693134307861,Main
Yahoo,2024-09-03,I am looking to sell at,Neutral,0,0.998645007610321,Main
Yahoo,2024-09-03,Nvidia brought the while market down and Unity loses its gain. Sad to see such market crashes because of a single company.,Negative,-1,0.999997615814209,Main
Yahoo,2024-09-03,"If Unity couldn&#39;t make a profit during a 3 year boom after Corona, I don&#39;t fancy its chances in a recession.",Negative,-1,0.9946708083152771,Main
Yahoo,2024-09-03,This is a hard sell here.,Negative,-1,0.6868783235549927,Main
Yahoo,2024-09-03,what&#39;s the news?,Neutral,0,0.9959369897842407,Main
Yahoo,2024-09-03,Bull trap,Neutral,0,0.9984410405158997,Main
Yahoo,2024-09-03,"Sp500 having a bad day, U is up 9%
This I like",Neutral,0,0.5699033737182617,Main
Yahoo,2024-09-03,take the money and run,Neutral,0,0.9912139773368835,Main
Yahoo,2024-09-03,finally,Neutral,0,0.7590495944023132,Main
Yahoo,2024-09-03,Is this Morgan Stanley analyst any good?  Nice pop on the upgrade at least.   Now we just need some positive business developments or more job and cost cuts!,Positive,1,0.9965221881866455,Main
Yahoo,2024-09-03,Long weekend now back to work with business developments management!  LOL not sure if they&#39;ll ever have anything newsworthy for entire Q3 at this rate.,Neutral,0,0.7568291425704956,Main
Yahoo,2024-09-03,They can have mine at 17.6...,Neutral,0,0.9999960660934448,Main
Yahoo,2024-09-03,"7.5% up premarket, bullish day?",Positive,1,0.9434626698493958,Main
Yahoo,2024-09-03,Generative AI will crash game engines.,Neutral,0,0.5302951335906982,Main
Yahoo,2024-09-03,Any news - U up 5% pre market,Neutral,0,0.9997629523277283,Main
Yahoo,2024-09-03,Unity has many more very good rated games than UEngine according to Stea*DB,Positive,1,0.9993379712104797,Main
Yahoo,2024-09-03,Morgan Stanley 22$,Neutral,0,0.9999816417694092,Main
Yahoo,2024-08-30,No way insiders are done diving this stock.   No way.  I see sub 10 easily.,Neutral,0,0.9997515082359314,Main
Yahoo,2024-08-30,APPLovin almost at $100 up from a $9 bottom about 18 months ago.  U still dragging along the bottom.  Difference probably was mostly the stock compensation U gave out to all employees.  Welcome aboard new CEO!,Negative,-1,0.999254047870636,Main
Yahoo,2024-08-30,And there you have it another week with zero comments or business developments!   Hello???,Neutral,0,0.9999417066574097,Main
Yahoo,2024-08-29,Buy Rating. Target $20. Yahoo won&#39;t let me post the details. On my Broker Analyst ratings today.,Positive,1,0.995788037776947,Main
Yahoo,2024-08-29,What are they doing in there?………oh nothing once again today!!,Neutral,0,0.9975619316101074,Main
Yahoo,2024-08-29,Because all market pulling back if today spy fill $564 market make a u turn to bull run $607,Neutral,0,0.9594568610191345,Main
Yahoo,2024-08-29,(U) good company they do coding tool for all software and game because Covid-19’s. Too much employees and too much game doing that Tiem because the old CEO . Now it movingly on guys 👍,Neutral,0,0.9996393918991089,Main
Yahoo,2024-08-29,I,Neutral,0,0.9970661997795105,Main
Yahoo,2024-08-28,I will keep holding my 1000 shares till +100% and then Im out to better companies,Neutral,0,0.9999167919158936,Main
Yahoo,2024-08-28,"If we close above $16.90 today, everything will be seashells and balloons.",Neutral,0,0.9999936819076538,Main
Yahoo,2024-08-28,Total disaster.   How do you have a company this size with no press releases?,Neutral,0,0.9997991919517517,Main
Yahoo,2024-08-27,Another day w out a peep from IR or Mktg or Mgmt,Neutral,0,0.9999862909317017,Main
Yahoo,2024-08-26,Again no news.,Neutral,0,0.9418397545814514,Main
Yahoo,2024-08-26,"7400 Unity PC games were released last year, this year we are already at 5400. looking promising it will break last year&#39;s record.",Positive,1,0.9999921321868896,Main
Yahoo,2024-08-26,The company is a disingenuous loser,Negative,-1,0.9958653450012207,Main
Yahoo,2024-08-23,All about the U,Neutral,0,0.9999780654907227,Main
Yahoo,2024-08-23,"Just look at that heavy upward volume. Just look at the 1 month chart. To me, it looks like a textbook uptrend (news release from management not withstanding). Good luck to all!",Positive,1,0.5434507131576538,Main
Yahoo,2024-08-23,Black Myth: Wukong - The hottest game right now. Built on Unreal Engine… Meanwhile with Unity…,Neutral,0,0.9999492168426514,Main
Yahoo,2024-08-22,U is an easy buy for Meta or Appl but Disney may be more intriguing.,Positive,1,0.929033637046814,Main
Yahoo,2024-08-22,almost reached my average cost,Neutral,0,0.8747599720954895,Main
Yahoo,2024-08-22,guess what looks like another day w/ zero news or new developments.  Maybe their investor relations department was let go?,Neutral,0,0.9999222755432129,Main
Yahoo,2024-08-21,Analysts average pt is 20.85,Neutral,0,0.9999951124191284,Main
Yahoo,2024-08-21,Man on base !,Neutral,0,0.9996658563613892,Main
Yahoo,2024-08-21,"It seems Cathie Wood is still selling off her position on Unity and buying Roblox per yesterday news article. 

Unity needs strong catalyst to back to $25.",Positive,1,0.9999974966049194,Main
Yahoo,2024-08-21,I might reach out to Unity and see if they&#39;ll train me for a couple of weeks.  Then reach out to Boeing and offer to show them how the 3D software can help them fix their problems!  Seems too easy!,Neutral,0,0.9993060827255249,Main
Yahoo,2024-08-21,They could announce a partnership with a local car dealership and this stock would explode.  Much less something with an S&amp;P 100 technology company.   Is the new team on vacation too?  Come on join the party!!!,Negative,-1,0.8244367837905884,Main
Yahoo,2024-08-21,Amazing still no news of any kind.,Neutral,0,0.8887826800346375,Main
Yahoo,2024-08-21,"Today, we go for another single",Neutral,0,0.9999500513076782,Main
Yahoo,2024-08-20,Why on earth is this up today?,Neutral,0,0.9953622221946716,Main
Yahoo,2024-08-20,one more day with no new news but a slight chart breakout.   Why no news on anything positive?  We would be at $20+ in 24hrs if they&#39;d just announce some nice developments!,Neutral,0,0.9910681843757629,Main
Yahoo,2024-08-20,why the pump?,Neutral,0,0.9918658137321472,Main
Yahoo,2024-08-20,Load the bases - singles are okay,Neutral,0,0.99998939037323,Main
Yahoo,2024-08-19,What will it take to join the party.,Neutral,0,0.9999806880950928,Main
Yahoo,2024-08-19,Only insane bulls below,Neutral,0,0.9987695813179016,Main
Yahoo,2024-08-19,this is clearly going to explode soon,Negative,-1,0.9918238520622253,Main
Yahoo,2024-08-16,"This is my first time getting back in in a very long time. I said last year to stay away but gaming is finally turning around. Companies are trying to find ways to get more millenials and z generation customers and gaming about be on big upswing. Gamesquare is getting a lot of new partnerships  rest of the year so its a clear sign things are looking good for gaming again heading into 2025. I expect a 10 year bull run for gaming starting in 2025. We already see it sports, cable tv, even streaming is starting to sink across the board. Gaming and irl twitch type content is on the rise.",Positive,1,0.9996028542518616,Main
Yahoo,2024-08-16,Bunt single,Neutral,0,0.9963968396186829,Main
Yahoo,2024-08-16,Does whoever is selling today realize if they would just get out of the way they could sell at $18 plus in an hr?,Neutral,0,0.9998911619186401,Main
Yahoo,2024-08-16,"If we close today above approximately $16.50, the market will have fully digested the immediate earnings pop -- on strong volume -- within a week. I rather like how the price action is shaping up...",Positive,1,0.9999929666519165,Main
Yahoo,2024-08-16,But wait a minute..... TTWO and RBLX breaking out.  This could be good!,Positive,1,0.9967873096466064,Main
Yahoo,2024-08-16,"I think everyone watching $16.50-$17.20 and don&#39;t think we can break it with out any news.  But, if we do $20 is coming!",Neutral,0,0.9999904632568359,Main
Yahoo,2024-08-16,Citigroup maintains Buy but cuts target to 24 from 31 today.   I’ll take that.  Any conferences or presentations even coming up soon?,Positive,1,0.9999755620956421,Main
Yahoo,2024-08-16,Nothing no business updates or news today.,Neutral,0,0.9934695959091187,Main
Yahoo,2024-08-16,Russel index pumping because of imminent huge rate cuts- $U is one company that will benefit huge from rate cuts,Positive,1,0.999998927116394,Main
Yahoo,2024-08-16,It’s all about the U !,Neutral,0,0.9999911785125732,Main
Yahoo,2024-08-16,Nothing wrong with singles,Negative,-1,0.7696124315261841,Main
Yahoo,2024-08-15,Any uodate for Applovi&#39;s acquisition?,Neutral,0,0.9998219609260559,Main
Yahoo,2024-08-15,"All those higher lows and higher highs in the chart since earnings release sure look intriguing. To me, the pattern has earmarks of a burgeoning technical uptrend. But I&#39;m no professional, so what do I know?",Neutral,0,0.8829767107963562,Main
Yahoo,2024-08-15,"The market knows that Unity is a stock that will do very well only in 2025 so there is no rush to buy it, even if it is clear that around $15 there are many who are accumulating.",Neutral,0,0.7366093993186951,Main
Yahoo,2024-08-15,It is pretty amazing.  Market on fire but Motley Fool put out a negative article on Twilio and Unity and those are the only two stocks on my screen that aren&#39;t participating in this rally.,Negative,-1,0.9976129531860352,Main
Yahoo,2024-08-15,Today really should have been the break out day for the Unity chart with the market on fire.   But it is just a sick puppy I guess.   32m shares short all it needs is a positive event.,Positive,1,1.0,Main
Yahoo,2024-08-15,One more day and no news from U!,Neutral,0,0.9998718500137329,Main
Yahoo,2024-08-15,"Short squeeze possibility? Almost 10% of float/outstanding shares short, Russel index may pump to catch up to sp500 indices, and basically new board at $U. 👀",Neutral,0,0.9989114999771118,Main
Yahoo,2024-08-15,You would usually start buying when a once high flyer is down 70 % - unless you really fear bankruptcy- Is U going under ?,Neutral,0,0.9549316763877869,Main
Yahoo,2024-08-14,There is no hope here - dreams shattered - it basically crashed - won’t just snap back cuz too many buyers burned -,Negative,-1,0.9626822471618652,Main
Yahoo,2024-08-14,Can Unity ever have 2 good days in a row ? Nah,Positive,1,0.9999892711639404,Main
Yahoo,2024-08-14,We are now 1 point off of yesterdays high (false breakout) again.   Very low volume though.      Still no new customer or partnership news from the company.    Do they have a corporate development team at all?,Neutral,0,0.9978244304656982,Main
Yahoo,2024-08-14,Back to the silence,Negative,-1,0.8761479258537292,Main
Yahoo,2024-08-14,sold at the right time,Neutral,0,0.9992801547050476,Main
Yahoo,2024-08-13,29 analysts average pt is 21.24,Neutral,0,0.9999637603759766,Main
Yahoo,2024-08-13,Up better than 7% on slightly better than average volume. This spring is coiling. Load up or lose out. I&#39;d hate to be short at this point. Good luck to all.,Positive,1,1.0,Main
Yahoo,2024-08-13,How do we break $17.28 to move higher?,Neutral,0,0.983353853225708,Main
Yahoo,2024-08-13,Cathie knows,Neutral,0,0.994102418422699,Main
Yahoo,2024-08-13,Today U is down 50% over past 6 months.  If we just retrace half of that before hitting resistance U gets to $25 easily.  Come on announce a significant partnership or revenue plan!,Negative,-1,0.990818440914154,Main
Yahoo,2024-08-13,How fine would some news or speculation today be.  Be like a rocket in a bottle!,Neutral,0,0.9134721755981445,Main
Yahoo,2024-08-13,🚀 🚀 🚀,Neutral,0,0.9673532843589783,Main
Yahoo,2024-08-13,If u sold too early ur ngmi lol 🚀,Neutral,0,0.9962020516395569,Main
Yahoo,2024-08-13,"We have reached the bottom, the shortists realize this and close a position, this does not mean that we will see a jump in the stock, according to the management, it will be a slow process....",Negative,-1,0.9917163252830505,Main
Yahoo,2024-08-13,News come on management announce a deal with someone!   Prove it!  Monetize the game developer/game revenue/ad channel!,Neutral,0,0.9997331500053406,Main
Yahoo,2024-08-13,don&#39;t catch a falling knife,Neutral,0,0.9805225729942322,Main
Yahoo,2024-08-13,I bought Unity at $35. Will it ever get back?,Neutral,0,0.9998822212219238,Main
Yahoo,2024-08-12,"16.3m shares.   Accumulation.   Funny how the firms lower PTs and tell their best clients to be buying!!  

New CEO is legit!!   He will make things happen.  2h is only up from here.",Negative,-1,0.9168913960456848,Main
Yahoo,2024-08-12,The volume is up significantly since last Thursday. Something is underway. And price isn&#39;t going into a free fall as it occurs. I am betting U is under accumulation right now. My hunch is we go higher soon.,Positive,1,0.8723435401916504,Main
Yahoo,2024-08-12,Let’s go!   Close a big deal and put in a bottom management!   Meta or Netflix.  Microsoft or Tesla.  Boeing sure could use some design software help!!  VisionPro or Apple gaming!!!  How about Sony?,Neutral,0,0.9999902248382568,Main
Yahoo,2024-08-12,But we are crashing -,Negative,-1,0.7129470705986023,Main
Yahoo,2024-08-12,In the bottom state is still in its worst place it must go up a lot,Negative,-1,0.9999806880950928,Main
Yahoo,2024-08-10,"The stock got oversold and was due for bounce. That’s was to most on this board except the guy saying bankruptcy and other dumb stuff, sell at 18 area and buy back cheaper",Negative,-1,0.9545419216156006,Main
Yahoo,2024-08-09,Yes —- jack it,Neutral,0,0.9972521662712097,Main
Yahoo,2024-08-09,Not going anywhere,Neutral,0,0.9566006660461426,Main
Yahoo,2024-08-09,"Here is the bottom line, today is not the last trading day for Unity. This is a great beginning and in the right direction. The hedge fund experts will be adding to average which means the current price will go up only. This was at 40 - 45 for most of the time last year. So if you are worried go for it and sell it if you can handle. Otherwise Cheers!!!",Neutral,0,0.9815513491630554,Main
Yahoo,2024-08-09,"If you wait for the stock market to go up, it&#39;s not good, it&#39;s been at its bottom for a long time, it needs to rise a lot",Negative,-1,0.9836924076080322,Main
Yahoo,2024-08-09,Here we go,Neutral,0,0.9999395608901978,Main
Yahoo,2024-08-09,Massive accumulation,Neutral,0,0.5993378162384033,Main
Yahoo,2024-08-09,THIS MUST HOLD !,Neutral,0,0.7608849406242371,Main
Yahoo,2024-08-09,Testing times right? There is a hope and worrysome .. Warren B says patience pays ...,Negative,-1,0.9759495854377747,Main
Yahoo,2024-08-09,You just wait until Monday after call and put contracts have expired,Neutral,0,0.9995371103286743,Main
Yahoo,2024-08-09,"This guy is the sell and lowest. But average is 22.5, all the top analysts. Whom should we trust? 22 right?",Neutral,0,0.9690937399864197,Main
Yahoo,2024-08-09,Sinking fast …..maybe a $6 stock,Neutral,0,0.9988569021224976,Main
Yahoo,2024-08-09,"Unfortunately, it was born into decline only",Negative,-1,0.9855008721351624,Main
Yahoo,2024-08-09,who cares? This is going to be a GREAT one 20 + soon.,Neutral,0,0.9941957592964172,Main
Yahoo,2024-08-09,Benchmark maintains sell and lowers PT from 16 to 10.  Good luck!,Negative,-1,0.9827077984809875,Main
Yahoo,2024-08-09,Fake em out to shake em out,Neutral,0,0.999718964099884,Main
Yahoo,2024-08-09,"Everything seems fine, seemingly should have taken off, but apparently investors don&#39;t mind staying at the lowest level ever;",Negative,-1,0.9843623638153076,Main
Yahoo,2024-08-09,really?,Neutral,0,0.4956899583339691,Main
Yahoo,2024-08-09,The dump starts now,Neutral,0,0.9999390840530396,Main
Yahoo,2024-08-09,Lowest level where else is Thiol,Neutral,0,0.9964683055877686,Main
Yahoo,2024-08-09,I was taught that nothing good stays wrong and she is in the worst situation to date where else will she fall,Negative,-1,0.9942885637283325,Main
Yahoo,2024-08-09,I hope this isn’t a fake cake,Neutral,0,0.9980664849281311,Main
Yahoo,2024-08-09,"Encouraging to see this move. I&#39;m still way underwater, but at least some (not much) of my U purchases are in the green again. Hopefully the bottom is finally in. Good luck to all U longs.",Positive,1,0.9999761581420898,Main
Yahoo,2024-08-09,My commodity is Litecoin trying to spread more Money out into stocks thinking about getting some of these shares,Neutral,0,0.9978969097137451,Main
Yahoo,2024-08-09,"Survey: What is average price for bag holders, 20 or 30?",Neutral,0,0.9999887943267822,Main
Yahoo,2024-08-09,10X potential,Positive,1,0.9349639415740967,Main
Yahoo,2024-08-09,"It&#39;s at its lowest point ever, there&#39;s no doubt that it needs to move a lot",Negative,-1,0.9940837025642395,Main
Yahoo,2024-08-09,Push to,Neutral,0,0.9627769589424133,Main
Yahoo,2024-08-09,19-20 would give me 50% return.,Neutral,0,0.999848484992981,Main
Yahoo,2024-08-09,You&#39;ll get to thirty dollars easily,Neutral,0,0.9999529123306274,Main
Yahoo,2024-08-09,You will reach 30 easily,Neutral,0,0.999891996383667,Main
Yahoo,2024-08-09,"i hold U, also bought RONN, new partnership contract good news coming sonn, will surge soon, at least 10 folds",Positive,1,0.9999996423721313,Main
Yahoo,2024-08-09,"I doubled down today.  Unity 6 will be an excellent revenue driver and the new CEO is taking the necessary steps to reduce expenses, grow revenues and free cash flow.",Positive,1,1.0,Main
Yahoo,2024-08-09,Likely heading 18-20 before a pullback,Neutral,0,0.9381372928619385,Main
Yahoo,2024-08-09,I still can’t believe ironsoucre sold to these guys 🤦‍♂️,Neutral,0,0.9911706447601318,Main
Yahoo,2024-08-09,Sold out for a quick gain…..horrible results,Positive,1,0.8802637457847595,Main
Yahoo,2024-08-09,Short Cover.,Neutral,0,0.9934280514717102,Main
Yahoo,2024-08-09,any chance to buy at below 14?,Neutral,0,0.8630056381225586,Main
Yahoo,2024-08-09,Load up ladies,Neutral,0,0.9934014678001404,Main
Yahoo,2024-08-09,Wow!!  Funds trying to cover. 18 million,Neutral,0,0.9990009665489197,Main
Yahoo,2024-08-09,Huge. Huge breakout at 15.00.,Positive,1,0.9734451174736023,Main
Yahoo,2024-08-09,When it breaks 14.65.  15.00 plus quick.,Neutral,0,0.999988317489624,Main
Yahoo,2024-08-09,"Stifel maintained buy but lowered PT to $20 from $25. 

weedbush maintains out perform but lowered PT from $33.50 to $21.  

Waiting for GS and MS and a few others today.    

Overall not bad!!",Positive,1,0.6931084990501404,Main
Yahoo,2024-08-09,Load any weakness at open.  JMO,Negative,-1,0.9840884208679199,Main
Yahoo,2024-08-09,https://finance.yahoo.com/news/unitys-nyse-u-q2-beats-212936604.html,Neutral,0,0.9673532843589783,Main
Yahoo,2024-08-09,Load. Come back in a week or 2. And it will be 18.00 to 20.00.,Neutral,0,0.9999949932098389,Main
Yahoo,2024-08-09,let&#39;s be real bankrupt in 2 more years,Negative,-1,0.9770455360412598,Main
Yahoo,2024-08-09,Got more.,Neutral,0,0.9908815622329712,Main
Yahoo,2024-08-09,Huge drop pre market? Funds want to load up cheap. Hmm,Neutral,0,0.9924334287643433,Main
Yahoo,2024-08-09,time for some action @ 14.01,Neutral,0,0.9984540939331055,Main
Yahoo,2024-08-09,"184,000 share bid at 14.20",Neutral,0,0.9999725818634033,Main
Yahoo,2024-08-09,Imho buyout will happen,Neutral,0,0.9970521926879883,Main
Yahoo,2024-08-09,Any sellers.  Day trader selling was exhausted last night. Load by big funds or longs. Back to 20.00 plus again.,Neutral,0,0.9999876022338867,Main
Yahoo,2024-08-09,"So many delusional people. Unity has no future, hemorraging top talent. You forgot how many rounds of layoffs it had last year. It&#39;s ok, Unity &#34;investors&#34; aren&#39;t the kind that are able to understand, or remember",Neutral,0,0.9995285272598267,Main
Yahoo,2024-08-09,"Gross Margin (GAAP): 75.8%, up from 70.8% in the same quarter last year

Free Cash Flow of $79.61 million is up from -$14.56 million in the previous quarter",Positive,1,0.9999984502792358,Main
Yahoo,2024-08-09,Huge short covering at 15.00 break and hold,Neutral,0,0.9805648922920227,Main
Yahoo,2024-08-09,15.00 plus today.,Positive,1,0.662760317325592,Main
Yahoo,2024-08-09,will go bankrupt at this rate,Neutral,0,0.9989820122718811,Main
Yahoo,2024-08-09,https://finance.yahoo.com/news/unitys-nyse-u-q2-beats-212936604.html,Neutral,0,0.9673532843589783,Main
Yahoo,2024-08-09,get ready for the pump guys,Neutral,0,0.9991193413734436,Main
Yahoo,2024-08-09,Not even shorts care about this junk stock anymore,Neutral,0,0.9979311227798462,Main
Yahoo,2024-08-09,This should go way higher,Positive,1,0.8974685668945312,Main
Yahoo,2024-08-09,"I’m not shorting Unity, but staying distant until they show some more data that supports accelerated recovery. Maybe I’m having PTSD from their Ad business fumble, but you’re taking a leap of faith if you’re buying in after this ER.",Neutral,0,0.5545179843902588,Main
Yahoo,2024-08-09,Just listened to the conference call replay.   I like this new CEO Matt!   He seems to know what he&#39;s talking about and has a vision.   They clearly reset expectations so they can exceed them!   Bottom is in if the market doesn&#39;t tank!,Positive,1,0.8945937156677246,Main
Yahoo,2024-08-09,Really odd that the stock is dead even AH - what does that mean ?,Negative,-1,0.7685418128967285,Main
Yahoo,2024-08-09,Wonder what analysts will say tomorrow?,Negative,-1,0.5575450658798218,Main
Yahoo,2024-08-08,No way the stock will go up if insiders are working against that.,Neutral,0,0.9962692260742188,Main
Yahoo,2024-08-08,"Here is some great news.....Unity Software has 59.01% upside potential, based on the analysts&#39; average price target. Is U a Buy, Sell or Hold? Unity Software has a consensus rating of Moderate Buy which is based on 5 buy ratings, 4 hold ratings and 2 sell ratings. (That would make this about $23.00 per share)Their does seem to be some interest in this company.Any idea at what price.This is a previous article.Who would acquire Unity?In August 2022, AppLovin made an unsolicited offer to buy Unity in exchange for $17.54 billion in an all-stock deal. The proposed merger would result in the former Unity CEO John Riccitiello becoming the CEO of the combined entity. AppLovin&#39;s bid excludes ironSource, that Unity agreed to buy in July.",Positive,1,0.9986390471458435,Main
Yahoo,2024-08-08,There are some huge buy orders on level 2 after hours.It looks as if someone knows something.Is a buyout coming?,Neutral,0,0.9988025426864624,Main
Yahoo,2024-08-08,"Sales Growth

As you can see below, Unity&#39;s 30.4% annualized revenue growth over the last three years has been impressive, and its sales came in at $449.3 million this quarter",Positive,1,1.0,Main
Yahoo,2024-08-08,"Gross Margin (GAAP): 75.8%, up from 70.8% in the same quarter last year

Free Cash Flow of $79.61 million is up from -$14.56 million in the previous quarter",Positive,1,0.9999984502792358,Main
Yahoo,2024-08-08,"Revenue: $449.3 million vs analyst estimates of $441.7 million (1.7% beat)

EPS: -$0.32 vs analyst estimates of -$0.46 (29.9% beat)",Positive,1,0.9999996423721313,Main
Yahoo,2024-08-08,https://finance.yahoo.com/news/unitys-nyse-u-q2-beats-212936604.html,Neutral,0,0.9673532843589783,Main
Yahoo,2024-08-08,I cannot see. I am at work. But must be big support sitting at 14.25,Neutral,0,0.9993237257003784,Main
Yahoo,2024-08-08,"From another board.    $U some things that stuck out to me: 

Industry vertical grew 60% yoy, they signed up Audi, Diageo (owner of Guinness etc) and Bosch amongst others. Industry now represents 18% of business up from 14% last year. 

Gross margins improved to 84%. I remember when they were in low 70% a couple years back. Strong sequential improvements there. 

New Head of Product for Grow sounds like a heavy hitter who can bring that product where it needs to be. Comps next year will be favourable.

CEO clearly knows gaming industry and gaming engines back to front and is very passionate about it. He was a large a customer of Unity previously. Jury is out on whether he’s an effective ceo but he certainly knows the ins and outs of the business and what Unity needs to deliver so that’s a good start.",Positive,1,0.9999997615814209,Main
Yahoo,2024-08-08,Seems like it want to higher. Bottom up,Neutral,0,0.8132027983665466,Main
Yahoo,2024-08-08,Maybe this will do like MCD did. They had terrible Q. And went up 10.00 the next day   Bottom is in as far as big boys concerned.   JMO.,Neutral,0,0.9296676516532898,Main
Yahoo,2024-08-08,"Anyone listening to conference call?  If the new CEO sounds confident in his plan we might have hit bottom.     If not this is a selling opportunity.  

Applovin ate their lunch.",Neutral,0,0.9797456860542297,Main
Yahoo,2024-08-08,when is the earning report conference?,Neutral,0,0.999954342842102,Main
Yahoo,2024-08-08,Up tomorrow,Neutral,0,0.9995282888412476,Main
Yahoo,2024-08-08,Big funds must be supporting bidprice. So they must think bottom is in.,Neutral,0,0.9085625410079956,Main
Yahoo,2024-08-08,Back to,Neutral,0,0.9995032548904419,Main
Yahoo,2024-08-08,"According to TradingView 
Unity reported as the following:

Earnings 
Reported 0.268
 Estimate 0.132 
Surprise 0.136(102.99%)

Revenue 
Reported 449.259M
Estimate 438.373 M
Surprise 10.886M (2.48%)

Unity also lowered its outlook for full-year adjusted earnings before interest, taxes, depreciation and amortization, which now calls for $340million to $350m. Unity previously was targeting $400 million to $425 million but said the lower top-line expectations largely drive the new view.",Negative,-1,0.9999994039535522,Main
Yahoo,2024-08-08,"These people can’t even manage to hold a conference on time, let alone figure out how much they are short of",Neutral,0,0.9999876022338867,Main
Yahoo,2024-08-08,Bottom is in. Up from here.,Neutral,0,0.9997983574867249,Main
Yahoo,2024-08-08,Their competitor posted a beat while Unity is struggling to turn things around. I can’t go long on a company like this. What am I missing here?,Negative,-1,0.9995673298835754,Main
Yahoo,2024-08-08,Looks like close to $10 m buy order after hours.,Neutral,0,0.9999752044677734,Main
Yahoo,2024-08-08,up from here,Neutral,0,0.9971390962600708,Main
Yahoo,2024-08-08,"Buy Cathie buy, you badly need a win !!",Positive,1,0.9455386400222778,Main
Yahoo,2024-08-08,Green tomorrow.,Neutral,0,0.9986000657081604,Main
Yahoo,2024-08-08,Will gap up pre market $2 imo,Neutral,0,0.9855960607528687,Main
Yahoo,2024-08-08,Nice.   https://finance.yahoo.com/news/unity-strengthens-advertising-leadership-team-200500846.html,Positive,1,0.9999949932098389,Main
Yahoo,2024-08-08,Any idea of U for tomorrow. CFO leaves and low guidance,Negative,-1,0.5139794945716858,Main
Yahoo,2024-08-08,its going to fly big time beat,Positive,1,0.7334414720535278,Main
Yahoo,2024-08-08,Where&#39;s the report? I usually read the summary on yahoo but can&#39;t find any :/,Neutral,0,0.9998877048492432,Main
Yahoo,2024-08-08,Missed guidance,Negative,-1,0.9999995231628418,Main
Yahoo,2024-08-08,I don&#39;t think insiders are done diving the stock.  They want it under 10.,Neutral,0,0.9994850158691406,Main
Yahoo,2024-08-08,The increase in the number of subscribers shows the potential...,Positive,1,0.9996819496154785,Main
Yahoo,2024-08-08,Green tomorrow,Neutral,0,0.9986000657081604,Main
Yahoo,2024-08-08,"Any new customer or partnership announcements?  Real profitability soon?

Conference call will tell everything.",Neutral,0,0.9987252354621887,Main
Yahoo,2024-08-08,"They beat - stock so beat up they can guide low and beat again - what they do is hard, I’m thinking the bottom finally will form - no immediate gratification- but will survive",Positive,1,0.9782261252403259,Main
Yahoo,2024-08-08,This is bottom.,Neutral,0,0.9987345337867737,Main
Yahoo,2024-08-08,Bankruptcy soon.,Negative,-1,0.6906052827835083,Main
Yahoo,2024-08-08,R,Neutral,0,0.9728135466575623,Main
Yahoo,2024-08-08,fraud of a company,Negative,-1,0.9994382262229919,Main
Yahoo,2024-08-08,Buy buy buy,Positive,1,0.9999998807907104,Main
Yahoo,2024-08-08,And up she goes,Neutral,0,0.9999086856842041,Main
Yahoo,2024-08-08,Green now!,Neutral,0,0.9990785121917725,Main
Yahoo,2024-08-08,"used to be a bull on this company.  bought it when it was in the 20s, watched it shoot up to low 40s and sold a large portion, sold the rest a couple months back in the low 20s or high teens, holy cow I&#39;m so glad I did, this thing is junk!!! they need everyone at the top replaced",Neutral,0,0.9944435954093933,Main
Yahoo,2024-08-08,Free fall yet,Neutral,0,0.9979817867279053,Main
Yahoo,2024-08-08,CFO leaving now. This company is a trainwreck.,Neutral,0,0.999642014503479,Main
Yahoo,2024-08-08,so a beat on top and bottom. but their forecast missed and that what crashing them.well I guess it was ono of  their better report compare to their last few.,Positive,1,0.9860357046127319,Main
Yahoo,2024-08-08,I’m seeing its down 7% and was down 13%…my eyes are fine bub,Negative,-1,0.9788134098052979,Main
Yahoo,2024-08-08,"Earnings, revenue and margins all contracted",Negative,-1,0.9989432692527771,Main
Yahoo,2024-08-08,Double beat,Positive,1,0.9999992847442627,Main
Yahoo,2024-08-08,It did beat and somehow negative after hours. Wait until tomorrow,Negative,-1,0.9291391372680664,Main
Yahoo,2024-08-08,Below $8 soon!,Negative,-1,0.8468602299690247,Main
Yahoo,2024-08-08,Huge beat!!!!!,Positive,1,0.9999978542327881,Main
Yahoo,2024-08-08,hard miss again,Negative,-1,0.9974427223205566,Main
Yahoo,2024-08-08,"BEAT!Buying 8K shares tmrw. Got some cash laying around, this is good.",Positive,1,0.9999977350234985,Main
Yahoo,2024-08-08,Lol,Neutral,0,0.9947978258132935,Main
Yahoo,2024-08-08,10usd eod,Neutral,0,0.9998162388801575,Main
Yahoo,2024-08-08,Sit bagholders,Neutral,0,0.9979569911956787,Main
Yahoo,2024-08-08,Green,Neutral,0,0.9811578392982483,Main
Yahoo,2024-08-08,Bloodbath,Neutral,0,0.9942387342453003,Main
Yahoo,2024-08-08,How low it will go?😋,Neutral,0,0.9961996674537659,Main
Yahoo,2024-08-08,Down down,Negative,-1,0.6601327657699585,Main
Yahoo,2024-08-08,Down down,Negative,-1,0.6601327657699585,Main
Yahoo,2024-08-08,Up Up Up,Positive,1,0.9811156988143921,Main
Yahoo,2024-08-08,Drum roll please!!,Neutral,0,0.9972167015075684,Main
Yahoo,2024-08-08,Good luck everyone. We’re about to find out our destiny 🤣,Positive,1,0.99920254945755,Main
Yahoo,2024-08-08,should have probably sold my few shares but YOLO I guess.,Neutral,0,0.9946227073669434,Main
Yahoo,2024-08-08,it&#39;s a pure coin flip,Neutral,0,0.999966025352478,Main
Yahoo,2024-08-08,P/C ratio is .35. Lot more calls being bought than puts.,Neutral,0,0.9999469518661499,Main
Yahoo,2024-08-08,Beat down so bad. If beat and decent guidance. 18.00 to 20.00. .,Positive,1,0.9990057349205017,Main
Yahoo,2024-08-08,$18-20,Neutral,0,0.9937153458595276,Main
Yahoo,2024-08-08,What time is ER?  4:00 pm?,Neutral,0,0.9999468326568604,Main
Yahoo,2024-08-08,Volume high everyday,Positive,1,0.9522509574890137,Main
Yahoo,2024-08-08,A few shorts trying to cover slow.  JMO,Neutral,0,0.9831579923629761,Main
Yahoo,2024-08-08,Will they announce Unity 6?,Neutral,0,0.9999865293502808,Main
Yahoo,2024-08-08,8 out of last 9 trading days down...70% of trading days since last earnings were down days...I&#39;d like to think it&#39;s bottomed...but it&#39;s still a $6B market cap business (EV of $7B with $2B debt / $1B cash)....and when stocks trade this poorly is generally because someone(s) know something...best of luck to longs...,Neutral,0,0.7873448133468628,Main
Yahoo,2024-08-08,who&#39;s terrified holding this into earnings......,Neutral,0,0.9972457885742188,Main
Yahoo,2024-08-08,"Seems like this company always disappoints, which is amazing since expectations are so low at this point. I will hold through earnings anyways; things always darkest before the dawn and whatnot.",Negative,-1,0.9999796152114868,Main
Yahoo,2024-08-08,What could they even do to break the downtrend?  FSLY has a similar 5 yr chart and can’t stop going down even after earnings last night.,Negative,-1,0.9203187823295593,Main
Yahoo,2024-08-08,With 32 million short. If beat. Could get 20% up day. It has been beat down so bad.,Negative,-1,0.9643858671188354,Main
Yahoo,2024-08-08,Software peers&#39; earning are terrible. I may have  the luck on Unity.,Negative,-1,0.9853948354721069,Main
Yahoo,2024-08-08,This was 18.00 3 weeks ago. Be nice to beat and get back there short term.,Positive,1,0.999993085861206,Main
Yahoo,2024-08-08,It’s gonna miss,Neutral,0,0.9627459645271301,Main
Yahoo,2024-08-08,This is beat down so bad. A slight beat and it rocks up.,Positive,1,0.9846394062042236,Main
Yahoo,2024-08-08,This will do a BYND and be up 20% tomorrow,Neutral,0,0.9964253306388855,Main
Yahoo,2024-08-08,Got a good feeling!,Positive,1,0.9999997615814209,Main
Yahoo,2024-08-08,Dead in the watr or tme to buy?,Neutral,0,0.9609551429748535,Main
Yahoo,2024-08-08,If they miss earnings it’s literally over for this company so let’s see what happens lol,Negative,-1,0.6490451693534851,Main
Yahoo,2024-08-08,Time to buy lots,Neutral,0,0.9986467957496643,Main
Yahoo,2024-08-07,Hope this pops to $20,Neutral,0,0.9942102432250977,Main
Yahoo,2024-08-09,"The kingdom of the bears is short-lived, sooner or later they will run away, and those who do not have time will have to lick their wounds for a long time in the caves of their losses. Look at LUMN - they trampled the company to the floor for more than a year, and what happened?",Neutral,0,0.5442318320274353,Main
Yahoo,2024-08-07,"$13.89 on carry trade, wish me luck.",Positive,1,0.7101707458496094,Main
Yahoo,2024-08-07,Down we go,Neutral,0,0.9999356269836426,Main
Yahoo,2024-08-07,Hopefully $U won’t drop to $8 in current market situation with lots of uncertainty!,Negative,-1,0.9861948490142822,Main
Yahoo,2024-08-07,sick!!!,Neutral,0,0.9448540806770325,Main
Yahoo,2024-08-07,"Given that fact that stock is 93% down from $210, I accept any earning matching a lower expectation.",Negative,-1,0.9995493292808533,Main
Yahoo,2024-08-07,I hope this will go up like UPST after earnings.,Neutral,0,0.9996147155761719,Main
Yahoo,2024-08-07,"supertrand (10,1)=15.29, can we break that line?",Neutral,0,0.9999704360961914,Main
Yahoo,2024-08-07,15 today,Neutral,0,0.9999834299087524,Main
Yahoo,2024-08-07,Thirteen today?,Neutral,0,0.9999682903289795,Main
Yahoo,2024-08-06,$18,Neutral,0,0.9987815022468567,Main
Yahoo,2024-08-06,$10 after er,Neutral,0,0.9997453093528748,Main
Yahoo,2024-08-06,Short this babe till $0 bam,Neutral,0,0.9998373985290527,Main
Yahoo,2024-08-06,so frustrated with this stock and D.U.M.B management.,Negative,-1,0.9999964237213135,Main
Yahoo,2024-08-06,Looks like we won’t do any thing till after the bomb drops.,Neutral,0,0.9031220078468323,Main
Yahoo,2024-08-06,"Market still gonna be rough til mid August, needs to drop more….",Negative,-1,0.9962553977966309,Main
Yahoo,2024-08-05,Gonna miss earnings. Big gap down,Negative,-1,0.9999850988388062,Main
Yahoo,2024-08-05,Unity has beaten up a lot lately for unknown reasons! It should be tracking back to upward movement now!,Positive,1,0.8926737904548645,Main
Yahoo,2024-08-05,"The president of the Chicago Fed said the Fed will respond to signs of weakness in the economy. Right now, interest rates are very high and we don&#39;t want to keep them there if we don&#39;t have to, and the data I&#39;ve received shows that we don&#39;t need to. But I can only speak for myself, and I don&#39;t know about other officials. 

Jeremey Siegel of the Wharton School called for the Fed to make an emergency 0.75% cut and follow it up with another 0.75% cut in September.",Neutral,0,0.9631973505020142,Main
Yahoo,2024-08-05,"Boooooom, let&#39;s see this hit -20% today. Buying at 8.2 on Friday :)",Neutral,0,0.9998795986175537,Main
Yahoo,2024-08-05,wow i was wrong. seeing what earnings will do.,Negative,-1,0.7916368246078491,Main
Yahoo,2024-08-05,But people are still going to vote for Kamala Harris who will continue the Biden economic plan?,Neutral,0,0.9995169639587402,Main
Yahoo,2024-08-05,Congratulations,Positive,1,0.9709907174110413,Main
Yahoo,2024-08-05,"Nikkei is badly bleeding causing the futures and everything to tank. U is in bloodbath in RH 24H session. 

Things are getting bad before the earnings. I hope JP and the Fed save the situation otherwise the whole market will plummet badly.",Negative,-1,0.9992319345474243,Main
Yahoo,2024-08-05,Futures tanking.   Guess Friday wasn’t the flush out,Neutral,0,0.8711951971054077,Main
Yahoo,2024-08-04,Buyout option on their table! It’s the best time for $U to accept it!,Neutral,0,0.9607979655265808,Main
Yahoo,2024-08-04,"They rejected buyout of $58 exactly 2 years ago as it was too low - With the new microsoft partnership, it should go back to $60+ easily",Neutral,0,0.9941458702087402,Main
Yahoo,2024-08-04,29 analysts average pt has around 67% upside and a buy rating. P/s is super cheap too.,Positive,1,1.0,Main
Yahoo,2024-08-02,"Rate cuts are now a MUST in sept and nov,  and in fact analysts are now thinking US may have to cut 0.5% aggressively in Sept. extremely bullish for growth stocks like $U 😎",Positive,1,0.9999866485595703,Main
Yahoo,2024-08-02,😅,Neutral,0,0.9673532843589783,Main
Yahoo,2024-08-02,Doesnt take much to push this thing up 😎,Neutral,0,0.9158318638801575,Main
Yahoo,2024-08-02,"I have tried the Vision Pro. That is the future for gaming. Whatever people say, unity is on board with apple. The stock won&#39;t go to 200 due dilution, but 40 to 60 could be possible within 3-5 years.",Neutral,0,0.9998840093612671,Main
Yahoo,2024-08-02,"I keep thinking I&#39;ve bought the bottom, and then I immediately get spanked for my temerity yet again. I need to have my head examined.",Neutral,0,0.9998780488967896,Main
Yahoo,2024-08-02,Here come the buyout jaggoffs out of the cracks,Neutral,0,0.9995017051696777,Main
Yahoo,2024-08-02,Co been very quiet I’m starting to think they are in buyout talks.,Neutral,0,0.991489827632904,Main
Yahoo,2024-08-02,"The worst part for this type of company is that the lower and lower stock prices will only drive high-performing employees away. They will leave on their own, not waiting for some fake layoffs.They can get better compensation at top companies, why would they waste their life working for a deadbeat company, lining the pockets of already rich executives. And that&#39;s what earnings reports cannot show. But you bet it&#39;s been happening for a while now.",Negative,-1,0.9943081736564636,Main
Yahoo,2024-08-02,Not a good buy above 10.,Negative,-1,0.9999814033508301,Main
Yahoo,2024-08-01,Unity is the Intel of game engines. Watch and learn,Neutral,0,0.9999492168426514,Main
Yahoo,2024-08-01,Keep buying this is total manipulation of stock price,Neutral,0,0.9987840056419373,Main
Yahoo,2024-08-01,210 to 16 over three years and they still feel the need to beat it down 6% on no news... Wall Street is fascinating. These crooks should be interrogated by the SEC and put behind bars.,Negative,-1,0.5131345391273499,Main
Yahoo,2024-08-01,"What are you guys expectations for the earnings call?

Mine are 
- operate down significantly, 
- create remaining flat at best, 
- more dilution coming,
- board/CEO playing all cool like in last call and not being clear in their statements

Zero tolerance, only if three areas are better than that, and the BoD impression is one, I’ll keep investing.",Negative,-1,0.9708021283149719,Main
Yahoo,2024-08-01,seems there is going to be a new All time low,Neutral,0,0.8389571309089661,Main
Yahoo,2024-08-01,"I am right here, baby don&#39;t worry.The worst is yet to come ~ JR probably",Negative,-1,0.9559286236763,Main
Yahoo,2024-08-01,where is everyone?,Neutral,0,0.9994533658027649,Main
Yahoo,2024-08-01,"Sad close for U!  Until the quarterly earnings report it’s probably not going to participate.   But it could drift up to $20 in anticipation.  

Then either rip to $25.  Or crash to $12.  

My guess is all bad news is priced in.  But been very wrong before.   

Apple tomorrow nt could also provide a lift w Vision Pro increased guidance.",Positive,1,0.9999997615814209,Main
