[
    {
        "Holder": "Silver Lake Group, LLC",
        "Shares": "34.74M",
        "Date Reported": "Sep 30, 2024",
        "% Out": "8.62%",
        "Value": "793,356,632"
    },
    {
        "Holder": "Sc Us (ttgp), Ltd.",
        "Shares": "32.16M",
        "Date Reported": "Sep 30, 2024",
        "% Out": "7.98%",
        "Value": "734,446,470"
    },
    {
        "Holder": "Vanguard Group Inc",
        "Shares": "30.5M",
        "Date Reported": "Sep 30, 2024",
        "% Out": "7.57%",
        "Value": "696,555,207"
    },
    {
        "Holder": "Capital International Investors",
        "Shares": "17.1M",
        "Date Reported": "Sep 30, 2024",
        "% Out": "4.25%",
        "Value": "390,582,754"
    },
    {
        "Holder": "Blackrock Inc.",
        "Shares": "15.05M",
        "Date Reported": "Sep 30, 2024",
        "% Out": "3.74%",
        "Value": "343,706,737"
    },
    {
        "Holder": "Resolute Advisors LLC",
        "Shares": "14.16M",
        "Date Reported": "Sep 30, 2024",
        "% Out": "3.51%",
        "Value": "323,308,812"
    },
    {
        "Holder": "Capital Research Global Investors",
        "Shares": "13.93M",
        "Date Reported": "Sep 30, 2024",
        "% Out": "3.46%",
        "Value": "318,101,247"
    },
    {
        "Holder": "Norges Bank Investment Management",
        "Shares": "11.87M",
        "Date Reported": "Jun 30, 2024",
        "% Out": "2.95%",
        "Value": "271,140,859"
    },
    {
        "Holder": "FMR, LLC",
        "Shares": "9.96M",
        "Date Reported": "Sep 30, 2024",
        "% Out": "2.47%",
        "Value": "227,585,527"
    },
    {
        "Holder": "UBS Group AG",
        "Shares": "9.04M",
        "Date Reported": "Sep 30, 2024",
        "% Out": "2.24%",
        "Value": "206,528,029"
    }
]