[
    {
        "Holder": "Vanguard Group Inc",
        "Shares": "12.7M",
        "Date Reported": "Sep 30, 2024",
        "% Out": "11.86%",
        "Value": "2,319,658,935"
    },
    {
        "Holder": "Blackrock Inc.",
        "Shares": "11.12M",
        "Date Reported": "Sep 30, 2024",
        "% Out": "10.39%",
        "Value": "2,031,607,221"
    },
    {
        "Holder": "State Street Corporation",
        "Shares": "4.96M",
        "Date Reported": "Sep 30, 2024",
        "% Out": "4.63%",
        "Value": "905,229,908"
    },
    {
        "Holder": "FMR, LLC",
        "Shares": "3.99M",
        "Date Reported": "Sep 30, 2024",
        "% Out": "3.72%",
        "Value": "728,282,984"
    },
    {
        "Holder": "Geode Capital Management, LLC",
        "Shares": "2.6M",
        "Date Reported": "Sep 30, 2024",
        "% Out": "2.43%",
        "Value": "475,295,135"
    },
    {
        "Holder": "Capital Research Global Investors",
        "Shares": "2.39M",
        "Date Reported": "Sep 30, 2024",
        "% Out": "2.23%",
        "Value": "436,325,910"
    },
    {
        "Holder": "Wellington Management Group, LLP",
        "Shares": "2.1M",
        "Date Reported": "Sep 30, 2024",
        "% Out": "1.96%",
        "Value": "383,041,597"
    },
    {
        "Holder": "Voya Investment Management LLC",
        "Shares": "1.91M",
        "Date Reported": "Sep 30, 2024",
        "% Out": "1.78%",
        "Value": "348,418,235"
    },
    {
        "Holder": "BNP Paribas Asset Management Holding S.A.",
        "Shares": "1.74M",
        "Date Reported": "Sep 30, 2024",
        "% Out": "1.63%",
        "Value": "318,472,576"
    },
    {
        "Holder": "Invesco Ltd.",
        "Shares": "1.61M",
        "Date Reported": "Sep 30, 2024",
        "% Out": "1.50%",
        "Value": "294,239,401"
    }
]