[
    {
        "Holder": "Vanguard Group Inc",
        "Shares": "28.35M",
        "Date Reported": "Sep 30, 2024",
        "% Out": "9.48%",
        "Value": "4,110,095,745"
    },
    {
        "Holder": "Blackrock Inc.",
        "Shares": "24.77M",
        "Date Reported": "Sep 30, 2024",
        "% Out": "8.28%",
        "Value": "3,591,816,327"
    },
    {
        "Holder": "Price (T.Rowe) Associates Inc",
        "Shares": "21.92M",
        "Date Reported": "Sep 30, 2024",
        "% Out": "7.33%",
        "Value": "3,178,360,346"
    },
    {
        "Holder": "Dodge & Cox Inc",
        "Shares": "15.99M",
        "Date Reported": "Sep 30, 2024",
        "% Out": "5.34%",
        "Value": "2,318,257,097"
    },
    {
        "Holder": "State Street Corporation",
        "Shares": "12.85M",
        "Date Reported": "Sep 30, 2024",
        "% Out": "4.30%",
        "Value": "1,863,370,907"
    },
    {
        "Holder": "Geode Capital Management, LLC",
        "Shares": "5.98M",
        "Date Reported": "Sep 30, 2024",
        "% Out": "2.00%",
        "Value": "867,251,487"
    },
    {
        "Holder": "Ameriprise Financial, Inc.",
        "Shares": "5.01M",
        "Date Reported": "Sep 30, 2024",
        "% Out": "1.68%",
        "Value": "726,520,710"
    },
    {
        "Holder": "Bank of America Corporation",
        "Shares": "4.79M",
        "Date Reported": "Sep 30, 2024",
        "% Out": "1.60%",
        "Value": "694,972,772"
    },
    {
        "Holder": "Massachusetts Financial Services Co.",
        "Shares": "4.75M",
        "Date Reported": "Sep 30, 2024",
        "% Out": "1.59%",
        "Value": "688,603,946"
    },
    {
        "Holder": "Invesco Ltd.",
        "Shares": "4.32M",
        "Date Reported": "Sep 30, 2024",
        "% Out": "1.44%",
        "Value": "625,986,941"
    }
]