[
    {
        "Holder": "Blackrock Inc.",
        "Shares": "5.97M",
        "Date Reported": "Sep 30, 2024",
        "% Out": "12.09%",
        "Value": "1,019,100,990"
    },
    {
        "Holder": "Vanguard Group Inc",
        "Shares": "5.09M",
        "Date Reported": "Sep 30, 2024",
        "% Out": "10.31%",
        "Value": "868,643,035"
    },
    {
        "Holder": "JP Morgan Chase & Company",
        "Shares": "1.78M",
        "Date Reported": "Jun 30, 2024",
        "% Out": "3.60%",
        "Value": "303,706,371"
    },
    {
        "Holder": "State Street Corporation",
        "Shares": "1.47M",
        "Date Reported": "Sep 30, 2024",
        "% Out": "2.98%",
        "Value": "250,864,914"
    },
    {
        "Holder": "Franklin Resources, Inc.",
        "Shares": "1.28M",
        "Date Reported": "Sep 30, 2024",
        "% Out": "2.60%",
        "Value": "218,752,163"
    },
    {
        "Holder": "Paradigm Capital Management",
        "Shares": "1.1M",
        "Date Reported": "Sep 30, 2024",
        "% Out": "2.24%",
        "Value": "188,568,893"
    },
    {
        "Holder": "Congress Asset Management Co",
        "Shares": "1.07M",
        "Date Reported": "Sep 30, 2024",
        "% Out": "2.17%",
        "Value": "183,083,369"
    },
    {
        "Holder": "Artisan Partners Limited Partnership",
        "Shares": "1.07M",
        "Date Reported": "Sep 30, 2024",
        "% Out": "2.17%",
        "Value": "182,656,036"
    },
    {
        "Holder": "Invesco Ltd.",
        "Shares": "1.05M",
        "Date Reported": "Sep 30, 2024",
        "% Out": "2.13%",
        "Value": "179,171,330"
    },
    {
        "Holder": "Geneva Capital Management LLC",
        "Shares": "939.64k",
        "Date Reported": "Sep 30, 2024",
        "% Out": "1.90%",
        "Value": "160,359,136"
    }
]