[
    {
        "Holder": "Vanguard Group Inc",
        "Shares": "52.88M",
        "Date Reported": "Sep 30, 2024",
        "% Out": "9.45%",
        "Value": "4,704,613,644"
    },
    {
        "Holder": "Blackrock Inc.",
        "Shares": "30.81M",
        "Date Reported": "Sep 30, 2024",
        "% Out": "5.50%",
        "Value": "2,741,123,832"
    },
    {
        "Holder": "FMR, LLC",
        "Shares": "23.02M",
        "Date Reported": "Sep 30, 2024",
        "% Out": "4.11%",
        "Value": "2,047,923,943"
    },
    {
        "Holder": "Morgan Stanley",
        "Shares": "16.4M",
        "Date Reported": "Sep 30, 2024",
        "% Out": "2.93%",
        "Value": "1,459,467,814"
    },
    {
        "Holder": "JP Morgan Chase & Company",
        "Shares": "14.6M",
        "Date Reported": "Jun 30, 2024",
        "% Out": "2.61%",
        "Value": "1,298,677,936"
    },
    {
        "Holder": "State Street Corporation",
        "Shares": "11.92M",
        "Date Reported": "Sep 30, 2024",
        "% Out": "2.13%",
        "Value": "1,060,926,783"
    },
    {
        "Holder": "Sands Capital Management, LLC",
        "Shares": "11.23M",
        "Date Reported": "Sep 30, 2024",
        "% Out": "2.01%",
        "Value": "998,941,294"
    },
    {
        "Holder": "Baillie Gifford and Company",
        "Shares": "10.23M",
        "Date Reported": "Sep 30, 2024",
        "% Out": "1.83%",
        "Value": "910,439,097"
    },
    {
        "Holder": "Geode Capital Management, LLC",
        "Shares": "8.69M",
        "Date Reported": "Sep 30, 2024",
        "% Out": "1.55%",
        "Value": "773,155,983"
    },
    {
        "Holder": "Sumitomo Mitsui Trust Holdings, Inc.",
        "Shares": "7.88M",
        "Date Reported": "Sep 30, 2024",
        "% Out": "1.41%",
        "Value": "701,267,866"
    }
]