[
    {
        "Holder": "Hood River Capital Management LLC",
        "Shares": "13.68M",
        "Date Reported": "Sep 30, 2024",
        "% Out": "6.48%",
        "Value": "114,796,750"
    },
    {
        "Holder": "Clearfield Capital Management LP",
        "Shares": "12.06M",
        "Date Reported": "Sep 30, 2024",
        "% Out": "5.71%",
        "Value": "101,199,043"
    },
    {
        "Holder": "Oasis Management Co Ltd.",
        "Shares": "10.18M",
        "Date Reported": "Sep 30, 2024",
        "% Out": "4.82%",
        "Value": "85,446,364"
    },
    {
        "Holder": "Vanguard Group Inc",
        "Shares": "9.17M",
        "Date Reported": "Sep 30, 2024",
        "% Out": "4.34%",
        "Value": "76,956,573"
    },
    {
        "Holder": "Blackrock Inc.",
        "Shares": "9.12M",
        "Date Reported": "Sep 30, 2024",
        "% Out": "4.32%",
        "Value": "76,500,979"
    },
    {
        "Holder": "Nvidia Corp",
        "Shares": "7.72M",
        "Date Reported": "Sep 30, 2024",
        "% Out": "3.65%",
        "Value": "64,737,662"
    },
    {
        "Holder": "Millennium Management Llc",
        "Shares": "7.61M",
        "Date Reported": "Sep 30, 2024",
        "% Out": "3.60%",
        "Value": "63,851,418"
    },
    {
        "Holder": "Diameter Capital Partners LP",
        "Shares": "6.33M",
        "Date Reported": "Sep 30, 2024",
        "% Out": "3.00%",
        "Value": "53,084,882"
    },
    {
        "Holder": "Sona Asset Management (US) LLC",
        "Shares": "3.64M",
        "Date Reported": "Sep 30, 2024",
        "% Out": "1.72%",
        "Value": "30,549,316"
    },
    {
        "Holder": "Geode Capital Management, LLC",
        "Shares": "3.06M",
        "Date Reported": "Sep 30, 2024",
        "% Out": "1.45%",
        "Value": "25,683,133"
    }
]