[
    {
        "Holder": "Blackrock Inc.",
        "Shares": "5.29M",
        "Date Reported": "Sep 30, 2024",
        "% Out": "18.00%",
        "Value": "1,140,804,502"
    },
    {
        "Holder": "Vanguard Group Inc",
        "Shares": "3.8M",
        "Date Reported": "Sep 30, 2024",
        "% Out": "12.91%",
        "Value": "818,072,256"
    },
    {
        "Holder": "State Street Corporation",
        "Shares": "1.47M",
        "Date Reported": "Sep 30, 2024",
        "% Out": "4.98%",
        "Value": "315,691,124"
    },
    {
        "Holder": "Geode Capital Management, LLC",
        "Shares": "778.65k",
        "Date Reported": "Sep 30, 2024",
        "% Out": "2.65%",
        "Value": "167,761,217"
    },
    {
        "Holder": "Morgan Stanley",
        "Shares": "726.26k",
        "Date Reported": "Sep 30, 2024",
        "% Out": "2.47%",
        "Value": "156,472,930"
    },
    {
        "Holder": "Dimensional Fund Advisors LP",
        "Shares": "564.29k",
        "Date Reported": "Sep 30, 2024",
        "% Out": "1.92%",
        "Value": "121,576,494"
    },
    {
        "Holder": "Invesco Ltd.",
        "Shares": "493.23k",
        "Date Reported": "Sep 30, 2024",
        "% Out": "1.68%",
        "Value": "106,265,755"
    },
    {
        "Holder": "JP Morgan Chase & Company",
        "Shares": "488.32k",
        "Date Reported": "Jun 30, 2024",
        "% Out": "1.66%",
        "Value": "105,208,327"
    },
    {
        "Holder": "Impax Asset Management Group Plc",
        "Shares": "457.47k",
        "Date Reported": "Sep 30, 2024",
        "% Out": "1.56%",
        "Value": "98,561,694"
    },
    {
        "Holder": "Goldman Sachs Group Inc",
        "Shares": "433.01k",
        "Date Reported": "Sep 30, 2024",
        "% Out": "1.47%",
        "Value": "93,292,864"
    }
]