[
    {
        "Holder": "Blackrock Inc.",
        "Shares": "15.22M",
        "Date Reported": "Sep 30, 2024",
        "% Out": "10.02%",
        "Value": "91,776,006"
    },
    {
        "Holder": "Vanguard Group Inc",
        "Shares": "14.33M",
        "Date Reported": "Sep 30, 2024",
        "% Out": "9.43%",
        "Value": "86,424,079"
    },
    {
        "Holder": "Hill City Capital, Lp",
        "Shares": "14.27M",
        "Date Reported": "Sep 30, 2024",
        "% Out": "9.39%",
        "Value": "86,019,973"
    },
    {
        "Holder": "Schroder Investment Management Group",
        "Shares": "9.5M",
        "Date Reported": "Sep 30, 2024",
        "% Out": "6.25%",
        "Value": "57,287,413"
    },
    {
        "Holder": "Grantham, Mayo, Van Otterloo & Co. LLC",
        "Shares": "8.14M",
        "Date Reported": "Sep 30, 2024",
        "% Out": "5.36%",
        "Value": "49,072,817"
    },
    {
        "Holder": "Goldman Sachs Group Inc",
        "Shares": "7.55M",
        "Date Reported": "Sep 30, 2024",
        "% Out": "4.97%",
        "Value": "45,550,549"
    },
    {
        "Holder": "Sourcerock Group, LLC",
        "Shares": "7.43M",
        "Date Reported": "Sep 30, 2024",
        "% Out": "4.89%",
        "Value": "44,825,520"
    },
    {
        "Holder": "BNP Paribas Asset Management Holding S.A.",
        "Shares": "6.6M",
        "Date Reported": "Sep 30, 2024",
        "% Out": "4.35%",
        "Value": "39,827,530"
    },
    {
        "Holder": "Morgan Stanley",
        "Shares": "5.46M",
        "Date Reported": "Sep 30, 2024",
        "% Out": "3.59%",
        "Value": "32,911,433"
    },
    {
        "Holder": "Pictet Asset Management Holding SA",
        "Shares": "5.14M",
        "Date Reported": "Sep 30, 2024",
        "% Out": "3.38%",
        "Value": "30,978,703"
    }
]