[
    {
        "Holder": "Vanguard Group Inc",
        "Shares": "2.88M",
        "Date Reported": "Sep 30, 2024",
        "% Out": "11.83%",
        "Value": "5,870,598,865"
    },
    {
        "Holder": "Blackrock Inc.",
        "Shares": "2.36M",
        "Date Reported": "Sep 30, 2024",
        "% Out": "9.69%",
        "Value": "4,805,778,177"
    },
    {
        "Holder": "State Street Corporation",
        "Shares": "1.05M",
        "Date Reported": "Sep 30, 2024",
        "% Out": "4.29%",
        "Value": "2,129,345,963"
    },
    {
        "Holder": "Price (T.Rowe) Associates Inc",
        "Shares": "934.89k",
        "Date Reported": "Sep 30, 2024",
        "% Out": "3.84%",
        "Value": "1,904,677,365"
    },
    {
        "Holder": "Valley Forge Capital Management, LP",
        "Shares": "808.79k",
        "Date Reported": "Sep 30, 2024",
        "% Out": "3.32%",
        "Value": "1,647,778,207"
    },
    {
        "Holder": "JP Morgan Chase & Company",
        "Shares": "665.78k",
        "Date Reported": "Jun 30, 2024",
        "% Out": "2.73%",
        "Value": "1,356,405,388"
    },
    {
        "Holder": "Geode Capital Management, LLC",
        "Shares": "645.38k",
        "Date Reported": "Sep 30, 2024",
        "% Out": "2.65%",
        "Value": "1,314,849,969"
    },
    {
        "Holder": "Morgan Stanley",
        "Shares": "513.19k",
        "Date Reported": "Sep 30, 2024",
        "% Out": "2.11%",
        "Value": "1,045,545,509"
    },
    {
        "Holder": "Kayne Anderson Rudnick Investment Management LLC",
        "Shares": "462.54k",
        "Date Reported": "Sep 30, 2024",
        "% Out": "1.90%",
        "Value": "942,340,485"
    },
    {
        "Holder": "American Century Companies Inc",
        "Shares": "388.6k",
        "Date Reported": "Sep 30, 2024",
        "% Out": "1.60%",
        "Value": "791,708,458"
    }
]