[
    {
        "Holder": "FMR, LLC",
        "Shares": "52.08M",
        "Date Reported": "Sep 30, 2024",
        "% Out": "12.82%",
        "Value": "693,155,406"
    },
    {
        "Holder": "Vanguard Group Inc",
        "Shares": "35.02M",
        "Date Reported": "Sep 30, 2024",
        "% Out": "8.62%",
        "Value": "466,085,654"
    },
    {
        "Holder": "Blackrock Inc.",
        "Shares": "18.36M",
        "Date Reported": "Sep 30, 2024",
        "% Out": "4.52%",
        "Value": "244,356,873"
    },
    {
        "Holder": "UBS Asset Management Americas Inc",
        "Shares": "18.05M",
        "Date Reported": "Sep 30, 2024",
        "% Out": "4.44%",
        "Value": "240,283,827"
    },
    {
        "Holder": "Appaloosa LP",
        "Shares": "15.75M",
        "Date Reported": "Sep 30, 2024",
        "% Out": "3.88%",
        "Value": "209,632,506"
    },
    {
        "Holder": "Ameriprise Financial, Inc.",
        "Shares": "12.82M",
        "Date Reported": "Sep 30, 2024",
        "% Out": "3.15%",
        "Value": "170,605,974"
    },
    {
        "Holder": "Jacobs Levy Equity Management, Inc.",
        "Shares": "8.11M",
        "Date Reported": "Sep 30, 2024",
        "% Out": "2.00%",
        "Value": "107,999,552"
    },
    {
        "Holder": "Pacer Advisors, Inc.",
        "Shares": "7.11M",
        "Date Reported": "Sep 30, 2024",
        "% Out": "1.75%",
        "Value": "94,583,764"
    },
    {
        "Holder": "State Street Corporation",
        "Shares": "6.9M",
        "Date Reported": "Sep 30, 2024",
        "% Out": "1.70%",
        "Value": "91,860,937"
    },
    {
        "Holder": "Primecap Management Company",
        "Shares": "6.49M",
        "Date Reported": "Sep 30, 2024",
        "% Out": "1.60%",
        "Value": "86,403,065"
    }
]