[
    {
        "Holder": "Baillie Gifford and Company",
        "Shares": "9.41M",
        "Date Reported": "Sep 30, 2024",
        "% Out": "9.08%",
        "Value": "955,492,604"
    },
    {
        "Holder": "Vanguard Group Inc",
        "Shares": "9.18M",
        "Date Reported": "Sep 30, 2024",
        "% Out": "8.86%",
        "Value": "932,321,579"
    },
    {
        "Holder": "FMR, LLC",
        "Shares": "5.48M",
        "Date Reported": "Sep 30, 2024",
        "% Out": "5.28%",
        "Value": "555,852,133"
    },
    {
        "Holder": "Blackrock Inc.",
        "Shares": "5.21M",
        "Date Reported": "Sep 30, 2024",
        "% Out": "5.02%",
        "Value": "528,538,685"
    },
    {
        "Holder": "JP Morgan Chase & Company",
        "Shares": "4.59M",
        "Date Reported": "Jun 30, 2024",
        "% Out": "4.43%",
        "Value": "466,483,470"
    },
    {
        "Holder": "Voya Investment Management LLC",
        "Shares": "3.8M",
        "Date Reported": "Sep 30, 2024",
        "% Out": "3.66%",
        "Value": "385,473,559"
    },
    {
        "Holder": "FIL LTD",
        "Shares": "3.18M",
        "Date Reported": "Sep 30, 2024",
        "% Out": "3.07%",
        "Value": "322,821,406"
    },
    {
        "Holder": "Capital Research Global Investors",
        "Shares": "3.14M",
        "Date Reported": "Sep 30, 2024",
        "% Out": "3.03%",
        "Value": "318,953,393"
    },
    {
        "Holder": "Pictet Asset Management Holding SA",
        "Shares": "2.97M",
        "Date Reported": "Sep 30, 2024",
        "% Out": "2.86%",
        "Value": "301,187,698"
    },
    {
        "Holder": "Sylebra Capital LLC",
        "Shares": "2.8M",
        "Date Reported": "Sep 30, 2024",
        "% Out": "2.71%",
        "Value": "284,725,012"
    }
]