[
    {
        "Holder": "Price (T.Rowe) Associates Inc",
        "Shares": "11.64M",
        "Date Reported": "Sep 30, 2024",
        "% Out": "11.24%",
        "Value": "1,011,809,139"
    },
    {
        "Holder": "Vanguard Group Inc",
        "Shares": "10.79M",
        "Date Reported": "Sep 30, 2024",
        "% Out": "10.42%",
        "Value": "937,688,353"
    },
    {
        "Holder": "Morgan Stanley",
        "Shares": "7.81M",
        "Date Reported": "Sep 30, 2024",
        "% Out": "7.55%",
        "Value": "679,076,100"
    },
    {
        "Holder": "Temasek Holdings (Private) Limited",
        "Shares": "5.63M",
        "Date Reported": "Sep 30, 2024",
        "% Out": "5.44%",
        "Value": "489,237,823"
    },
    {
        "Holder": "Abdiel Capital Advisors, LP",
        "Shares": "5.12M",
        "Date Reported": "Sep 30, 2024",
        "% Out": "4.95%",
        "Value": "445,231,837"
    },
    {
        "Holder": "Blackrock Inc.",
        "Shares": "4.93M",
        "Date Reported": "Sep 30, 2024",
        "% Out": "4.77%",
        "Value": "428,955,886"
    },
    {
        "Holder": "FMR, LLC",
        "Shares": "3.16M",
        "Date Reported": "Sep 30, 2024",
        "% Out": "3.05%",
        "Value": "274,762,662"
    },
    {
        "Holder": "Newlands Management Operations LLC",
        "Shares": "2.62M",
        "Date Reported": "Sep 30, 2024",
        "% Out": "2.53%",
        "Value": "227,788,196"
    },
    {
        "Holder": "Groupama Asset Managment",
        "Shares": "2.15M",
        "Date Reported": "Sep 30, 2024",
        "% Out": "2.08%",
        "Value": "186,921,005"
    },
    {
        "Holder": "State Street Corporation",
        "Shares": "1.84M",
        "Date Reported": "Sep 30, 2024",
        "% Out": "1.78%",
        "Value": "159,862,581"
    }
]