[
    {
        "Holder": "Vanguard Group Inc",
        "Shares": "63.67M",
        "Date Reported": "Sep 30, 2024",
        "% Out": "11.83%",
        "Value": "5,195,452,237"
    },
    {
        "Holder": "Blackrock Inc.",
        "Shares": "48.61M",
        "Date Reported": "Sep 30, 2024",
        "% Out": "9.03%",
        "Value": "3,966,420,477"
    },
    {
        "Holder": "Dodge & Cox Inc",
        "Shares": "41.07M",
        "Date Reported": "Sep 30, 2024",
        "% Out": "7.63%",
        "Value": "3,351,580,890"
    },
    {
        "Holder": "Capital Research Global Investors",
        "Shares": "28.35M",
        "Date Reported": "Sep 30, 2024",
        "% Out": "5.27%",
        "Value": "2,313,389,087"
    },
    {
        "Holder": "State Street Corporation",
        "Shares": "24.72M",
        "Date Reported": "Sep 30, 2024",
        "% Out": "4.59%",
        "Value": "2,017,337,602"
    },
    {
        "Holder": "JP Morgan Chase & Company",
        "Shares": "16.35M",
        "Date Reported": "Jun 30, 2024",
        "% Out": "3.04%",
        "Value": "1,334,494,535"
    },
    {
        "Holder": "Geode Capital Management, LLC",
        "Shares": "12.84M",
        "Date Reported": "Sep 30, 2024",
        "% Out": "2.39%",
        "Value": "1,048,024,847"
    },
    {
        "Holder": "Boston Partners",
        "Shares": "11.55M",
        "Date Reported": "Sep 30, 2024",
        "% Out": "2.15%",
        "Value": "942,684,635"
    },
    {
        "Holder": "Goldman Sachs Group Inc",
        "Shares": "11M",
        "Date Reported": "Sep 30, 2024",
        "% Out": "2.04%",
        "Value": "897,537,722"
    },
    {
        "Holder": "Charles Schwab Investment Management, Inc.",
        "Shares": "10.16M",
        "Date Reported": "Sep 30, 2024",
        "% Out": "1.89%",
        "Value": "829,452,642"
    }
]