[
    {
        "Holder": "Vanguard Group Inc",
        "Shares": "24.27M",
        "Date Reported": "Sep 30, 2024",
        "% Out": "9.26%",
        "Value": "2,034,277,277"
    },
    {
        "Holder": "Blackrock Inc.",
        "Shares": "15.38M",
        "Date Reported": "Sep 30, 2024",
        "% Out": "5.87%",
        "Value": "1,289,057,465"
    },
    {
        "Holder": "FMR, LLC",
        "Shares": "12.44M",
        "Date Reported": "Sep 30, 2024",
        "% Out": "4.75%",
        "Value": "1,043,130,424"
    },
    {
        "Holder": "AQR Capital Management, LLC",
        "Shares": "7.17M",
        "Date Reported": "Sep 30, 2024",
        "% Out": "2.73%",
        "Value": "600,589,995"
    },
    {
        "Holder": "State Street Corporation",
        "Shares": "6.11M",
        "Date Reported": "Sep 30, 2024",
        "% Out": "2.33%",
        "Value": "511,829,477"
    },
    {
        "Holder": "Newlands Management Operations LLC",
        "Shares": "5.79M",
        "Date Reported": "Sep 30, 2024",
        "% Out": "2.21%",
        "Value": "484,947,984"
    },
    {
        "Holder": "Pacer Advisors, Inc.",
        "Shares": "5.48M",
        "Date Reported": "Sep 30, 2024",
        "% Out": "2.09%",
        "Value": "459,348,602"
    },
    {
        "Holder": "T. Rowe Price Investment Management, Inc.",
        "Shares": "5.14M",
        "Date Reported": "Sep 30, 2024",
        "% Out": "1.96%",
        "Value": "430,650,897"
    },
    {
        "Holder": "Geode Capital Management, LLC",
        "Shares": "4.6M",
        "Date Reported": "Sep 30, 2024",
        "% Out": "1.75%",
        "Value": "385,189,360"
    },
    {
        "Holder": "UBS Asset Management Americas Inc",
        "Shares": "4.09M",
        "Date Reported": "Sep 30, 2024",
        "% Out": "1.56%",
        "Value": "342,509,473"
    }
]