[
    {
        "Holder": "Vanguard Group Inc",
        "Shares": "21.58M",
        "Date Reported": "Sep 30, 2024",
        "% Out": "9.23%",
        "Value": "7,662,003,487"
    },
    {
        "Holder": "Blackrock Inc.",
        "Shares": "18.11M",
        "Date Reported": "Sep 30, 2024",
        "% Out": "7.74%",
        "Value": "6,427,446,633"
    },
    {
        "Holder": "State Street Corporation",
        "Shares": "9.63M",
        "Date Reported": "Sep 30, 2024",
        "% Out": "4.12%",
        "Value": "3,418,829,078"
    },
    {
        "Holder": "Morgan Stanley",
        "Shares": "6.4M",
        "Date Reported": "Sep 30, 2024",
        "% Out": "2.74%",
        "Value": "2,272,900,800"
    },
    {
        "Holder": "Jennison Associates LLC",
        "Shares": "5.07M",
        "Date Reported": "Sep 30, 2024",
        "% Out": "2.17%",
        "Value": "1,799,373,262"
    },
    {
        "Holder": "Geode Capital Management, LLC",
        "Shares": "4.89M",
        "Date Reported": "Sep 30, 2024",
        "% Out": "2.09%",
        "Value": "1,737,128,252"
    },
    {
        "Holder": "JP Morgan Chase & Company",
        "Shares": "3.67M",
        "Date Reported": "Jun 30, 2024",
        "% Out": "1.57%",
        "Value": "1,304,097,262"
    },
    {
        "Holder": "Bank of Montreal /CAN/",
        "Shares": "3.48M",
        "Date Reported": "Sep 30, 2024",
        "% Out": "1.49%",
        "Value": "1,236,099,285"
    },
    {
        "Holder": "Norges Bank Investment Management",
        "Shares": "2.76M",
        "Date Reported": "Jun 30, 2024",
        "% Out": "1.18%",
        "Value": "978,314,429"
    },
    {
        "Holder": "First Trust Advisors LP",
        "Shares": "2.74M",
        "Date Reported": "Sep 30, 2024",
        "% Out": "1.17%",
        "Value": "972,017,616"
    }
]