[
    {
        "Holder": "Blackrock Inc.",
        "Shares": "11.93M",
        "Date Reported": "Sep 30, 2024",
        "% Out": "15.41%",
        "Value": "547,891,197"
    },
    {
        "Holder": "Vanguard Group Inc",
        "Shares": "10.1M",
        "Date Reported": "Sep 30, 2024",
        "% Out": "13.04%",
        "Value": "463,657,986"
    },
    {
        "Holder": "Earnest Partners LLC",
        "Shares": "5.44M",
        "Date Reported": "Sep 30, 2024",
        "% Out": "7.03%",
        "Value": "249,926,753"
    },
    {
        "Holder": "State Street Corporation",
        "Shares": "2.91M",
        "Date Reported": "Sep 30, 2024",
        "% Out": "3.76%",
        "Value": "133,786,215"
    },
    {
        "Holder": "Primecap Management Company",
        "Shares": "2.84M",
        "Date Reported": "Sep 30, 2024",
        "% Out": "3.66%",
        "Value": "130,328,485"
    },
    {
        "Holder": "Geode Capital Management, LLC",
        "Shares": "2.07M",
        "Date Reported": "Sep 30, 2024",
        "% Out": "2.67%",
        "Value": "94,924,626"
    },
    {
        "Holder": "Dimensional Fund Advisors LP",
        "Shares": "1.99M",
        "Date Reported": "Sep 30, 2024",
        "% Out": "2.57%",
        "Value": "91,464,416"
    },
    {
        "Holder": "Bank of America Corporation",
        "Shares": "1.96M",
        "Date Reported": "Sep 30, 2024",
        "% Out": "2.53%",
        "Value": "89,873,656"
    },
    {
        "Holder": "Hood River Capital Management LLC",
        "Shares": "1.63M",
        "Date Reported": "Sep 30, 2024",
        "% Out": "2.10%",
        "Value": "74,682,080"
    },
    {
        "Holder": "Channing Capital Management, LLC",
        "Shares": "1.39M",
        "Date Reported": "Sep 30, 2024",
        "% Out": "1.79%",
        "Value": "63,602,641"
    }
]