[
    {
        "Holder": "Blackrock Inc.",
        "Shares": "1.31M",
        "Date Reported": "Sep 30, 2024",
        "% Out": "6.55%",
        "Value": "22,243,895"
    },
    {
        "Holder": "Garnet  Equity Capital Holdings, Inc.",
        "Shares": "1.09M",
        "Date Reported": "Sep 30, 2024",
        "% Out": "5.41%",
        "Value": "18,367,100"
    },
    {
        "Holder": "Vanguard Group Inc",
        "Shares": "971.73k",
        "Date Reported": "Sep 30, 2024",
        "% Out": "4.84%",
        "Value": "16,441,587"
    },
    {
        "Holder": "AWM Investment Company, Inc.",
        "Shares": "576.83k",
        "Date Reported": "Sep 30, 2024",
        "% Out": "2.87%",
        "Value": "9,759,946"
    },
    {
        "Holder": "Hennessy Advisors Inc",
        "Shares": "536.9k",
        "Date Reported": "Sep 30, 2024",
        "% Out": "2.67%",
        "Value": "9,084,348"
    },
    {
        "Holder": "Harbert Fund Advisors, Inc.",
        "Shares": "522.26k",
        "Date Reported": "Sep 30, 2024",
        "% Out": "2.60%",
        "Value": "8,836,622"
    },
    {
        "Holder": "Marshall Wace LLP",
        "Shares": "428.4k",
        "Date Reported": "Sep 30, 2024",
        "% Out": "2.13%",
        "Value": "7,248,511"
    },
    {
        "Holder": "Geode Capital Management, LLC",
        "Shares": "410.08k",
        "Date Reported": "Sep 30, 2024",
        "% Out": "2.04%",
        "Value": "6,938,570"
    },
    {
        "Holder": "Shaw D.E. & Co., Inc.",
        "Shares": "379.06k",
        "Date Reported": "Sep 30, 2024",
        "% Out": "1.89%",
        "Value": "6,413,627"
    },
    {
        "Holder": "State Street Corporation",
        "Shares": "360.66k",
        "Date Reported": "Sep 30, 2024",
        "% Out": "1.80%",
        "Value": "6,102,401"
    }
]