[
    {
        "Holder": "Vanguard Group Inc",
        "Shares": "673.64M",
        "Date Reported": "Sep 30, 2024",
        "% Out": "9.06%",
        "Value": "290,022,106,537"
    },
    {
        "Holder": "Blackrock Inc.",
        "Shares": "561.48M",
        "Date Reported": "Sep 30, 2024",
        "% Out": "7.55%",
        "Value": "241,734,892,132"
    },
    {
        "Holder": "State Street Corporation",
        "Shares": "289.5M",
        "Date Reported": "Sep 30, 2024",
        "% Out": "3.89%",
        "Value": "124,639,015,862"
    },
    {
        "Holder": "FMR, LLC",
        "Shares": "211.63M",
        "Date Reported": "Sep 30, 2024",
        "% Out": "2.85%",
        "Value": "91,113,171,704"
    },
    {
        "Holder": "Geode Capital Management, LLC",
        "Shares": "165.02M",
        "Date Reported": "Sep 30, 2024",
        "% Out": "2.22%",
        "Value": "71,048,132,108"
    },
    {
        "Holder": "Price (T.Rowe) Associates Inc",
        "Shares": "135.66M",
        "Date Reported": "Sep 30, 2024",
        "% Out": "1.82%",
        "Value": "58,405,747,853"
    },
    {
        "Holder": "JP Morgan Chase & Company",
        "Shares": "133.01M",
        "Date Reported": "Jun 30, 2024",
        "% Out": "1.79%",
        "Value": "57,266,137,960"
    },
    {
        "Holder": "Morgan Stanley",
        "Shares": "124.04M",
        "Date Reported": "Sep 30, 2024",
        "% Out": "1.67%",
        "Value": "53,404,623,129"
    },
    {
        "Holder": "Norges Bank Investment Management",
        "Shares": "97.07M",
        "Date Reported": "Jun 30, 2024",
        "% Out": "1.31%",
        "Value": "41,792,098,920"
    },
    {
        "Holder": "Capital International Investors",
        "Shares": "76.78M",
        "Date Reported": "Sep 30, 2024",
        "% Out": "1.03%",
        "Value": "33,057,216,128"
    }
]