[
    {
        "Holder": "Vanguard Group Inc",
        "Shares": "1.35B",
        "Date Reported": "Sep 30, 2024",
        "% Out": "8.91%",
        "Value": "344,181,749,498"
    },
    {
        "Holder": "Blackrock Inc.",
        "Shares": "1.09B",
        "Date Reported": "Sep 30, 2024",
        "% Out": "7.23%",
        "Value": "279,517,865,087"
    },
    {
        "Holder": "State Street Corporation",
        "Shares": "584.01M",
        "Date Reported": "Sep 30, 2024",
        "% Out": "3.86%",
        "Value": "149,267,186,348"
    },
    {
        "Holder": "FMR, LLC",
        "Shares": "363.86M",
        "Date Reported": "Sep 30, 2024",
        "% Out": "2.41%",
        "Value": "92,998,813,001"
    },
    {
        "Holder": "Geode Capital Management, LLC",
        "Shares": "333.86M",
        "Date Reported": "Sep 30, 2024",
        "% Out": "2.21%",
        "Value": "85,330,637,202"
    },
    {
        "Holder": "Berkshire Hathaway, Inc",
        "Shares": "300M",
        "Date Reported": "Sep 30, 2024",
        "% Out": "1.98%",
        "Value": "76,676,998,901"
    },
    {
        "Holder": "Price (T.Rowe) Associates Inc",
        "Shares": "235.58M",
        "Date Reported": "Sep 30, 2024",
        "% Out": "1.56%",
        "Value": "60,212,241,239"
    },
    {
        "Holder": "Morgan Stanley",
        "Shares": "231.46M",
        "Date Reported": "Sep 30, 2024",
        "% Out": "1.53%",
        "Value": "59,159,096,973"
    },
    {
        "Holder": "JP Morgan Chase & Company",
        "Shares": "181.39M",
        "Date Reported": "Jun 30, 2024",
        "% Out": "1.20%",
        "Value": "46,362,233,394"
    },
    {
        "Holder": "Norges Bank Investment Management",
        "Shares": "177.53M",
        "Date Reported": "Jun 30, 2024",
        "% Out": "1.17%",
        "Value": "45,376,030,447"
    }
]