[
    {
        "Holder": "Vanguard Group Inc",
        "Shares": "16.09M",
        "Date Reported": "Sep 30, 2024",
        "% Out": "10.49%",
        "Value": "1,758,151,414"
    },
    {
        "Holder": "Blackrock Inc.",
        "Shares": "10.84M",
        "Date Reported": "Sep 30, 2024",
        "% Out": "7.06%",
        "Value": "1,184,309,073"
    },
    {
        "Holder": "FMR, LLC",
        "Shares": "9.21M",
        "Date Reported": "Sep 30, 2024",
        "% Out": "6.00%",
        "Value": "1,006,177,081"
    },
    {
        "Holder": "Generation Investment Management LLP",
        "Shares": "4.44M",
        "Date Reported": "Sep 30, 2024",
        "% Out": "2.89%",
        "Value": "485,123,887"
    },
    {
        "Holder": "State Street Corporation",
        "Shares": "3.94M",
        "Date Reported": "Sep 30, 2024",
        "% Out": "2.57%",
        "Value": "430,564,024"
    },
    {
        "Holder": "Sachem Head Capital Management, LP",
        "Shares": "3.29M",
        "Date Reported": "Sep 30, 2024",
        "% Out": "2.15%",
        "Value": "360,110,553"
    },
    {
        "Holder": "Millennium Management Llc",
        "Shares": "2.99M",
        "Date Reported": "Sep 30, 2024",
        "% Out": "1.95%",
        "Value": "326,323,330"
    },
    {
        "Holder": "Pacer Advisors, Inc.",
        "Shares": "2.87M",
        "Date Reported": "Sep 30, 2024",
        "% Out": "1.87%",
        "Value": "313,402,520"
    },
    {
        "Holder": "Geode Capital Management, LLC",
        "Shares": "2.72M",
        "Date Reported": "Sep 30, 2024",
        "% Out": "1.78%",
        "Value": "297,750,334"
    },
    {
        "Holder": "Norges Bank Investment Management",
        "Shares": "2.46M",
        "Date Reported": "Jun 30, 2024",
        "% Out": "1.60%",
        "Value": "268,914,713"
    }
]