[
    {
        "Holder": "Capital International Investors",
        "Shares": "17.53M",
        "Date Reported": "Sep 30, 2024",
        "% Out": "7.97%",
        "Value": "5,784,287,850"
    },
    {
        "Holder": "Vanguard Group Inc",
        "Shares": "17.45M",
        "Date Reported": "Sep 30, 2024",
        "% Out": "7.93%",
        "Value": "5,759,408,490"
    },
    {
        "Holder": "Morgan Stanley",
        "Shares": "9.6M",
        "Date Reported": "Sep 30, 2024",
        "% Out": "4.36%",
        "Value": "3,166,352,640"
    },
    {
        "Holder": "Blackrock Inc.",
        "Shares": "9.48M",
        "Date Reported": "Sep 30, 2024",
        "% Out": "4.31%",
        "Value": "3,127,602,720"
    },
    {
        "Holder": "State Street Corporation",
        "Shares": "3.32M",
        "Date Reported": "Sep 30, 2024",
        "% Out": "1.51%",
        "Value": "1,096,468,230"
    },
    {
        "Holder": "Geode Capital Management, LLC",
        "Shares": "2.77M",
        "Date Reported": "Sep 30, 2024",
        "% Out": "1.26%",
        "Value": "912,873,390"
    },
    {
        "Holder": "Susquehanna International Group, LLP",
        "Shares": "2.75M",
        "Date Reported": "Sep 30, 2024",
        "% Out": "1.25%",
        "Value": "909,037,470"
    },
    {
        "Holder": "Norges Bank Investment Management",
        "Shares": "1.58M",
        "Date Reported": "Jun 30, 2024",
        "% Out": "0.72%",
        "Value": "521,037,000"
    },
    {
        "Holder": "Clear Street Derivatives LLC",
        "Shares": "1.31M",
        "Date Reported": "Sep 30, 2024",
        "% Out": "0.59%",
        "Value": "431,354,220"
    },
    {
        "Holder": "Jane Street Group, LLC",
        "Shares": "1.06M",
        "Date Reported": "Sep 30, 2024",
        "% Out": "0.48%",
        "Value": "348,213,030"
    }
]