[
    {
        "Holder": "Vanguard Group Inc",
        "Shares": "23.26M",
        "Date Reported": "Sep 30, 2024",
        "% Out": "7.79%",
        "Value": "7,795,987,478"
    },
    {
        "Holder": "Blackrock Inc.",
        "Shares": "14.41M",
        "Date Reported": "Sep 30, 2024",
        "% Out": "4.83%",
        "Value": "4,831,208,613"
    },
    {
        "Holder": "WCM Investment Management, LLC",
        "Shares": "10.82M",
        "Date Reported": "Sep 30, 2024",
        "% Out": "3.62%",
        "Value": "3,626,676,629"
    },
    {
        "Holder": "GQG Partners LLC",
        "Shares": "9.6M",
        "Date Reported": "Sep 30, 2024",
        "% Out": "3.22%",
        "Value": "3,219,085,426"
    },
    {
        "Holder": "FMR, LLC",
        "Shares": "7.89M",
        "Date Reported": "Sep 30, 2024",
        "% Out": "2.64%",
        "Value": "2,645,576,351"
    },
    {
        "Holder": "State Street Corporation",
        "Shares": "5.39M",
        "Date Reported": "Sep 30, 2024",
        "% Out": "1.80%",
        "Value": "1,805,903,741"
    },
    {
        "Holder": "Price (T.Rowe) Associates Inc",
        "Shares": "5.22M",
        "Date Reported": "Sep 30, 2024",
        "% Out": "1.75%",
        "Value": "1,750,272,222"
    },
    {
        "Holder": "Bank of America Corporation",
        "Shares": "4.62M",
        "Date Reported": "Sep 30, 2024",
        "% Out": "1.55%",
        "Value": "1,548,439,208"
    },
    {
        "Holder": "Geode Capital Management, LLC",
        "Shares": "3.95M",
        "Date Reported": "Sep 30, 2024",
        "% Out": "1.32%",
        "Value": "1,322,626,120"
    },
    {
        "Holder": "Spruce House Investment Management LLC",
        "Shares": "3.6M",
        "Date Reported": "Sep 30, 2024",
        "% Out": "1.21%",
        "Value": "1,206,612,048"
    }
]