[
    {
        "Holder": "Blackrock Inc.",
        "Shares": "5.23M",
        "Date Reported": "Sep 30, 2024",
        "% Out": "7.90%",
        "Value": "59,497,735"
    },
    {
        "Holder": "Mackenzie Financial Corporation",
        "Shares": "5.17M",
        "Date Reported": "Sep 30, 2024",
        "% Out": "7.81%",
        "Value": "58,785,268"
    },
    {
        "Holder": "Invesco Ltd.",
        "Shares": "2.05M",
        "Date Reported": "Sep 30, 2024",
        "% Out": "3.10%",
        "Value": "23,321,830"
    },
    {
        "Holder": "Vanguard Group Inc",
        "Shares": "2M",
        "Date Reported": "Sep 30, 2024",
        "% Out": "3.03%",
        "Value": "22,804,917"
    },
    {
        "Holder": "Legal & General Group PLC",
        "Shares": "1.59M",
        "Date Reported": "Sep 30, 2024",
        "% Out": "2.40%",
        "Value": "18,091,207"
    },
    {
        "Holder": "Citadel Advisors Llc",
        "Shares": "1.31M",
        "Date Reported": "Sep 30, 2024",
        "% Out": "1.98%",
        "Value": "14,914,332"
    },
    {
        "Holder": "Goldman Sachs Group Inc",
        "Shares": "1.23M",
        "Date Reported": "Sep 30, 2024",
        "% Out": "1.86%",
        "Value": "14,037,116"
    },
    {
        "Holder": "UBS Group AG",
        "Shares": "1.15M",
        "Date Reported": "Sep 30, 2024",
        "% Out": "1.74%",
        "Value": "13,113,561"
    },
    {
        "Holder": "Group One Trading, L.P.",
        "Shares": "1.08M",
        "Date Reported": "Sep 30, 2024",
        "% Out": "1.64%",
        "Value": "12,331,789"
    },
    {
        "Holder": "DnB Asset Management AS",
        "Shares": "996.74k",
        "Date Reported": "Sep 30, 2024",
        "% Out": "1.51%",
        "Value": "11,342,855"
    }
]