[
    {
        "Holder": "Vanguard Group Inc",
        "Shares": "166.7M",
        "Date Reported": "Sep 30, 2024",
        "% Out": "12.67%",
        "Value": "3,609,093,365"
    },
    {
        "Holder": "Blackrock Inc.",
        "Shares": "120.65M",
        "Date Reported": "Sep 30, 2024",
        "% Out": "9.17%",
        "Value": "2,612,120,668"
    },
    {
        "Holder": "State Street Corporation",
        "Shares": "70.95M",
        "Date Reported": "Sep 30, 2024",
        "% Out": "5.39%",
        "Value": "1,536,038,353"
    },
    {
        "Holder": "Bank of America Corporation",
        "Shares": "45.26M",
        "Date Reported": "Sep 30, 2024",
        "% Out": "3.44%",
        "Value": "979,883,464"
    },
    {
        "Holder": "Geode Capital Management, LLC",
        "Shares": "31.49M",
        "Date Reported": "Sep 30, 2024",
        "% Out": "2.39%",
        "Value": "681,817,808"
    },
    {
        "Holder": "Primecap Management Company",
        "Shares": "31.35M",
        "Date Reported": "Sep 30, 2024",
        "% Out": "2.38%",
        "Value": "678,832,620"
    },
    {
        "Holder": "Pacer Advisors, Inc.",
        "Shares": "27.38M",
        "Date Reported": "Sep 30, 2024",
        "% Out": "2.08%",
        "Value": "592,860,515"
    },
    {
        "Holder": "Ameriprise Financial, Inc.",
        "Shares": "19.81M",
        "Date Reported": "Sep 30, 2024",
        "% Out": "1.51%",
        "Value": "428,931,069"
    },
    {
        "Holder": "Nuveen Asset Management, LLC",
        "Shares": "19.34M",
        "Date Reported": "Sep 30, 2024",
        "% Out": "1.47%",
        "Value": "418,816,298"
    },
    {
        "Holder": "Dimensional Fund Advisors LP",
        "Shares": "19M",
        "Date Reported": "Sep 30, 2024",
        "% Out": "1.44%",
        "Value": "411,265,016"
    }
]