[
    {
        "Holder": "Vanguard Group Inc",
        "Shares": "42.42M",
        "Date Reported": "Sep 30, 2024",
        "% Out": "9.43%",
        "Value": "5,149,013,806"
    },
    {
        "Holder": "Baillie Gifford and Company",
        "Shares": "38.72M",
        "Date Reported": "Sep 30, 2024",
        "% Out": "8.61%",
        "Value": "4,699,744,199"
    },
    {
        "Holder": "Blackrock Inc.",
        "Shares": "25.8M",
        "Date Reported": "Sep 30, 2024",
        "% Out": "5.74%",
        "Value": "3,131,628,551"
    },
    {
        "Holder": "Jennison Associates LLC",
        "Shares": "20.32M",
        "Date Reported": "Sep 30, 2024",
        "% Out": "4.52%",
        "Value": "2,466,738,136"
    },
    {
        "Holder": "Morgan Stanley",
        "Shares": "18.52M",
        "Date Reported": "Sep 30, 2024",
        "% Out": "4.12%",
        "Value": "2,247,588,157"
    },
    {
        "Holder": "JP Morgan Chase & Company",
        "Shares": "17.63M",
        "Date Reported": "Jun 30, 2024",
        "% Out": "3.92%",
        "Value": "2,139,812,532"
    },
    {
        "Holder": "T. Rowe Price Investment Management, Inc.",
        "Shares": "14.4M",
        "Date Reported": "Sep 30, 2024",
        "% Out": "3.20%",
        "Value": "1,747,949,590"
    },
    {
        "Holder": "Edgewood Management Llc",
        "Shares": "9.93M",
        "Date Reported": "Sep 30, 2024",
        "% Out": "2.21%",
        "Value": "1,205,907,190"
    },
    {
        "Holder": "State Street Corporation",
        "Shares": "9.67M",
        "Date Reported": "Sep 30, 2024",
        "% Out": "2.15%",
        "Value": "1,174,424,087"
    },
    {
        "Holder": "Geode Capital Management, LLC",
        "Shares": "8.16M",
        "Date Reported": "Sep 30, 2024",
        "% Out": "1.82%",
        "Value": "990,973,815"
    }
]