[
    {
        "Holder": "Vanguard Group Inc",
        "Shares": "46.09M",
        "Date Reported": "Sep 30, 2024",
        "% Out": "9.87%",
        "Value": "593,609,143"
    },
    {
        "Holder": "Blackrock Inc.",
        "Shares": "25.05M",
        "Date Reported": "Sep 30, 2024",
        "% Out": "5.36%",
        "Value": "322,632,848"
    },
    {
        "Holder": "ARK Investment Management, LLC",
        "Shares": "20.95M",
        "Date Reported": "Sep 30, 2024",
        "% Out": "4.48%",
        "Value": "269,833,452"
    },
    {
        "Holder": "Sumitomo Mitsui Trust Holdings, Inc.",
        "Shares": "14.17M",
        "Date Reported": "Sep 30, 2024",
        "% Out": "3.03%",
        "Value": "182,506,201"
    },
    {
        "Holder": "Nikko Asset Management Americas, Inc.",
        "Shares": "14.17M",
        "Date Reported": "Sep 30, 2024",
        "% Out": "3.03%",
        "Value": "182,506,201"
    },
    {
        "Holder": "Senvest Management LLC",
        "Shares": "10.89M",
        "Date Reported": "Sep 30, 2024",
        "% Out": "2.33%",
        "Value": "140,320,942"
    },
    {
        "Holder": "State Street Corporation",
        "Shares": "7.41M",
        "Date Reported": "Sep 30, 2024",
        "% Out": "1.59%",
        "Value": "95,427,148"
    },
    {
        "Holder": "Geode Capital Management, LLC",
        "Shares": "7.31M",
        "Date Reported": "Sep 30, 2024",
        "% Out": "1.57%",
        "Value": "94,179,436"
    },
    {
        "Holder": "Alphabet Inc.",
        "Shares": "7.03M",
        "Date Reported": "Sep 30, 2024",
        "% Out": "1.51%",
        "Value": "90,602,261"
    },
    {
        "Holder": "Morgan Stanley",
        "Shares": "7.01M",
        "Date Reported": "Sep 30, 2024",
        "% Out": "1.50%",
        "Value": "90,243,089"
    }
]