[
    {
        "Holder": "Capital International Investors",
        "Shares": "41.18M",
        "Date Reported": "Sep 30, 2024",
        "% Out": "8.74%",
        "Value": "1,544,084,700"
    },
    {
        "Holder": "Vanguard Group Inc",
        "Shares": "38.33M",
        "Date Reported": "Sep 30, 2024",
        "% Out": "8.14%",
        "Value": "1,437,255,075"
    },
    {
        "Holder": "Price (T.Rowe) Associates Inc",
        "Shares": "28.32M",
        "Date Reported": "Sep 30, 2024",
        "% Out": "6.01%",
        "Value": "1,062,096,412"
    },
    {
        "Holder": "FMR, LLC",
        "Shares": "24.45M",
        "Date Reported": "Sep 30, 2024",
        "% Out": "5.19%",
        "Value": "916,865,362"
    },
    {
        "Holder": "Blackrock Inc.",
        "Shares": "24.3M",
        "Date Reported": "Sep 30, 2024",
        "% Out": "5.16%",
        "Value": "911,074,200"
    },
    {
        "Holder": "Durable Capital Partners Lp",
        "Shares": "16.26M",
        "Date Reported": "Sep 30, 2024",
        "% Out": "3.45%",
        "Value": "609,896,062"
    },
    {
        "Holder": "ValueAct Holdings, L.P.",
        "Shares": "15.48M",
        "Date Reported": "Sep 30, 2024",
        "% Out": "3.29%",
        "Value": "580,582,500"
    },
    {
        "Holder": "T. Rowe Price Investment Management, Inc.",
        "Shares": "14.67M",
        "Date Reported": "Sep 30, 2024",
        "% Out": "3.11%",
        "Value": "550,144,162"
    },
    {
        "Holder": "HMI Capital Management, LP",
        "Shares": "9.07M",
        "Date Reported": "Sep 30, 2024",
        "% Out": "1.93%",
        "Value": "340,290,825"
    },
    {
        "Holder": "Abdiel Capital Advisors, LP",
        "Shares": "8.55M",
        "Date Reported": "Sep 30, 2024",
        "% Out": "1.82%",
        "Value": "320,651,287"
    }
]