{
    "REDDIT": [
        {
            "Date": "2024-10-28",
            "replies_count": 91,
            "rank": {
                "ranks_up": 169,
                "ranks_down": 0,
                "ranked_by_current_user": 169
            },
            "replies": [
                {
                    "text": "User Report Total Submissions 10 First Seen In WSB 8 months ago Total Comments 30 Previous Best DD Account Age 10 months Join WSB Discord"
                },
                {
                    "text": "are we signing off all posts with God Bless America now lmao I made money bc of u on DECK so will follow on CROX... thanks bro"
                },
                {
                    "text": "Pypl calls!!"
                },
                {
                    "text": "You made me loose all my savings yesterday, so today Im in with my grandparents savings"
                },
                {
                    "text": "europoor God bless America Bullish"
                },
                {
                    "text": "Please check news about PYPL. They are not only money transfer company. Theyre also an advertising company and works B2B around the world. Im bullish on PYPL. Their new ceo make money for me tomorrow"
                },
                {
                    "text": "Im guessing one of the lotto play today is Ford F."
                },
                {
                    "text": "PayPal has been advertising like crazy on NFL, I bet it moons like a mother fucker. I WANNA PAY WITH YOU EVERYWHEREEEE"
                },
                {
                    "text": "fym correction on Paypal. That mfer was stuck at 60 for a whole year and only recently got out of that hole. The revenues and EPS are at an all time high and still growing but the share price is still 14 of its ATH."
                },
                {
                    "text": "I like the Crocs play. I think Ill join and lose money with you."
                },
                {
                    "text": "Down 500 on crox. Highly regarded."
                },
                {
                    "text": "Im such a special regard for reading this and going all in on CROX. I also really really hate you right now"
                },
                {
                    "text": "Ok, so call on PYPL and put on CROX"
                },
                {
                    "text": "I always thought crocs were for nurses and virgins. Then i got a pair last christmas, theyre comfortable AF and convenient. Theyre dope. Bullish"
                },
                {
                    "text": "Hows that long CROX play treating you this morning?"
                },
                {
                    "text": "RIP crox call buyers !imgemotet5_2th524276"
                },
                {
                    "text": "Holding big bag of pypl. Crying rn tears of joy to See pypl rocketride tomorow. Thanks for your Post and sacrifice"
                },
                {
                    "text": "Thanks bud down 800 on crocs"
                },
                {
                    "text": "EY is handing out EYthemed Crocs to new hires, which is an extremely bullish signal. Calls"
                },
                {
                    "text": "Ouch. CROX down 15 premarket."
                },
                {
                    "text": "I dont even know how to get into my PayPal account. Puts it is."
                },
                {
                    "text": "LFGG BRO"
                },
                {
                    "text": "PayPal is notorious for having big expectations but then underdelivering. Bruh what are you smoking. They beat EPS forecasts consistently on conservative estimations."
                },
                {
                    "text": "Both have ran up already. Me no touch"
                },
                {
                    "text": "Idk if you shouldve pulled out of PYPL too many bulls in the comments"
                },
                {
                    "text": "If you bought CROX puts you would be rich, unlucky"
                },
                {
                    "text": "Wyf ? europoor too"
                },
                {
                    "text": "I trust you. 1500 on silly rubber slippers"
                },
                {
                    "text": "Is anyone still keeping tabs on OP predictions? I remember before you took a long pause you were around 70 right"
                },
                {
                    "text": "Lets get it, boi"
                },
                {
                    "text": "Dude that CROX play legit I see all those little fucks wearing em"
                },
                {
                    "text": "Lol always inverse WSB."
                },
                {
                    "text": "Oof inverse wsb strikes again"
                },
                {
                    "text": "IM NEVER TOUCHING ANY PYPL AGAIN LOST 20K 2 YEARS AGO. NEVER FORGET."
                },
                {
                    "text": "Lubbed up for some crox shares OP. Lets see how regarded this is tomorrow."
                },
                {
                    "text": "JIBBITZ!!!! I just posted a similar dd on CROX. Got some calls for earnings lfg !imgemotet5_2th524276!imgemotet5_2th524276"
                },
                {
                    "text": "Ok CROX in play. Coffee on me if I make more than a Krabby Patty meal on this trade"
                },
                {
                    "text": "Did you sell out of any of these yet?"
                },
                {
                    "text": "DECK has been fantastic. It dips every quarter and then shoots up at earnings. Buy. Sell. Repeat."
                },
                {
                    "text": "Good job shorting AMKR"
                },
                {
                    "text": "Agree on shorting AMKR Valued them a while back maybe 6 months ago and was definitely overvalued. Will have to update my DCF"
                },
                {
                    "text": "Crocs really popped off this morning!"
                },
                {
                    "text": "Now where are the rest of the plays OP?"
                },
                {
                    "text": "They both a buy, get out of PayPal position now"
                },
                {
                    "text": "RIP Cadence short position"
                },
                {
                    "text": "Whatever everyone says about PYPL in this post, the complete opposite will happen"
                },
                {
                    "text": "24 I reckon on these plays"
                },
                {
                    "text": "Nice"
                },
                {
                    "text": "SQ is better than PYPL tho"
                },
                {
                    "text": "RIP ur cadence"
                },
                {
                    "text": "No pay PayPal go up you shut up ok"
                },
                {
                    "text": "RemindMe! 3 days"
                },
                {
                    "text": "Hopefully you closed your CDNS short"
                },
                {
                    "text": "Whelp..."
                },
                {
                    "text": "OP typed wrong. Its DICK. So you made money off DICK"
                },
                {
                    "text": "Howd following his CROX play go?"
                },
                {
                    "text": "OP is European lol"
                },
                {
                    "text": "OP PYPL is notorious for underdelivering Meanwhile, PYPL beats expectations on 4 out of 5 last ERs OP cant even do 5 seconds of research"
                },
                {
                    "text": "Paypal my pal!"
                },
                {
                    "text": "Whats your outlook for ford?"
                },
                {
                    "text": "Lmao I lost money too but Im dying at your all in comment !imgemotet5_2th524271!imgemotet5_2th5252627"
                },
                {
                    "text": "Im so sorry"
                },
                {
                    "text": "The inverse WSB trade is alive and well"
                },
                {
                    "text": "why the all in though? surely you can yolo anything but crocs bro...."
                },
                {
                    "text": "Really popular for pharmacists and pharmacy techs as well as in the restaurant industry though that I find kinda nasty and Im pretty sure they arent supposed to wear them but whatever. They look too ridiculous for me to ever consider wearing I think."
                },
                {
                    "text": "Bought at 99 here"
                },
                {
                    "text": "Their mobil app is so trash I hate this fucking company"
                },
                {
                    "text": "Making me change my password literally ever time I log in"
                },
                {
                    "text": "Nice"
                },
                {
                    "text": "regard, use brain when?"
                },
                {
                    "text": "Nice"
                },
                {
                    "text": "No Coffee 4 you God Bless America"
                },
                {
                    "text": "I will be messaging you in 3 days on 20241031 201656 UTC to remind you of this link 1 OTHERS CLICKED THIS LINK to send a PM to also be reminded and to reduce spam. Parent commenter can delete this message to hide from others. Info Reminders"
                },
                {
                    "text": "Lol not too bad i sold premarket so about 10ish. Part of the game if you want to make money and he wasnt wrong they did beat earnings... Some bozo manager decided to speculate on the rest of the year for some reason, which Im not even sure they wont beat"
                },
                {
                    "text": "Doesnt this apply to 90 of the gamblers on this form ! Lol"
                },
                {
                    "text": "and theyve purposely set expectations low on their Q1 earnings call."
                },
                {
                    "text": "GM pumped. So that already says something"
                },
                {
                    "text": "Im in on ford 12 dollar calls"
                },
                {
                    "text": "Its uh still above 80"
                },
                {
                    "text": "Everything but CROx was a winner. Sold at market open. Not as nice as I expected but overall up almost 2K on this"
                },
                {
                    "text": "I was just teasing lol at least you got out without getting totally smoked. Hyperbolized forecasts by that dweeb could explain why it shit the bed"
                },
                {
                    "text": "No look at VZ and T, its not always like that"
                },
                {
                    "text": "Goodnight my old friend"
                },
                {
                    "text": "deleted"
                },
                {
                    "text": "Nice I thought CROX was the most likely one to get a good gain but markets are unpredictable. I dont even know why it went down but bought calls at close !imgemotet5_2th5231225"
                },
                {
                    "text": "Fucking bullshit is what that is"
                },
                {
                    "text": "Bullshit all over EVs. The Ford base is not EV driven! We all know this!"
                },
                {
                    "text": "If this was Tesla shit woulda went up 45 bucks Total bullshit. Tesla rolls out 2 seat cabs and home robots with humans behind them, stock blows up. Ford comes back with 4 over with 5 consecutive quarters higher YoY.. and its red.."
                },
                {
                    "text": "US market taught me a very important lesson. Never invest in a good company"
                },
                {
                    "text": "I dont get the sell off.. did they not mention AI or some shit !? AI bubble is bullshit too Siri came out back in 2011 nothings changed since then! DJT back up in the high 40s WTF is going on. I told myself to take a break this week and here I am. O more trades for me. Taking a 2 week hiatus."
                },
                {
                    "text": "I got tesla calls 5 mins before market close on the day of earnings because I knew that people are gonna pump that shit stock just because hes involved in the elections way too much. Might sound stupid but he would want the stock to do good to scrape some money out of these elections"
                }
            ],
            "content": [
                {
                    "text": "PYPL CROX earnings play feat. 2 bonus lotto gambles"
                }
            ],
            "best_score": 169,
            "total_replies_count": 91,
            "user_reputation": 7577,
            "additional_data": {
                "labels": {
                    "ids": [
                        "BULLISH"
                    ],
                    "section": "stock"
                }
            }
        }
    ],
    "YAHOO": [
        {
            "Date": "2024-10-30",
            "replies_count": 0,
            "rank": {
                "ranks_up": 2,
                "ranks_down": 0,
                "ranked_by_current_user": 0
            },
            "replies": [],
            "content": [
                {
                    "text": "Nice move with blowout earnings!  Analysts upgrades are next, $340 price targets coming."
                }
            ],
            "best_score": 590,
            "total_replies_count": 0,
            "user_reputation": 6240,
            "additional_data": {
                "labels": {
                    "ids": [
                        "BULLISH"
                    ],
                    "section": "stock"
                }
            }
        },
        {
            "Date": "2024-10-29",
            "replies_count": 0,
            "rank": {
                "ranks_up": 2,
                "ranks_down": 0,
                "ranked_by_current_user": 0
            },
            "replies": [],
            "content": [
                {
                    "text": "Bought some shares when CNBC was bashing the company. Stay with the proven winners. Don&#39;t ever let the vultures move you off course."
                }
            ],
            "best_score": 576,
            "total_replies_count": 0,
            "user_reputation": 1200,
            "additional_data": {}
        },
        {
            "Date": "2024-10-29",
            "replies_count": 0,
            "rank": {
                "ranks_up": 3,
                "ranks_down": 0,
                "ranked_by_current_user": 0
            },
            "replies": [],
            "content": [
                {
                    "text": "Finally! The undervaluation was getting ridiculous."
                }
            ],
            "best_score": 555,
            "total_replies_count": 0,
            "user_reputation": 1030,
            "additional_data": {
                "labels": {
                    "ids": [
                        "BULLISH"
                    ],
                    "section": "stock"
                }
            }
        },
        {
            "Date": "2024-10-29",
            "replies_count": 0,
            "rank": {
                "ranks_up": 0,
                "ranks_down": 0,
                "ranked_by_current_user": 0
            },
            "replies": [],
            "content": [
                {
                    "text": "Once it breaks 275.00 on the way up. 280.00 plus quick"
                }
            ],
            "best_score": 399,
            "total_replies_count": 0,
            "user_reputation": 6040,
            "additional_data": {
                "labels": {
                    "ids": [
                        "BULLISH"
                    ],
                    "section": "stock"
                }
            }
        },
        {
            "Date": "2024-10-29",
            "replies_count": 0,
            "rank": {
                "ranks_up": 2,
                "ranks_down": 0,
                "ranked_by_current_user": 0
            },
            "replies": [],
            "content": [
                {
                    "text": "Baird takes target to 340.00.  Outperform rating"
                }
            ],
            "best_score": 489,
            "total_replies_count": 0,
            "user_reputation": 6010,
            "additional_data": {
                "labels": {
                    "ids": [
                        "BULLISH"
                    ],
                    "section": "stock"
                }
            }
        },
        {
            "Date": "2024-10-29",
            "replies_count": 0,
            "rank": {
                "ranks_up": 1,
                "ranks_down": 0,
                "ranked_by_current_user": 0
            },
            "replies": [],
            "content": [
                {
                    "text": "Deserves 10% plus up"
                }
            ],
            "best_score": 436,
            "total_replies_count": 0,
            "user_reputation": 5850,
            "additional_data": {
                "labels": {
                    "ids": [
                        "BULLISH"
                    ],
                    "section": "stock"
                }
            }
        },
        {
            "Date": "2024-10-29",
            "replies_count": 1,
            "rank": {
                "ranks_up": 1,
                "ranks_down": 0,
                "ranked_by_current_user": 0
            },
            "replies": [
                {
                    "Date": "2024-10-29",
                    "replies_count": 0,
                    "rank": {
                        "ranks_up": 1,
                        "ranks_down": 0,
                        "ranked_by_current_user": 0
                    },
                    "replies": [],
                    "content": [
                        {
                            "text": "Yes ! I buy more."
                        }
                    ],
                    "best_score": 439,
                    "total_replies_count": 0,
                    "user_reputation": 2990,
                    "additional_data": {
                        "labels": {
                            "ids": [
                                "BULLISH"
                            ],
                            "section": "stock"
                        }
                    }
                }
            ],
            "content": [
                {
                    "text": "Once it breaks 270.00 today. It rocks on up faster."
                }
            ],
            "best_score": 525,
            "total_replies_count": 1,
            "user_reputation": 5800,
            "additional_data": {
                "labels": {
                    "ids": [
                        "BULLISH"
                    ],
                    "section": "stock"
                }
            }
        },
        {
            "Date": "2024-10-29",
            "replies_count": 0,
            "rank": {
                "ranks_up": 2,
                "ranks_down": 0,
                "ranked_by_current_user": 0
            },
            "replies": [],
            "content": [
                {
                    "text": "Cadence Design Systems Trounces Q3 Estimates, Raises Profit Outlook"
                }
            ],
            "best_score": 533,
            "total_replies_count": 0,
            "user_reputation": 5660,
            "additional_data": {
                "labels": {
                    "ids": [
                        "BULLISH"
                    ],
                    "section": "stock"
                }
            }
        },
        {
            "Date": "2024-10-28",
            "replies_count": 0,
            "rank": {
                "ranks_up": 3,
                "ranks_down": 0,
                "ranked_by_current_user": 0
            },
            "replies": [],
            "content": [
                {
                    "text": "Bought more shares!"
                }
            ],
            "best_score": 520,
            "total_replies_count": 0,
            "user_reputation": 19740,
            "additional_data": {
                "labels": {
                    "ids": [
                        "BULLISH"
                    ],
                    "section": "stock"
                }
            }
        },
        {
            "Date": "2024-10-28",
            "replies_count": 1,
            "rank": {
                "ranks_up": 2,
                "ranks_down": 0,
                "ranked_by_current_user": 0
            },
            "replies": [
                {
                    "Date": "2024-10-28",
                    "replies_count": 0,
                    "rank": {
                        "ranks_up": 0,
                        "ranks_down": 0,
                        "ranked_by_current_user": 0
                    },
                    "replies": [],
                    "content": [
                        {
                            "text": "For sure!"
                        }
                    ],
                    "best_score": 306,
                    "total_replies_count": 0,
                    "user_reputation": 19740,
                    "additional_data": {
                        "labels": {
                            "ids": [
                                "BULLISH"
                            ],
                            "section": "stock"
                        }
                    }
                }
            ],
            "content": [
                {
                    "text": "Big funds will play tomorrow at open."
                }
            ],
            "best_score": 551,
            "total_replies_count": 1,
            "user_reputation": 5410,
            "additional_data": {
                "labels": {
                    "ids": [
                        "BULLISH"
                    ],
                    "section": "stock"
                }
            }
        },
        {
            "Date": "2024-10-28",
            "replies_count": 0,
            "rank": {
                "ranks_up": 2,
                "ranks_down": 0,
                "ranked_by_current_user": 0
            },
            "replies": [],
            "content": [
                {
                    "text": "The company reported a close to 20% rise in revenue for the September quarter to $1.22 billion- its biggest jump in at least six quarters. This compares to estimates of $1.18 billion, according to data compiled by LSEG"
                }
            ],
            "best_score": 595,
            "total_replies_count": 0,
            "user_reputation": 5350,
            "additional_data": {
                "labels": {
                    "ids": [
                        "BULLISH"
                    ],
                    "section": "stock"
                }
            }
        },
        {
            "Date": "2024-10-28",
            "replies_count": 1,
            "rank": {
                "ranks_up": 1,
                "ranks_down": 0,
                "ranked_by_current_user": 0
            },
            "replies": [
                {
                    "Date": "2024-10-29",
                    "replies_count": 0,
                    "rank": {
                        "ranks_up": 2,
                        "ranks_down": 0,
                        "ranked_by_current_user": 0
                    },
                    "replies": [],
                    "content": [
                        {
                            "text": "Yes, tomorrow gap up to $290.00 and beyond !"
                        }
                    ],
                    "best_score": 552,
                    "total_replies_count": 0,
                    "user_reputation": 2990,
                    "additional_data": {
                        "labels": {
                            "ids": [
                                "BULLISH"
                            ],
                            "section": "stock"
                        }
                    }
                }
            ],
            "content": [
                {
                    "text": "This has another 4% plus up tomorrow. 180.00’s if markets are stable"
                }
            ],
            "best_score": 502,
            "total_replies_count": 1,
            "user_reputation": 5350,
            "additional_data": {
                "labels": {
                    "ids": [
                        "BULLISH"
                    ],
                    "section": "stock"
                }
            }
        },
        {
            "Date": "2024-10-28",
            "replies_count": 0,
            "rank": {
                "ranks_up": 2,
                "ranks_down": 4,
                "ranked_by_current_user": 0
            },
            "replies": [],
            "content": [
                {
                    "text": "This may  go red tomorrow as so many that are hyped do."
                }
            ],
            "best_score": 417,
            "total_replies_count": 0,
            "user_reputation": 105280,
            "additional_data": {}
        },
        {
            "Date": "2024-10-28",
            "replies_count": 0,
            "rank": {
                "ranks_up": 3,
                "ranks_down": 0,
                "ranked_by_current_user": 0
            },
            "replies": [],
            "content": [
                {
                    "text": "Back to $300 for sure.  Earnings was a blowout!  EPS raised to $5.90\n\nAll Aboard!"
                }
            ],
            "best_score": 582,
            "total_replies_count": 0,
            "user_reputation": 6220,
            "additional_data": {
                "labels": {
                    "ids": [
                        "BULLISH"
                    ],
                    "section": "stock"
                }
            }
        },
        {
            "Date": "2024-10-28",
            "replies_count": 0,
            "rank": {
                "ranks_up": 1,
                "ranks_down": 0,
                "ranked_by_current_user": 0
            },
            "replies": [],
            "content": [
                {
                    "text": "Cover now if short"
                }
            ],
            "best_score": 395,
            "total_replies_count": 0,
            "user_reputation": 5350,
            "additional_data": {
                "labels": {
                    "ids": [
                        "BULLISH"
                    ],
                    "section": "stock"
                }
            }
        },
        {
            "Date": "2024-10-28",
            "replies_count": 0,
            "rank": {
                "ranks_up": 0,
                "ranks_down": 3,
                "ranked_by_current_user": 0
            },
            "replies": [],
            "content": [
                {
                    "text": ""
                },
                {
                    "text": "Sold off all shares at $274.8.  Later dudes!"
                }
            ],
            "best_score": 325,
            "total_replies_count": 0,
            "user_reputation": 57860,
            "additional_data": {}
        },
        {
            "Date": "2024-10-28",
            "replies_count": 0,
            "rank": {
                "ranks_up": 3,
                "ranks_down": 0,
                "ranked_by_current_user": 0
            },
            "replies": [],
            "content": [
                {
                    "text": "Upgrades tomorrow"
                }
            ],
            "best_score": 533,
            "total_replies_count": 0,
            "user_reputation": 5200,
            "additional_data": {
                "labels": {
                    "ids": [
                        "BULLISH"
                    ],
                    "section": "stock"
                }
            }
        },
        {
            "Date": "2024-10-28",
            "replies_count": 0,
            "rank": {
                "ranks_up": 0,
                "ranks_down": 0,
                "ranked_by_current_user": 0
            },
            "replies": [],
            "content": [
                {
                    "text": "Not bad earnings, but still a very expensive stock on a GAAP basis.  Not sure time to add."
                }
            ],
            "best_score": 466,
            "total_replies_count": 0,
            "user_reputation": 20,
            "additional_data": {
                "labels": {
                    "ids": [
                        "BULLISH"
                    ],
                    "section": "stock"
                }
            }
        },
        {
            "Date": "2024-10-28",
            "replies_count": 1,
            "rank": {
                "ranks_up": 0,
                "ranks_down": 1,
                "ranked_by_current_user": 0
            },
            "replies": [
                {
                    "Date": "2024-10-28",
                    "replies_count": 0,
                    "rank": {
                        "ranks_up": 0,
                        "ranks_down": 3,
                        "ranked_by_current_user": 0
                    },
                    "replies": [],
                    "content": [
                        {
                            "text": "LOL! Give it up!"
                        }
                    ],
                    "best_score": 248,
                    "total_replies_count": 0,
                    "user_reputation": 57860,
                    "additional_data": {}
                }
            ],
            "content": [
                {
                    "text": "Do not take profit too early. Easy. Back  to 280.00’s."
                }
            ],
            "best_score": 388,
            "total_replies_count": 1,
            "user_reputation": 5200,
            "additional_data": {
                "labels": {
                    "ids": [
                        "BULLISH"
                    ],
                    "section": "stock"
                }
            }
        },
        {
            "Date": "2024-10-28",
            "replies_count": 0,
            "rank": {
                "ranks_up": 5,
                "ranks_down": 0,
                "ranked_by_current_user": 0
            },
            "replies": [],
            "content": [
                {
                    "text": "Nice. -   Exceeded Q3 guidance for revenue and operating margin\n\nOn track to deliver strong second half\n\nRaising midpoint of 2024 non-GAAP EPS outlook to $5.90"
                }
            ],
            "best_score": 723,
            "total_replies_count": 0,
            "user_reputation": 5200,
            "additional_data": {
                "labels": {
                    "ids": [
                        "BULLISH"
                    ],
                    "section": "stock"
                }
            }
        },
        {
            "Date": "2024-10-28",
            "replies_count": 0,
            "rank": {
                "ranks_up": 1,
                "ranks_down": 0,
                "ranked_by_current_user": 0
            },
            "replies": [],
            "content": [
                {
                    "text": "Great quarter. Will add more soon"
                }
            ],
            "best_score": 492,
            "total_replies_count": 0,
            "user_reputation": 2130,
            "additional_data": {}
        },
        {
            "Date": "2024-10-28",
            "replies_count": 1,
            "rank": {
                "ranks_up": 0,
                "ranks_down": 0,
                "ranked_by_current_user": 0
            },
            "replies": [
                {
                    "Date": "2024-10-28",
                    "replies_count": 0,
                    "rank": {
                        "ranks_up": 0,
                        "ranks_down": 1,
                        "ranked_by_current_user": 0
                    },
                    "replies": [],
                    "content": [
                        {
                            "text": ""
                        },
                        {
                            "text": "50-75 cents, for sure."
                        }
                    ],
                    "best_score": 321,
                    "total_replies_count": 0,
                    "user_reputation": 57860,
                    "additional_data": {}
                }
            ],
            "content": [
                {
                    "text": "Kind of disappointed.  I was hopeful it would be up 50-75"
                }
            ],
            "best_score": 428,
            "total_replies_count": 1,
            "user_reputation": 33220,
            "additional_data": {}
        },
        {
            "Date": "2024-10-28",
            "replies_count": 0,
            "rank": {
                "ranks_up": 1,
                "ranks_down": 0,
                "ranked_by_current_user": 0
            },
            "replies": [],
            "content": [
                {
                    "text": "280.0’s after 5:00 pm conference call"
                }
            ],
            "best_score": 451,
            "total_replies_count": 0,
            "user_reputation": 5160,
            "additional_data": {
                "labels": {
                    "ids": [
                        "BULLISH"
                    ],
                    "section": "stock"
                }
            }
        },
        {
            "Date": "2024-10-28",
            "replies_count": 0,
            "rank": {
                "ranks_up": 3,
                "ranks_down": 0,
                "ranked_by_current_user": 0
            },
            "replies": [],
            "content": [
                {
                    "text": "Should gap up and fill $280 for sure tomorrow!"
                }
            ],
            "best_score": 583,
            "total_replies_count": 0,
            "user_reputation": 102230,
            "additional_data": {
                "labels": {
                    "ids": [
                        "BULLISH"
                    ],
                    "section": "stock"
                }
            }
        },
        {
            "Date": "2024-10-28",
            "replies_count": 0,
            "rank": {
                "ranks_up": 2,
                "ranks_down": 0,
                "ranked_by_current_user": 0
            },
            "replies": [],
            "content": [
                {
                    "text": "Beat on top and bottom. Back to 300.00"
                }
            ],
            "best_score": 500,
            "total_replies_count": 0,
            "user_reputation": 5160,
            "additional_data": {
                "labels": {
                    "ids": [
                        "BULLISH"
                    ],
                    "section": "stock"
                }
            }
        },
        {
            "Date": "2024-10-28",
            "replies_count": 0,
            "rank": {
                "ranks_up": 2,
                "ranks_down": 0,
                "ranked_by_current_user": 0
            },
            "replies": [],
            "content": [
                {
                    "text": "Wow!!"
                }
            ],
            "best_score": 409,
            "total_replies_count": 0,
            "user_reputation": 5160,
            "additional_data": {
                "labels": {
                    "ids": [
                        "BULLISH"
                    ],
                    "section": "stock"
                }
            }
        },
        {
            "Date": "2024-10-28",
            "replies_count": 4,
            "rank": {
                "ranks_up": 1,
                "ranks_down": 4,
                "ranked_by_current_user": 0
            },
            "replies": [
                {
                    "Date": "2024-10-28",
                    "replies_count": 0,
                    "rank": {
                        "ranks_up": 0,
                        "ranks_down": 0,
                        "ranked_by_current_user": 0
                    },
                    "replies": [],
                    "content": [
                        {
                            "text": "Imagine if that was true you would really have hit it"
                        }
                    ],
                    "best_score": 288,
                    "total_replies_count": 0,
                    "user_reputation": 33220,
                    "additional_data": {}
                },
                {
                    "Date": "2024-10-28",
                    "replies_count": 0,
                    "rank": {
                        "ranks_up": 1,
                        "ranks_down": 0,
                        "ranked_by_current_user": 0
                    },
                    "replies": [],
                    "content": [
                        {
                            "text": "why?"
                        }
                    ],
                    "best_score": 350,
                    "total_replies_count": 0,
                    "user_reputation": 102230,
                    "additional_data": {}
                }
            ],
            "content": [
                {
                    "text": "I shorted CDNS 19,000 shares."
                }
            ],
            "best_score": 432,
            "total_replies_count": 4,
            "user_reputation": 33580,
            "additional_data": {}
        },
        {
            "Date": "2024-10-28",
            "replies_count": 0,
            "rank": {
                "ranks_up": 0,
                "ranks_down": 2,
                "ranked_by_current_user": 0
            },
            "replies": [],
            "content": [
                {
                    "text": "Doesn’t look good $230 after earning"
                }
            ],
            "best_score": 372,
            "total_replies_count": 0,
            "user_reputation": 8990,
            "additional_data": {}
        },
        {
            "Date": "2024-10-28",
            "replies_count": 0,
            "rank": {
                "ranks_up": 0,
                "ranks_down": 0,
                "ranked_by_current_user": 0
            },
            "replies": [],
            "content": [
                {
                    "text": "I think MS downgraded today to get cheap shares. Only reason it is red."
                }
            ],
            "best_score": 349,
            "total_replies_count": 0,
            "user_reputation": 4890,
            "additional_data": {
                "labels": {
                    "ids": [
                        "BULLISH"
                    ],
                    "section": "stock"
                }
            }
        },
        {
            "Date": "2024-10-28",
            "replies_count": 1,
            "rank": {
                "ranks_up": 0,
                "ranks_down": 0,
                "ranked_by_current_user": 0
            },
            "replies": [
                {
                    "Date": "2024-10-28",
                    "replies_count": 0,
                    "rank": {
                        "ranks_up": 1,
                        "ranks_down": 0,
                        "ranked_by_current_user": 0
                    },
                    "replies": [],
                    "content": [
                        {
                            "text": "I bought some lottery calls."
                        }
                    ],
                    "best_score": 442,
                    "total_replies_count": 0,
                    "user_reputation": 4870,
                    "additional_data": {
                        "labels": {
                            "ids": [
                                "BULLISH"
                            ],
                            "section": "stock"
                        }
                    }
                }
            ],
            "content": [
                {
                    "text": "Anyone got any insights into earnings tonight?"
                }
            ],
            "best_score": 336,
            "total_replies_count": 1,
            "user_reputation": 102230,
            "additional_data": {}
        },
        {
            "Date": "2024-10-28",
            "replies_count": 0,
            "rank": {
                "ranks_up": 0,
                "ranks_down": 0,
                "ranked_by_current_user": 0
            },
            "replies": [],
            "content": [
                {
                    "text": "Bought more."
                }
            ],
            "best_score": 308,
            "total_replies_count": 0,
            "user_reputation": 4720,
            "additional_data": {
                "labels": {
                    "ids": [
                        "BULLISH"
                    ],
                    "section": "stock"
                }
            }
        },
        {
            "Date": "2024-10-25",
            "replies_count": 0,
            "rank": {
                "ranks_up": 0,
                "ranks_down": 1,
                "ranked_by_current_user": 0
            },
            "replies": [],
            "content": [
                {
                    "text": "270.00 plus after earnings next week"
                }
            ],
            "best_score": 390,
            "total_replies_count": 0,
            "user_reputation": 3560,
            "additional_data": {
                "labels": {
                    "ids": [
                        "BULLISH"
                    ],
                    "section": "stock"
                }
            }
        },
        {
            "Date": "2024-10-25",
            "replies_count": 0,
            "rank": {
                "ranks_up": 0,
                "ranks_down": 0,
                "ranked_by_current_user": 0
            },
            "replies": [],
            "content": [
                {
                    "text": "This was way up. And just followed markets down. It rocks back upward soon. JMO"
                }
            ],
            "best_score": 393,
            "total_replies_count": 0,
            "user_reputation": 3060,
            "additional_data": {
                "labels": {
                    "ids": [
                        "BULLISH"
                    ],
                    "section": "stock"
                }
            }
        },
        {
            "Date": "2024-10-24",
            "replies_count": 0,
            "rank": {
                "ranks_up": 0,
                "ranks_down": 0,
                "ranked_by_current_user": 0
            },
            "replies": [],
            "content": [
                {
                    "text": "Down 32.00 in 10 days.  =.  Load. ."
                }
            ],
            "best_score": 304,
            "total_replies_count": 0,
            "user_reputation": 2550,
            "additional_data": {
                "labels": {
                    "ids": [
                        "BULLISH"
                    ],
                    "section": "stock"
                }
            }
        },
        {
            "Date": "2024-10-24",
            "replies_count": 0,
            "rank": {
                "ranks_up": 0,
                "ranks_down": 0,
                "ranked_by_current_user": 0
            },
            "replies": [],
            "content": [
                {
                    "text": "Load point"
                }
            ],
            "best_score": 270,
            "total_replies_count": 0,
            "user_reputation": 2510,
            "additional_data": {
                "labels": {
                    "ids": [
                        "BULLISH"
                    ],
                    "section": "stock"
                }
            }
        },
        {
            "Date": "2024-09-13",
            "replies_count": 0,
            "rank": {
                "ranks_up": 1,
                "ranks_down": 0,
                "ranked_by_current_user": 0
            },
            "replies": [],
            "content": [
                {
                    "text": "The market defines a correction sometimes called a pull back as anything between 10 and 20% down."
                }
            ],
            "best_score": 517,
            "total_replies_count": 0,
            "user_reputation": 1840,
            "additional_data": {}
        },
        {
            "Date": "2024-08-13",
            "replies_count": 0,
            "rank": {
                "ranks_up": 0,
                "ranks_down": 1,
                "ranked_by_current_user": 0
            },
            "replies": [],
            "content": [
                {
                    "text": "&#34;Our base case remains for a SOX rebound likely in Q4 as seasonal headwinds dissipate,&#34; the analysts wrote.\n\nWhich chip stocks are likely to do the best will depend on the performance of the semiconductor sector in general, the bank said. If the SOX does recover in the fourth quarter, BofA recommends the most profitable vendors in their end markets: Nvidia, Broadcom, and KLA.\n\nIf volatility continues and demand worsens, the analyst team highlighted names that have traditionally outperformed, including Cadence Design Systems, Synopsys, and Broadcom.\n\nAnd finally, if there is a powerful resurgence, the most volatile chip stocks, including Arm Holdings, Micron Technology, and On Semiconductor, could be winners, the bank said."
                }
            ],
            "best_score": 531,
            "total_replies_count": 0,
            "user_reputation": 76130,
            "additional_data": {}
        },
        {
            "Date": "2024-08-04",
            "replies_count": 0,
            "rank": {
                "ranks_up": 2,
                "ranks_down": 1,
                "ranked_by_current_user": 0
            },
            "replies": [],
            "content": [
                {
                    "text": "getting close to 52 week low.   looking for buying opportunity"
                }
            ],
            "best_score": 479,
            "total_replies_count": 0,
            "user_reputation": 2070,
            "additional_data": {
                "labels": {
                    "ids": [
                        "BULLISH"
                    ],
                    "section": "stock"
                }
            }
        }
    ]
}