[
    {
        "Holder": "Blackrock Inc.",
        "Shares": "30.1M",
        "Date Reported": "Sep 30, 2024",
        "% Out": "10.97%",
        "Value": "9,180,645,573"
    },
    {
        "Holder": "Vanguard Group Inc",
        "Shares": "25.71M",
        "Date Reported": "Sep 30, 2024",
        "% Out": "9.37%",
        "Value": "7,841,664,539"
    },
    {
        "Holder": "State Street Corporation",
        "Shares": "11.92M",
        "Date Reported": "Sep 30, 2024",
        "% Out": "4.35%",
        "Value": "3,636,795,502"
    },
    {
        "Holder": "Massachusetts Financial Services Co.",
        "Shares": "7.88M",
        "Date Reported": "Sep 30, 2024",
        "% Out": "2.87%",
        "Value": "2,404,056,111"
    },
    {
        "Holder": "Jennison Associates LLC",
        "Shares": "7.61M",
        "Date Reported": "Sep 30, 2024",
        "% Out": "2.77%",
        "Value": "2,320,111,550"
    },
    {
        "Holder": "FMR, LLC",
        "Shares": "7.34M",
        "Date Reported": "Sep 30, 2024",
        "% Out": "2.68%",
        "Value": "2,238,769,506"
    },
    {
        "Holder": "Geode Capital Management, LLC",
        "Shares": "5.89M",
        "Date Reported": "Sep 30, 2024",
        "% Out": "2.15%",
        "Value": "1,795,453,547"
    },
    {
        "Holder": "Alliancebernstein L.P.",
        "Shares": "5.04M",
        "Date Reported": "Sep 30, 2024",
        "% Out": "1.84%",
        "Value": "1,538,577,109"
    },
    {
        "Holder": "Franklin Resources, Inc.",
        "Shares": "4.58M",
        "Date Reported": "Sep 30, 2024",
        "% Out": "1.67%",
        "Value": "1,397,992,443"
    },
    {
        "Holder": "Norges Bank Investment Management",
        "Shares": "4.14M",
        "Date Reported": "Jun 30, 2024",
        "% Out": "1.51%",
        "Value": "1,264,027,233"
    }
]