[
    {
        "Holder": "Vanguard Group Inc",
        "Shares": "10.55M",
        "Date Reported": "Sep 30, 2024",
        "% Out": "11.70%",
        "Value": "188,072,871"
    },
    {
        "Holder": "ARK Investment Management, LLC",
        "Shares": "9.75M",
        "Date Reported": "Sep 30, 2024",
        "% Out": "10.82%",
        "Value": "173,864,323"
    },
    {
        "Holder": "Blackrock Inc.",
        "Shares": "8.25M",
        "Date Reported": "Sep 30, 2024",
        "% Out": "9.15%",
        "Value": "147,062,374"
    },
    {
        "Holder": "Rgm Capital, Llc",
        "Shares": "4.56M",
        "Date Reported": "Sep 30, 2024",
        "% Out": "5.06%",
        "Value": "81,381,397"
    },
    {
        "Holder": "Sumitomo Mitsui Trust Holdings, Inc.",
        "Shares": "3.74M",
        "Date Reported": "Sep 30, 2024",
        "% Out": "4.15%",
        "Value": "66,662,857"
    },
    {
        "Holder": "Nikko Asset Management Americas, Inc.",
        "Shares": "3.74M",
        "Date Reported": "Sep 30, 2024",
        "% Out": "4.15%",
        "Value": "66,662,857"
    },
    {
        "Holder": "FIL LTD",
        "Shares": "3.72M",
        "Date Reported": "Sep 30, 2024",
        "% Out": "4.13%",
        "Value": "66,369,054"
    },
    {
        "Holder": "ClearBridge Investments, LLC",
        "Shares": "3.22M",
        "Date Reported": "Sep 30, 2024",
        "% Out": "3.57%",
        "Value": "57,445,745"
    },
    {
        "Holder": "Janus Henderson Group PLC",
        "Shares": "3M",
        "Date Reported": "Sep 30, 2024",
        "% Out": "3.32%",
        "Value": "53,406,894"
    },
    {
        "Holder": "State Street Corporation",
        "Shares": "2.27M",
        "Date Reported": "Sep 30, 2024",
        "% Out": "2.51%",
        "Value": "40,419,575"
    }
]