Source,Date,Text,Sentiment,Score,Confidence,Type
Reddit,2024-10-29,"When Skynet Takes Over, I Want a Piece of the Action 100K Investment Thesis",Neutral,0,0.9997547268867493,Main
Reddit,2024-10-29,User Report Total Submissions 1 First Seen In WSB just now Total Comments 0 Previous Best DD Account Age 1 year Join WSB Discord,Neutral,0,0.9999569654464722,Reply
Reddit,2024-10-29,All this dd and you could have just bought MAGS,Neutral,0,0.9997739195823669,Reply
Reddit,2024-10-29,Thats a lot of due diligence just to buy the equivalent of voo,Neutral,0,0.9999232292175293,Reply
Reddit,2024-10-29,You could just buy a tech eft and have the same portfolio,Neutral,0,0.9999628067016602,Reply
Reddit,2024-10-29,All in on Cyberdyne Systems,Neutral,0,0.99949049949646,Reply
Reddit,2024-10-29,You should add LOCK. Nice read up. Thx.,Neutral,0,0.7706029415130615,Reply
Reddit,2024-10-29,What would make you consider exiting position in the future?,Neutral,0,0.9989475607872009,Reply
Reddit,2024-10-29,fuckin christ thats a lot of words and pictures. didnt read. upvoted because of skynet. buy a bunker with your winnings to avoid the nuclear blast.,Neutral,0,0.9970051646232605,Reply
Reddit,2024-10-29,Got it. Calls on SKYNET,Neutral,0,0.9999829530715942,Reply
Reddit,2024-10-29,deleted,Neutral,0,0.9962913990020752,Reply
Reddit,2024-10-29,"You nearly bought every stock at ATH, this has to be a tremendous feat of some sort !imgemotet5_2th524267",Neutral,0,0.9985729455947876,Reply
Reddit,2024-10-29,He spent an entire word buffet to say buy NVDA,Neutral,0,0.9998955726623535,Reply
Reddit,2024-10-29,"lol facts. i think theres an important embedded point here though. The capital requirements of this build out are so egregious and the depreciation speed of existing capital stock that I dont think OpenAI or Anthropic are long term players here. Ive got researcher friends at OpenAI, and the people theyre scared of are Google and Microsoft because theyre the ones that can conceivably spend 100B a year. OpenAI Anthropic are playing around at funding rounds 5B every year.",Neutral,0,0.9999419450759888,Reply
Reddit,2024-10-29,Hahaha. I came here to write this.,Neutral,0,0.9949894547462463,Reply
Reddit,2024-10-29,Like which one?,Neutral,0,0.9963605999946594,Reply
Reddit,2024-10-29,"I love this question! If I get evidence that scaling laws are not holding up, I would rethink the time horizon of this bet. The rumor is that Claude 3.5Opus hasnt hit the requisite marks, but Im waiting for more evidence from Gemini2 and OpenAIs Orion model before making any core judgments.",Neutral,0,0.7358731627464294,Reply
Reddit,2024-10-29,Yeah this is a long only portfolio. The problem with hedging by shorting the entire market is that the Mag 7 are such a large part of the market anyway. How would you structure it?,Neutral,0,0.9286096096038818,Reply
Reddit,2024-10-29,XLK is one that op mentions,Neutral,0,0.9994916915893555,Reply
Reddit,2024-10-15,Feels Worse Than it Looks,Negative,-1,0.9997923970222473,Main
Reddit,2024-10-15,User Report Total Submissions 10 First Seen In WSB 3 years ago Total Comments 5828 Previous Best DD x Account Age 3 years Join WSB Discord,Neutral,0,0.9999891519546509,Reply
Reddit,2024-10-15,Why did all the semiconductors go down?,Negative,-1,0.6715201735496521,Reply
Reddit,2024-10-15,"I have three named ones that are in there! None is a big box, the largest box I own is QCOM. Bottom right of NVDA",Neutral,0,0.999954342842102,Reply
Reddit,2024-10-15,Thats what she said,Neutral,0,0.9991408586502075,Reply
Reddit,2024-10-15,nvda my butthole,Neutral,0,0.9850803017616272,Reply
Reddit,2024-10-15,wheres djt?,Neutral,0,0.9996463060379028,Reply
Reddit,2024-10-15,Idk my port did great today and the last two months,Positive,1,0.9949546456336975,Reply
Reddit,2024-10-15,ASML leak and Biden adding some Middle East Countries to export ban list is the word behind the Wendys dumpster.,Neutral,0,0.9774686694145203,Reply
Reddit,2024-10-15,Its one of the so red its black squares that you can barely see.,Neutral,0,0.9983188509941101,Reply
Reddit,2024-10-15,Campaign fraud is listed in a different index.,Neutral,0,0.9999843835830688,Reply
Reddit,2024-10-15,Need to visit Wendys dumpster badly,Negative,-1,0.996055006980896,Reply
Reddit,2024-10-15,Whoa anything that spurred the dump? It was bound to happen sooner or later,Neutral,0,0.9958996176719666,Reply
Reddit,2024-10-15,Smells so good out here,Positive,1,0.999975323677063,Reply
Reddit,2024-10-15,I hear they run a mean gloryhole,Neutral,0,0.9999490976333618,Reply
Reddit,2024-10-15,Maybe it was the number of times Ive said how the fuck is this still going up? Like a beetlejuice thing,Neutral,0,0.9977028965950012,Reply
Reddit,2024-10-15,Hot. Rancid. Sex.,Neutral,0,0.9998457431793213,Reply
Reddit,2024-10-15,Sushi?,Neutral,0,0.9938295483589172,Reply
Reddit,2024-10-15,"I get more of like a half eaten festering burgers and fry oil mixed with piss kind of aroma. So, actually, yes.",Neutral,0,0.9999302625656128,Reply
Reddit,2024-08-28,A way to play NVDA earnings ANET,Negative,-1,0.9998942613601685,Main
Reddit,2024-08-28,User Report Total Submissions 2 First Seen In WSB 3 months ago Total Comments 16 Previous Best DD Account Age 5 years Join WSB Discord,Neutral,0,0.9999765157699585,Reply
Reddit,2024-08-28,I like Arista a lot hold shares.,Neutral,0,0.992177426815033,Reply
Reddit,2024-08-28,Thanks I bought puts,Neutral,0,0.944283664226532,Reply
Yahoo,2024-10-30,Where is that kiddo Zzzz,Neutral,0,0.9991475343704224,Main
Yahoo,2024-10-30,"they are getting all the data center business, this quarter will be awesome as usual. Steady double digit growth for 2 more years at least, will split by spring 4 to 1.  Making money, growing, well ran stream lined company. Any decline in price will be institutions taking profits, then scared money bailing out which triggers the institutions algorithms to buy it up.",Positive,1,0.9950672388076782,Main
Yahoo,2024-10-23,BTW analysts est of 2025 growth in eps is 14% so maybe I should use a 14pe X the 9.47 est to arrive at fair value of 133ps. Might look outrageous but it could happen in a bear market. To me the risk is way more than any probable gain.,Neutral,0,0.9996117949485779,Main
Yahoo,2024-10-23,A vote for Kamala is a vote for four more years of this.,Neutral,0,0.9996979236602783,Main
Yahoo,2024-10-23,Waving the pom-poms will not keep this overpriced stock from seeking fair value of maybe 20pe.,Negative,-1,0.7608296275138855,Main
Yahoo,2024-10-22,I k ind of like the down days as I am loading up on this one. Great future.,Positive,1,0.9994402527809143,Main
Yahoo,2024-10-22,"Watch out that NVDA is also building AI switch. It got the famous networking fellow from Cisco to help building the next generation AI switch. Hard to compete because NVDA can do top down flow control, other vendors have to do bottom-up guessing kind of flow control. It is not a fair playground. With respect to security front, there are tons of players, ANET is not really one of them. How much revenue can ANET grow? 30% annually then it can sustain its current stock price. Otherwise, too expensive for commodity networking gear.",Negative,-1,0.7779472470283508,Main
Yahoo,2024-10-20,Whatever happened to Rosenblatts double downgrade back in April? (PRO’s???))😂😂,Neutral,0,0.6855634450912476,Main
Yahoo,2024-10-18,Why down big time lol,Neutral,0,0.8808392882347107,Main
Yahoo,2024-10-16,I’m sure many didn’t load yesterday. Bummer dude.,Neutral,0,0.9990854263305664,Main
Yahoo,2024-10-16,Long and strong,Positive,1,0.9999998807907104,Main
Yahoo,2024-10-15,I have owned this stock for a couple of years now and aroundc2-3 weeks out from earnings it drops a pretty good click. Then even if they have stellar earnings it stays down and then and then 5-10 after earnings it blows up again.,Positive,1,0.9999617338180542,Main
Yahoo,2024-10-15,post earnings announcment drift?,Neutral,0,0.9999724626541138,Main
Yahoo,2024-10-15,Adding here.,Neutral,0,0.9975234866142273,Main
Yahoo,2024-10-15,I wish I had bought puts this morning. Puts are up 1900%. Crazy times.,Neutral,0,0.5912359952926636,Main
Yahoo,2024-10-15,A little trimming is quite normal as the same sectors are facing the same hair cut.,Neutral,0,0.6481499671936035,Main
Yahoo,2024-10-15,Why the big decline today??,Negative,-1,0.8085955381393433,Main
Yahoo,2024-10-15,JP Morgan Raises Target Price to $480 From $340,Positive,1,0.9985076785087585,Main
Yahoo,2024-10-14,"anyone watch that Chaikin Scam video....yea, Buy ANET!  He thinks his POWER GAUGE says buy this...when it&#39;s up 1000% in 3years....UM OOOOkkkkkkay!   NOT!",Neutral,0,0.9997969269752502,Main
Yahoo,2024-10-11,big mistake selling at 339 dang,Negative,-1,0.9807023406028748,Main
Yahoo,2024-10-10,"Initiated with 3% of my portfolio. Today this is over 20% by holding. I had no idea then, other than it had a healthy R+D ratio and was scalable in hardware to service infrastructure. If it weren’t for this, I’d prob be in the hole with a few other long holds that have tanked miserably. Still holding, but will start to pare down. Don’t take this as an example of what you should do; I’m just cautious of the portfolio balance!",Neutral,0,0.998465895652771,Main
Yahoo,2024-10-10,remember several months ago when that analyst downgraded ANET.....lol. Does he still have a job?,Negative,-1,0.5320369601249695,Main
Yahoo,2024-10-10,Anet is the top stock right now from a technical and fundamental rating.,Positive,1,0.9462908506393433,Main
Yahoo,2024-10-09,This thing hasn&#39;t stop climbing. 45 degrees everyday. 🤔,Neutral,0,0.9116222262382507,Main
Yahoo,2024-10-09,"New All Time Highs Everyday.... Many times in a Day. 💓Soon, Soon, Very Soon. It will reach 460 price target set by Citigroup.Very Very High demand for Cloud, AI, DataCenter, Ethernet Mega Cluster is just the beginning.",Positive,1,0.999993085861206,Main
Yahoo,2024-10-08,"The last time Arista hit $400, they had a four for one stock split. That was in 2021. Do y&#39;all think they will announce another stock split at the next earnings call in a few weeks?",Neutral,0,0.9999836683273315,Main
Yahoo,2024-10-08,"too expensive to invest in, it will drop to $320 and I will wait.",Negative,-1,0.5967484712600708,Main
Yahoo,2024-10-08,"Yes, related to AI stocks. Look at NVDA up over $5.00 today. I’m projecting NVDA to $200.00 by EOY. Will AAOI crash after earnings?",Neutral,0,0.9998144507408142,Main
Yahoo,2024-10-05,Whoever has ANET understands the tech opty ahead.  My question is who has another stock recommendation similar to ANET?  Looking for additional ideas early on ideally…..let’s hear some!,Neutral,0,0.999754011631012,Main
Yahoo,2024-10-04,What happened to Arista stock in the aftermarket on Friday?,Neutral,0,0.9938852190971375,Main
Yahoo,2024-10-04,What happened after hour? Profit taking or sth?,Neutral,0,0.7740128636360168,Main
Yahoo,2024-10-04,bumped 400....hottest stock in the market,Neutral,0,0.8897795677185059,Main
Yahoo,2024-10-04,very solid stock. my kinda stock,Positive,1,1.0,Main
Yahoo,2024-10-04,looks like another big day could be coming,Neutral,0,0.9996497631072998,Main
Yahoo,2024-09-27,Maximum pain for options expiration driving this towards 377.5 today? Could be buying opportunity?,Positive,1,0.9993183612823486,Main
Yahoo,2024-09-26,not to brag or anything but I got a $62 price average 😁,Neutral,0,0.9999644756317139,Main
Yahoo,2024-09-25,"Been investing any $ available since 10-23.
Margin accounts maxed out.",Neutral,0,0.9997435212135315,Main
Yahoo,2024-09-24,Goldman Sachs has just raised Arista Network&#39;s price target from 390 to 430.,Positive,1,0.9998323917388916,Main
Yahoo,2024-09-23,Should hit 450 by end of this year,Neutral,0,0.9986305236816406,Main
Yahoo,2024-09-19,Anet has continues to crush legacy old tech.  Any others setting up to do the same?  APP has been crushing it. TTD. Spot.   Any other suggestions?  Thinking  these have to consolidate for a few months and show yet more growth before another big move.,Neutral,0,0.912825882434845,Main
Yahoo,2024-09-19,"Amazing, all time high again. Even CSCO legacy company goes up. No way ANET which is Next CSCO won&#39;t go up.",Positive,1,0.940004825592041,Main
Yahoo,2024-09-19,Another All Time High Breached 😍We all knew it was just a matter of few weeks 😁Patience &amp; Perseverance,Negative,-1,0.7560434937477112,Main
Yahoo,2024-09-16,Cisco is Disco...Old and ready to Fold.,Positive,1,0.9994753003120422,Main
Yahoo,2024-09-16,Money moving to Cisco today.,Neutral,0,0.9997912049293518,Main
Yahoo,2024-09-13,"Meta has disclosed that they are close to completing a model cluster for more than 100,000 GPUs. This will be networked by Ethernet switches and NOT Nvidia&#39;s switches. Because Nvidia&#39;s switches cannot handle cluster of this scale. So, only company to provide these Ethernet switches is Arista Networks.Price target for Arista Networks has already been increased to $400.This is the beginning of a beautiful friendship between Arista, Meta &amp; Ethernet.",Neutral,0,0.9988495111465454,Main
Yahoo,2024-09-11,Hopefully up over $350 again soon.,Positive,1,0.991837203502655,Main
Yahoo,2024-09-07,"Here is a rundown of policy differences. This is not an endorsement.Mr. Trump recently stated that he supports reducing the top corporate income tax bracketfrom 21% to 15% in order to help companies like ANET to compete strongly against foreigncompetitors. 7 years ago, Mr. Trump spearheaded reducing the rate from 35% to 21%.Ms. Harris proposes increasing the top corporate rate from 21% to 28%, a 25% increase inincome tax ANET would have to pay instead of investing in it&#39;s growth.Mr. Trump wants to maintain the current long-term capital gains tax on sales of ANET stockat 15% and 20% for higher earners.Ms. Harris proposes taxing capital gains taxes as ordinary earnings. So an investor in the 28% marginal income tax bracket would see in increase in capital gains taxes on ANET stock sales from 15% to 28%, almost doubling the tax owed. Ms. Harris also proposes, with Mr. Biden,to impose the tax on &#34;unrealized&#34; gains, on ANET stock that an investor owns but has not yetsold. The unrealized gain tax would be imposed on higher earners.Mr. Trump lowered personal income tax brackets across the board in 2017. Those reductions will &#34;sunset&#34; (end) in 2025 if they are not renewed. Mr. Trump wants to renew them. Ms. Harris avoids the subject, but Mr. Biden has expressed disdain for the 2017 reductions. The increased standard deduction would also sunset. If the brackets sunset and increase to the pre-2017 levels, so too would the cap-gains tax with Harris&#39;s proposal.",Neutral,0,0.9905593395233154,Main
Yahoo,2024-09-06,"Although I posted it a few minutes ago as a reply to someone, I’m posting here again hoping that at least some of you will pay attention:It is quite amazing to see some of the pronouncements here: “Broadcom earnings disaster”…. 😆🥴😆You call this a disaster?!?….You must be young then and haven’t experienced real disasters. Besides, Broadcom, as important as it may be, is not Nvidia and does not have the weight you assigned to it. And as far as the “big picture” is concerned, the reasons for the current decline of tech stocks is the uncertainty regarding whether even a 50 BP cut by the Fed will ensure “soft landing” (vs a recession) and the fact that some investors believe that the AI hype is overdone.As for SMCI, accounting mess vs strong demand for products merit staying away for now!",Negative,-1,0.9998925924301147,Main
Yahoo,2024-09-05,Afternoon down tomorrow what’s the,Neutral,0,0.999525785446167,Main
Yahoo,2024-09-04,How about a 3 for 1 split?,Neutral,0,0.9999680519104004,Main
Yahoo,2024-09-03,"Ever Since I owned ANET (Since 2017), I have gone thru many such selling events. Which has nothing to do with ANET as a company but it is due to broader markets going down.My patience has been consistently rewarded beyond my wildest expectations.",Positive,1,0.9999984502792358,Main
Yahoo,2024-09-03,It is still overvalued in my view...,Negative,-1,0.8106269240379333,Main
Yahoo,2024-09-03,Insiders dumping,Neutral,0,0.6527144908905029,Main
Yahoo,2024-08-30,6.27 billion in cash and hardly NO debt.,Neutral,0,0.999579131603241,Main
Yahoo,2024-08-30,A 2 for 1 stock split announcement would be a good boost.,Positive,1,1.0,Main
Yahoo,2024-08-30,can&#39;t hold above 350 right now,Neutral,0,0.9966354966163635,Main
Yahoo,2024-08-29,Can’t keep a good stock down,Positive,1,0.9948144555091858,Main
Yahoo,2024-08-29,"what is happening?
it is a good company and stock px juz keep declining!",Positive,1,0.9999972581863403,Main
Yahoo,2024-08-28,insiders sell because they get stock as pay each quarter. It is not their long term  investment in the company that they are selling,Neutral,0,0.9988921284675598,Main
Yahoo,2024-08-23,"@Heath If you see trading volume is also consistently very low for a company with 111.75 billions in valuation. Board is quite because smart folks, institutional investors, whales etc have bought ANET while ago and just watching it multiply.Sold Cisco &amp; Bought ANET in 2017. Everyone at that time said ANET is expensive, PE ratio was high etc. etc. etc.Just like property in Park Ave, NY  v/s property in average middleclass neighborhood, ANET has always been a bit expensive.Since then my stock multiplied by 7 times Now, My family tells me that now I sleep with a subtle smirk on my face😊.",Neutral,0,0.9821071028709412,Main
Yahoo,2024-08-22,Blows me away how quiet this board is. I love ANET. it just keeps winning.,Positive,1,0.7984710931777954,Main
Yahoo,2024-08-20,Pretty volatile yesterday and the pre market (not always meaningful) shows still more volatility. Is there some negative news I missed or some other reason. Added yesterday but still wonder what happened.,Negative,-1,0.9998158812522888,Main
Yahoo,2024-08-18,"ANET recruiters have been buried in csco resumes for years now. Sad to see how a company so dominant can be displaced. Also, great to see that in the US innovative businesses can displace dominant industry leaders. Capitalism at its best. ANET is a poster child of why competition is good for progress instead of government bureaucrats trying to manage markets.",Positive,1,0.9966782331466675,Main
Yahoo,2024-08-16,"So much for that double downgrade by Rosenblatt back in April!  
Proof- do your own due diligence
“nobody cares more about your money than you!”",Neutral,0,0.9725311398506165,Main
Yahoo,2024-08-12,"This will have to come down in order to have a good rally into the end of year,, Ill be waiting for a $20 draw down, quickly",Negative,-1,0.9749314785003662,Main
Yahoo,2024-08-09,Back to 280s sooner or later,Neutral,0,0.9996110796928406,Main
Yahoo,2024-08-09,"very soon, ANET market cap is bigger than CSCO. Rumors saying that Cisco has another round of layoff. Most likely it loses ton of business to ANET again.",Negative,-1,0.9877903461456299,Main
Yahoo,2024-08-08,"Arista Networks stock is saying, &#34;I want to break free&#34;.Free from Oppressive downward pressure of Dow Jones.Free from Oppressive downward pressure of Nasdaq.Free from Oppressive downward pressure of Nvidia selloff.Free from any other negativity out there, which has nothing to do with it&#39;s excellent track record.",Positive,1,1.0,Main
Yahoo,2024-08-07,Guidance is coming my friends,Neutral,0,0.9882659316062927,Main
Yahoo,2024-08-06,"We all know that Arista will cross current ATH of 376.50 in no time.In fact, If DJI &amp; Nasdaq had not down pressured the entire market, Arista would have already crossed 400.",Neutral,0,0.9999231100082397,Main
Yahoo,2024-08-05,Buy The Dip,Positive,1,0.9999240636825562,Main
Yahoo,2024-08-02,This environment feels like Mr. Market trying to bully the Fed into a fifty basis point cut in September.,Negative,-1,0.9773322939872742,Main
Yahoo,2024-08-01,this stock is a roller coaster,Neutral,0,0.9999904632568359,Main
Yahoo,2024-08-01,"Boy this market cannot be trusted. Losing 20 dollars in gains in less than an hour, especially after a good report,  is incomprehensible.",Negative,-1,0.9992029070854187,Main
Yahoo,2024-08-01,ANET all time high,Neutral,0,0.6931238770484924,Main
Yahoo,2024-08-01,600 with a dividend by the end of 2025,Neutral,0,0.9993922710418701,Main
