[
    {
        "Holder": "Vanguard Group Inc",
        "Shares": "95.09M",
        "Date Reported": "Sep 30, 2024",
        "% Out": "30.19%",
        "Value": "10,748,534,835"
    },
    {
        "Holder": "Blackrock Inc.",
        "Shares": "84.01M",
        "Date Reported": "Sep 30, 2024",
        "% Out": "26.67%",
        "Value": "9,495,432,727"
    },
    {
        "Holder": "FMR, LLC",
        "Shares": "53.51M",
        "Date Reported": "Sep 30, 2024",
        "% Out": "16.99%",
        "Value": "6,048,713,125"
    },
    {
        "Holder": "State Street Corporation",
        "Shares": "44.95M",
        "Date Reported": "Sep 30, 2024",
        "% Out": "14.27%",
        "Value": "5,080,759,481"
    },
    {
        "Holder": "JP Morgan Chase & Company",
        "Shares": "33.85M",
        "Date Reported": "Jun 30, 2024",
        "% Out": "10.75%",
        "Value": "3,825,749,426"
    },
    {
        "Holder": "Cresset Asset Management, LLC",
        "Shares": "28.92M",
        "Date Reported": "Sep 30, 2024",
        "% Out": "9.18%",
        "Value": "3,268,502,038"
    },
    {
        "Holder": "Alliancebernstein L.P.",
        "Shares": "26.46M",
        "Date Reported": "Sep 30, 2024",
        "% Out": "8.40%",
        "Value": "2,990,861,478"
    },
    {
        "Holder": "Geode Capital Management, LLC",
        "Shares": "23.49M",
        "Date Reported": "Sep 30, 2024",
        "% Out": "7.46%",
        "Value": "2,654,613,961"
    },
    {
        "Holder": "Capital World Investors",
        "Shares": "22.65M",
        "Date Reported": "Sep 30, 2024",
        "% Out": "7.19%",
        "Value": "2,559,851,870"
    },
    {
        "Holder": "Morgan Stanley",
        "Shares": "19.95M",
        "Date Reported": "Sep 30, 2024",
        "% Out": "6.33%",
        "Value": "2,254,428,537"
    }
]