[
    {
        "Holder": "Vanguard Group Inc",
        "Shares": "244.06M",
        "Date Reported": "Sep 30, 2024",
        "% Out": "11.19%",
        "Value": "19,300,179,207"
    },
    {
        "Holder": "Blackrock Inc.",
        "Shares": "157.92M",
        "Date Reported": "Sep 30, 2024",
        "% Out": "7.24%",
        "Value": "12,488,180,243"
    },
    {
        "Holder": "State Street Corporation",
        "Shares": "82.51M",
        "Date Reported": "Sep 30, 2024",
        "% Out": "3.78%",
        "Value": "6,525,083,906"
    },
    {
        "Holder": "Geode Capital Management, LLC",
        "Shares": "47.95M",
        "Date Reported": "Sep 30, 2024",
        "% Out": "2.20%",
        "Value": "3,791,642,995"
    },
    {
        "Holder": "Renaissance Technologies, LLC",
        "Shares": "38.42M",
        "Date Reported": "Sep 30, 2024",
        "% Out": "1.76%",
        "Value": "3,038,193,569"
    },
    {
        "Holder": "Morgan Stanley",
        "Shares": "22.83M",
        "Date Reported": "Sep 30, 2024",
        "% Out": "1.05%",
        "Value": "1,805,217,325"
    },
    {
        "Holder": "Northern Trust Corporation",
        "Shares": "16.19M",
        "Date Reported": "Sep 30, 2024",
        "% Out": "0.74%",
        "Value": "1,280,201,318"
    },
    {
        "Holder": "Legal & General Group PLC",
        "Shares": "15.48M",
        "Date Reported": "Sep 30, 2024",
        "% Out": "0.71%",
        "Value": "1,224,398,277"
    },
    {
        "Holder": "Sumitomo Mitsui Trust Holdings, Inc.",
        "Shares": "14.98M",
        "Date Reported": "Sep 30, 2024",
        "% Out": "0.69%",
        "Value": "1,184,849,736"
    },
    {
        "Holder": "Bank of America Corporation",
        "Shares": "12.91M",
        "Date Reported": "Sep 30, 2024",
        "% Out": "0.59%",
        "Value": "1,020,741,493"
    }
]