[
    {
        "Holder": "Blackrock Inc.",
        "Shares": "78.39M",
        "Date Reported": "Sep 30, 2024",
        "% Out": "9.63%",
        "Value": "13,077,517,396"
    },
    {
        "Holder": "Vanguard Group Inc",
        "Shares": "76.55M",
        "Date Reported": "Sep 30, 2024",
        "% Out": "9.41%",
        "Value": "12,771,221,850"
    },
    {
        "Holder": "State Street Corporation",
        "Shares": "38.81M",
        "Date Reported": "Sep 30, 2024",
        "% Out": "4.77%",
        "Value": "6,474,346,552"
    },
    {
        "Holder": "Capital International Investors",
        "Shares": "20.88M",
        "Date Reported": "Sep 30, 2024",
        "% Out": "2.57%",
        "Value": "3,483,863,214"
    },
    {
        "Holder": "Geode Capital Management, LLC",
        "Shares": "19.83M",
        "Date Reported": "Sep 30, 2024",
        "% Out": "2.44%",
        "Value": "3,307,633,843"
    },
    {
        "Holder": "FMR, LLC",
        "Shares": "16.41M",
        "Date Reported": "Sep 30, 2024",
        "% Out": "2.02%",
        "Value": "2,738,199,505"
    },
    {
        "Holder": "Capital World Investors",
        "Shares": "15.82M",
        "Date Reported": "Sep 30, 2024",
        "% Out": "1.94%",
        "Value": "2,639,969,999"
    },
    {
        "Holder": "Norges Bank Investment Management",
        "Shares": "10.73M",
        "Date Reported": "Jun 30, 2024",
        "% Out": "1.32%",
        "Value": "1,789,994,163"
    },
    {
        "Holder": "Morgan Stanley",
        "Shares": "10.7M",
        "Date Reported": "Sep 30, 2024",
        "% Out": "1.32%",
        "Value": "1,785,687,112"
    },
    {
        "Holder": "Bank Of New York Mellon Corporation",
        "Shares": "9.15M",
        "Date Reported": "Sep 30, 2024",
        "% Out": "1.12%",
        "Value": "1,526,977,823"
    }
]