Source,Date,Cumulative Score,Confidence,Text Count,Normalized Score
Reddit,2024-10-06,-6,0.9436849819289314,27,-0.2222222222222222
Yahoo,2024-08-07,3,0.9418781797091166,6,0.5
Yahoo,2024-08-08,2,0.9949807609830584,7,0.2857142857142857
Yahoo,2024-08-12,1,0.8572231292724609,5,0.2
Yahoo,2024-08-13,1,0.9211616218090057,2,0.5
Yahoo,2024-08-14,1,0.9976679682731628,1,1.0
Yahoo,2024-08-15,-1,0.9788888394832611,2,-0.5
Yahoo,2024-08-16,1,0.9999470114707947,2,0.5
Yahoo,2024-08-19,0,0.9672629634539286,3,0.0
Yahoo,2024-08-20,1,0.9999828338623047,1,1.0
Yahoo,2024-08-21,0,0.9338076829910278,5,0.0
Yahoo,2024-08-23,0,0.9723058938980103,1,0.0
Yahoo,2024-08-26,0,0.9984924793243408,2,0.0
Yahoo,2024-08-27,-1,0.8548024296760559,1,-1.0
Yahoo,2024-08-28,1,0.9994613826274872,2,0.5
Yahoo,2024-08-29,-1,0.957645959324307,9,-0.1111111111111111
Yahoo,2024-08-30,1,0.909352469444275,5,0.2
Yahoo,2024-09-03,-1,0.9538357257843018,4,-0.25
Yahoo,2024-09-05,0,0.9985461235046387,1,0.0
Yahoo,2024-09-06,-1,0.9999128580093384,1,-1.0
Yahoo,2024-09-11,0,0.9750494658946991,2,0.0
Yahoo,2024-09-12,0,0.9975361824035645,1,0.0
Yahoo,2024-09-17,-1,0.7218572497367859,1,-1.0
Yahoo,2024-09-18,0,0.9559098482131958,1,0.0
Yahoo,2024-09-19,0,0.9461116641759872,4,0.0
Yahoo,2024-09-23,1,0.9521488428115845,5,0.2
Yahoo,2024-09-24,-1,0.9999677538871765,2,-0.5
Yahoo,2024-09-25,-1,0.9193992614746094,1,-1.0
Yahoo,2024-09-26,0,0.9174899458885193,1,0.0
Yahoo,2024-09-27,0,0.9337263703346252,1,0.0
Yahoo,2024-10-01,0,0.9983267188072205,1,0.0
Yahoo,2024-10-04,0,0.9993138313293457,1,0.0
Yahoo,2024-10-07,0,0.9996497631072998,1,0.0
Yahoo,2024-10-09,1,0.9966753721237183,1,1.0
Yahoo,2024-10-10,0,0.934809148311615,1,0.0
Yahoo,2024-10-14,1,0.9999992847442627,1,1.0
Yahoo,2024-10-15,0,0.8897560834884644,2,0.0
Yahoo,2024-10-16,-2,0.9514217575391134,3,-0.6666666666666666
Yahoo,2024-10-17,0,0.9354494214057922,1,0.0
Yahoo,2024-10-18,-1,0.6798148155212402,1,-1.0
Yahoo,2024-10-22,0,0.7673313021659851,2,0.0
Yahoo,2024-10-23,1,0.9412358403205872,1,1.0
Yahoo,2024-10-24,0,0.9520259499549866,2,0.0
Yahoo,2024-10-28,-1,0.9997980892658234,2,-0.5
Yahoo,2024-10-29,1,0.6905481417973837,3,0.3333333333333333
Yahoo,2024-10-30,0,0.997675359249115,2,0.0
