[
    {
        "Holder": "Blackrock Inc.",
        "Shares": "7.86M",
        "Date Reported": "Sep 30, 2024",
        "% Out": "13.56%",
        "Value": "108,474,749"
    },
    {
        "Holder": "Grantham, Mayo, Van Otterloo & Co. LLC",
        "Shares": "4.31M",
        "Date Reported": "Sep 30, 2024",
        "% Out": "7.44%",
        "Value": "59,502,606"
    },
    {
        "Holder": "Vanguard Group Inc",
        "Shares": "3.19M",
        "Date Reported": "Sep 30, 2024",
        "% Out": "5.50%",
        "Value": "43,996,387"
    },
    {
        "Holder": "FMR, LLC",
        "Shares": "2.62M",
        "Date Reported": "Sep 30, 2024",
        "% Out": "4.51%",
        "Value": "36,092,893"
    },
    {
        "Holder": "Invesco Ltd.",
        "Shares": "2.33M",
        "Date Reported": "Sep 30, 2024",
        "% Out": "4.02%",
        "Value": "32,131,299"
    },
    {
        "Holder": "Shaw D.E. & Co., Inc.",
        "Shares": "2.21M",
        "Date Reported": "Sep 30, 2024",
        "% Out": "3.81%",
        "Value": "30,460,050"
    },
    {
        "Holder": "Baillie Gifford and Company",
        "Shares": "1.72M",
        "Date Reported": "Sep 30, 2024",
        "% Out": "2.97%",
        "Value": "23,720,516"
    },
    {
        "Holder": "State Street Corporation",
        "Shares": "1.39M",
        "Date Reported": "Sep 30, 2024",
        "% Out": "2.39%",
        "Value": "19,130,484"
    },
    {
        "Holder": "Goldman Sachs Group Inc",
        "Shares": "1.31M",
        "Date Reported": "Sep 30, 2024",
        "% Out": "2.26%",
        "Value": "18,109,353"
    },
    {
        "Holder": "Two Sigma Investments, LP",
        "Shares": "1.24M",
        "Date Reported": "Sep 30, 2024",
        "% Out": "2.14%",
        "Value": "17,086,318"
    }
]