[
    {
        "Holder": "Blackrock Inc.",
        "Shares": "384.73M",
        "Date Reported": "Sep 30, 2024",
        "% Out": "8.92%",
        "Value": "7,810,053,764"
    },
    {
        "Holder": "Vanguard Group Inc",
        "Shares": "362.96M",
        "Date Reported": "Sep 30, 2024",
        "% Out": "8.42%",
        "Value": "7,368,007,335"
    },
    {
        "Holder": "State Street Corporation",
        "Shares": "197.96M",
        "Date Reported": "Sep 30, 2024",
        "% Out": "4.59%",
        "Value": "4,018,562,250"
    },
    {
        "Holder": "Geode Capital Management, LLC",
        "Shares": "92.51M",
        "Date Reported": "Sep 30, 2024",
        "% Out": "2.14%",
        "Value": "1,877,954,918"
    },
    {
        "Holder": "Primecap Management Company",
        "Shares": "77.27M",
        "Date Reported": "Sep 30, 2024",
        "% Out": "1.79%",
        "Value": "1,568,522,314"
    },
    {
        "Holder": "Norges Bank Investment Management",
        "Shares": "59.38M",
        "Date Reported": "Jun 30, 2024",
        "% Out": "1.38%",
        "Value": "1,205,361,174"
    },
    {
        "Holder": "UBS Asset Management Americas Inc",
        "Shares": "58.47M",
        "Date Reported": "Sep 30, 2024",
        "% Out": "1.36%",
        "Value": "1,186,929,018"
    },
    {
        "Holder": "Morgan Stanley",
        "Shares": "46.27M",
        "Date Reported": "Sep 30, 2024",
        "% Out": "1.07%",
        "Value": "939,272,804"
    },
    {
        "Holder": "Legal & General Group PLC",
        "Shares": "44.95M",
        "Date Reported": "Sep 30, 2024",
        "% Out": "1.04%",
        "Value": "912,407,825"
    },
    {
        "Holder": "Bank of America Corporation",
        "Shares": "44.43M",
        "Date Reported": "Sep 30, 2024",
        "% Out": "1.03%",
        "Value": "902,001,497"
    }
]