[
    {
        "Holder": "Vanguard Group Inc",
        "Shares": "27.79M",
        "Date Reported": "Sep 30, 2024",
        "% Out": "11.97%",
        "Value": "968,073,569"
    },
    {
        "Holder": "Blackrock Inc.",
        "Shares": "24.06M",
        "Date Reported": "Sep 30, 2024",
        "% Out": "10.36%",
        "Value": "838,039,031"
    },
    {
        "Holder": "Neuberger Berman Group, LLC",
        "Shares": "9.23M",
        "Date Reported": "Sep 30, 2024",
        "% Out": "3.97%",
        "Value": "321,399,554"
    },
    {
        "Holder": "State Street Corporation",
        "Shares": "7.05M",
        "Date Reported": "Sep 30, 2024",
        "% Out": "3.03%",
        "Value": "245,464,298"
    },
    {
        "Holder": "Dimensional Fund Advisors LP",
        "Shares": "6.03M",
        "Date Reported": "Sep 30, 2024",
        "% Out": "2.60%",
        "Value": "209,949,782"
    },
    {
        "Holder": "FMR, LLC",
        "Shares": "6.04M",
        "Date Reported": "Sep 30, 2024",
        "% Out": "2.60%",
        "Value": "210,265,516"
    },
    {
        "Holder": "DME Capital Management, LP",
        "Shares": "4.92M",
        "Date Reported": "Sep 30, 2024",
        "% Out": "2.12%",
        "Value": "171,515,084"
    },
    {
        "Holder": "Geode Capital Management, LLC",
        "Shares": "3.87M",
        "Date Reported": "Sep 30, 2024",
        "% Out": "1.67%",
        "Value": "134,718,023"
    },
    {
        "Holder": "Westfield Capital Management Co LP",
        "Shares": "3.26M",
        "Date Reported": "Sep 30, 2024",
        "% Out": "1.40%",
        "Value": "113,513,832"
    },
    {
        "Holder": "Morgan Stanley",
        "Shares": "2.84M",
        "Date Reported": "Sep 30, 2024",
        "% Out": "1.22%",
        "Value": "99,010,270"
    }
]