[
    {
        "Holder": "Vanguard Group Inc",
        "Shares": "16.49M",
        "Date Reported": "Sep 30, 2024",
        "% Out": "12.21%",
        "Value": "1,189,527,233"
    },
    {
        "Holder": "Blackrock Inc.",
        "Shares": "15.85M",
        "Date Reported": "Sep 30, 2024",
        "% Out": "11.73%",
        "Value": "1,143,190,201"
    },
    {
        "Holder": "Baillie Gifford and Company",
        "Shares": "6.34M",
        "Date Reported": "Sep 30, 2024",
        "% Out": "4.69%",
        "Value": "457,527,713"
    },
    {
        "Holder": "State Street Corporation",
        "Shares": "5.96M",
        "Date Reported": "Sep 30, 2024",
        "% Out": "4.41%",
        "Value": "430,022,020"
    },
    {
        "Holder": "Swedbank",
        "Shares": "3.46M",
        "Date Reported": "Sep 30, 2024",
        "% Out": "2.56%",
        "Value": "249,820,442"
    },
    {
        "Holder": "Wellington Management Group, LLP",
        "Shares": "3.4M",
        "Date Reported": "Sep 30, 2024",
        "% Out": "2.52%",
        "Value": "245,443,666"
    },
    {
        "Holder": "Geode Capital Management, LLC",
        "Shares": "3.38M",
        "Date Reported": "Sep 30, 2024",
        "% Out": "2.50%",
        "Value": "243,966,443"
    },
    {
        "Holder": "Invesco Ltd.",
        "Shares": "3.18M",
        "Date Reported": "Sep 30, 2024",
        "% Out": "2.35%",
        "Value": "229,293,110"
    },
    {
        "Holder": "Goldman Sachs Group Inc",
        "Shares": "3.16M",
        "Date Reported": "Sep 30, 2024",
        "% Out": "2.34%",
        "Value": "228,284,300"
    },
    {
        "Holder": "UBS Asset Management Americas Inc",
        "Shares": "2.35M",
        "Date Reported": "Sep 30, 2024",
        "% Out": "1.74%",
        "Value": "169,513,283"
    }
]