[
    {
        "Holder": "Vanguard Group Inc",
        "Shares": "59.91M",
        "Date Reported": "Sep 30, 2024",
        "% Out": "61.50%",
        "Value": "11,153,130,334"
    },
    {
        "Holder": "Blackrock Inc.",
        "Shares": "50.17M",
        "Date Reported": "Sep 30, 2024",
        "% Out": "51.51%",
        "Value": "9,340,887,053"
    },
    {
        "Holder": "Morgan Stanley",
        "Shares": "29.99M",
        "Date Reported": "Sep 30, 2024",
        "% Out": "30.79%",
        "Value": "5,583,485,849"
    },
    {
        "Holder": "State Street Corporation",
        "Shares": "27.76M",
        "Date Reported": "Sep 30, 2024",
        "% Out": "28.50%",
        "Value": "5,168,723,371"
    },
    {
        "Holder": "Bank of America Corporation",
        "Shares": "16.3M",
        "Date Reported": "Sep 30, 2024",
        "% Out": "16.73%",
        "Value": "3,034,870,909"
    },
    {
        "Holder": "JP Morgan Chase & Company",
        "Shares": "15.61M",
        "Date Reported": "Jun 30, 2024",
        "% Out": "16.02%",
        "Value": "2,905,802,746"
    },
    {
        "Holder": "Geode Capital Management, LLC",
        "Shares": "15.31M",
        "Date Reported": "Sep 30, 2024",
        "% Out": "15.72%",
        "Value": "2,851,148,492"
    },
    {
        "Holder": "Capital Research Global Investors",
        "Shares": "9.17M",
        "Date Reported": "Sep 30, 2024",
        "% Out": "9.42%",
        "Value": "1,707,532,301"
    },
    {
        "Holder": "Ameriprise Financial, Inc.",
        "Shares": "7.18M",
        "Date Reported": "Sep 30, 2024",
        "% Out": "7.37%",
        "Value": "1,337,184,922"
    },
    {
        "Holder": "Legal & General Group PLC",
        "Shares": "6.97M",
        "Date Reported": "Sep 30, 2024",
        "% Out": "7.16%",
        "Value": "1,297,693,166"
    }
]