[
    {
        "Holder": "Vanguard Group Inc",
        "Shares": "113.02M",
        "Date Reported": "Sep 30, 2024",
        "% Out": "10.17%",
        "Value": "17,771,692,799"
    },
    {
        "Holder": "Blackrock Inc.",
        "Shares": "96.66M",
        "Date Reported": "Sep 30, 2024",
        "% Out": "8.70%",
        "Value": "15,198,227,079"
    },
    {
        "Holder": "State Street Corporation",
        "Shares": "51.62M",
        "Date Reported": "Sep 30, 2024",
        "% Out": "4.65%",
        "Value": "8,116,088,959"
    },
    {
        "Holder": "Geode Capital Management, LLC",
        "Shares": "27.13M",
        "Date Reported": "Sep 30, 2024",
        "% Out": "2.44%",
        "Value": "4,265,680,457"
    },
    {
        "Holder": "Morgan Stanley",
        "Shares": "18.89M",
        "Date Reported": "Sep 30, 2024",
        "% Out": "1.70%",
        "Value": "2,970,157,724"
    },
    {
        "Holder": "Norges Bank Investment Management",
        "Shares": "18.26M",
        "Date Reported": "Jun 30, 2024",
        "% Out": "1.64%",
        "Value": "2,870,482,655"
    },
    {
        "Holder": "Price (T.Rowe) Associates Inc",
        "Shares": "16.18M",
        "Date Reported": "Sep 30, 2024",
        "% Out": "1.46%",
        "Value": "2,543,677,386"
    },
    {
        "Holder": "Bank of America Corporation",
        "Shares": "15.97M",
        "Date Reported": "Sep 30, 2024",
        "% Out": "1.44%",
        "Value": "2,511,212,829"
    },
    {
        "Holder": "Alliancebernstein L.P.",
        "Shares": "14.48M",
        "Date Reported": "Sep 30, 2024",
        "% Out": "1.30%",
        "Value": "2,276,672,693"
    },
    {
        "Holder": "FMR, LLC",
        "Shares": "13.21M",
        "Date Reported": "Sep 30, 2024",
        "% Out": "1.19%",
        "Value": "2,076,834,011"
    }
]