Date,Ticker Name,Close,Momentum,Volatility,EWMA_Volatility,Composite_Score,Momentum_Rank,Volatility_Rank,Composite_Rank,Sentiment Score,Adjusted_Momentum,Rank_Score,Rank_Score_Rank
2024-08-09,SOUN,-0.1585290969630717,0.7339296598636872,1.0028823300315308,1.1228617898673905,1.118604327935428,11.0,8.0,6.0,54.0,40.36613129250279,28.557156603761413,1.0
2024-08-09,PLTR,-1.0246706523606852,0.5795765647582167,0.3871360773277301,0.4139191945339202,1.7879057749976015,3.0,8.0,2.0,28.0,16.807720377988286,11.88154508779012,3.0
2024-08-09,TTD,-0.7698878025680442,1.2345715512520343,0.5829079456078846,0.7299126013640311,3.4483127486398244,1.0,5.0,1.0,3.0,4.938286205008137,3.6316727271880618,1.0
2024-08-09,PANW,-0.808154462149527,1.1411798441048573,0.6579810436838173,0.7577434818240559,1.7211729983271384,3.0,12.0,4.0,1.0,2.2823596882097146,1.795046094851945,2.0
2024-08-09,PLUS,-1.3678325642678708,0.5305554829366899,0.6125293027567175,0.5710218368437967,0.9553045285345616,11.0,7.0,9.0,3.0,2.122221931746759,1.669314143049747,2.0
2024-08-09,FOUR,-1.3794750592515044,0.6846809411574819,0.4601927409983703,0.520646514933377,1.6174380600869105,5.0,7.0,5.0,2.0,2.0540428234724457,1.5758877987302229,1.0
2024-08-09,SNOW,1.2354114524603963,0.9037423199390456,0.7881311105798475,0.8000523909134484,1.1453490359434997,5.0,12.0,5.0,1.0,1.8074846398780913,1.5016785810886182,4.0
2024-08-09,ONTO,-0.5092313852769143,1.509634090778666,0.8021299539216813,0.9431497504670212,1.8627231057694564,1.0,9.0,3.0,0.0,1.509634090778666,1.2973828497215705,2.0
2024-08-09,AMKR,0.7614154926057364,1.476133497087905,0.8443199478884729,0.9873379738839572,1.860516593749948,1.0,11.0,2.0,0.0,1.476133497087905,1.286589432328075,1.0
2024-08-09,HEAR,-0.1825734180309319,1.4047562760493566,0.7162942625271379,0.9166451811990198,2.005194684520304,2.0,9.0,4.0,0.0,1.4047562760493566,1.198217671992691,6.0
2024-08-12,SOUN,0.6928294284668152,1.3755939396239445,1.1709102767053308,1.146267012923525,1.9770138813297216,3.0,5.0,3.0,19.0,27.51187879247889,19.60958823774682,3.0
2024-08-12,PLTR,-1.1359919447628983,0.3849537854701108,0.4196711784340954,0.377444698580842,1.2812202016576002,10.0,1.0,9.0,11.0,4.619445425641329,3.3595131514791587,9.0
2024-08-12,PAYO,-0.6688165406940488,1.1177243949072553,1.0519748043535495,0.9410139995788592,3.662465246130107,1.0,2.0,1.0,1.0,2.2354487898145106,1.8804065941762225,1.0
2024-08-12,DDOG,-0.7204652748593183,0.4383510580202039,0.5323735362473391,0.487088500322153,0.931887935811364,12.0,8.0,9.0,4.0,2.1917552901010193,1.693940763944915,1.0
2024-08-12,NVMI,1.201410331583625,1.6775095330902037,1.4830518075400805,1.4200606346342612,2.68505031788976,2.0,2.0,2.0,0.0,1.6775095330902037,1.6191722154251666,1.0
2024-08-12,UBER,-0.8496033264576631,0.815160977777241,0.8667774981278521,0.7341069583270209,1.7527038235787842,5.0,3.0,4.0,1.0,1.630321955554482,1.401258618326493,4.0
2024-08-12,ONTO,-0.5525115199043531,1.2772189063684436,0.9780920220559848,0.9751494172710656,1.817755573903148,5.0,6.0,4.0,0.0,1.2772189063684436,1.1874808410747058,3.0
2024-08-12,AMKR,0.5644161715922591,1.1493142630331024,0.9711056002881052,0.9607005636613198,1.681775137031705,3.0,8.0,3.0,0.0,1.1493142630331024,1.0958516642096032,3.0
2024-08-12,ACMR,0.1411639265782139,0.8843603359609629,1.0731043587049889,0.9539093311732674,1.67222438997945,6.0,1.0,3.0,0.0,0.8843603359609629,0.9409835427841706,6.0
2024-08-12,PANW,-0.8283956804774725,1.0031452964708687,0.7820024071309298,0.7749592725239773,1.712830399971982,6.0,4.0,5.0,0.0,1.0031452964708687,0.936802429668887,7.0
2024-08-13,PLTR,-0.95752473812462,0.4207987260658276,0.4168593859031634,0.3722737532195603,1.382701365370245,8.0,3.0,7.0,15.0,6.732779617053241,4.838003547708218,7.0
2024-08-13,SOUN,0.1937568997954784,0.7213477171522857,1.209817558777184,0.9980419722439284,1.3060391618120182,12.0,4.0,5.0,6.0,5.049434020066,3.897549081679355,6.0
2024-08-13,KD,-0.234110335255659,1.1475882173342595,0.7109737908647594,0.8332432360754838,1.447153729579204,4.0,12.0,6.0,2.0,3.4427646520027784,2.6232273936613724,1.0
2024-08-13,AMAT,0.76085087767755,1.2596819640987136,0.785285526850829,0.7998273388240793,1.4349304988077625,3.0,12.0,3.0,1.0,2.519363928197427,1.9991404077934476,3.0
2024-08-13,NTAP,0.5533511318133023,1.135134796600409,0.7461186357510239,0.7168356236111284,1.3769851884783686,2.0,10.0,2.0,1.0,2.270269593200818,1.8130243059658795,1.0
2024-08-13,PAYO,-0.424738328776849,1.028616199162075,1.062657469671965,0.9198825587345794,3.4401264254845803,3.0,1.0,3.0,1.0,2.05723239832415,1.7588599197284944,2.0
2024-08-13,INSG,-1.216579567050431,0.5836224682511435,0.3804174388890393,0.3700398446609381,1.623967500346667,3.0,6.0,4.0,3.0,2.334489873004574,1.7482681427699136,2.0
2024-08-13,ON,0.5139983514440113,1.0287582911872888,0.8382013461619728,0.8007093180456843,1.07157578431155,7.0,12.0,7.0,1.0,2.0575165823745776,1.691722011510796,2.0
2024-08-13,ACMR,0.4075983354428798,0.8602802143490392,1.0695409718013944,0.8857105243130798,1.6392249827355148,7.0,2.0,4.0,1.0,1.7205604286980785,1.5252545916290732,4.0
2024-08-13,NVMI,1.53870015157663,1.512753244655651,1.4856620245135452,1.3757669612241763,2.5137869333161103,3.0,1.0,3.0,0.0,1.512753244655651,1.504625878613019,2.0
2024-08-14,MSFT,-0.245682640457796,1.045835804580942,0.6928164181843295,0.7319966736341431,1.2064655537398647,8.0,11.0,7.0,4.0,5.2291790229047095,3.868270241488595,6.0
2024-08-14,QCOM,-0.3349375351333339,0.7960419519130288,0.9859690872251744,0.9053414572494464,1.0740274254069997,10.0,7.0,5.0,5.0,4.776251711478173,3.6391669242022737,2.0
2024-08-14,AVGO,-0.6153478659920532,0.7479367660704351,0.569423159179648,0.5486687201136143,1.1482108032914244,8.0,12.0,7.0,5.0,4.487620596422611,3.3121613652497217,2.0
2024-08-14,PAR,-0.6970082023131258,0.652856221131023,0.8174304786245965,0.6978866847730454,1.4439070580699358,11.0,2.0,6.0,5.0,3.917137326786138,2.9872252723376755,1.0
2024-08-14,AMAT,0.8456865061203587,1.0562815594848731,0.8634328184105041,0.8354220231425997,1.325921978683987,4.0,7.0,4.0,1.0,2.1125631189697462,1.7378240288019735,4.0
2024-08-14,WK,0.0833196830324066,1.073776145671751,0.7521869372111988,0.7759806833018099,1.3453086969590002,5.0,11.0,6.0,1.0,2.147552291343502,1.728942685103811,1.0
2024-08-14,LRCX,1.2178556024544511,0.9974018658202456,0.8318345390629758,0.7855576268671095,1.2959073799499978,4.0,7.0,4.0,1.0,1.9948037316404912,1.6459129738672365,2.0
2024-08-14,KD,-0.4228070538025727,0.9107543709294614,0.7691289546075694,0.7938794049179907,1.2780188268502417,7.0,8.0,8.0,1.0,1.8215087418589229,1.5057948056835166,3.0
2024-08-14,UBER,-0.3439496338783682,0.6303765009189723,0.4952071892552143,0.7318229304256221,0.9585758336672404,6.0,12.0,7.0,2.0,1.891129502756917,1.4723528087064062,3.0
2024-08-14,NVMI,1.3941475079865933,0.9166631273249684,1.3212773275251355,1.243904610633554,1.7338491591052558,5.0,3.0,4.0,0.0,0.9166631273249684,1.0380473873850184,4.0
2024-08-15,AMAT,1.8882407650122288,1.6823977271182728,1.0799715771545435,1.1108038322403682,2.1558770518263857,1.0,5.0,1.0,23.0,40.37754545083855,28.588273288733344,1.0
2024-08-15,MU,0.9977044035262,1.3947530927619836,0.8186920425852094,0.8493023177019335,2.056753771333908,2.0,6.0,3.0,10.0,15.342284020381818,10.985206427042836,3.0
2024-08-15,MSFT,0.2446506661698178,1.220970266962971,0.826148926700094,0.8593908093981926,1.5532216453615455,5.0,6.0,5.0,7.0,9.767762135703768,7.085278173002665,5.0
2024-08-15,QCOM,0.9780616441295764,1.6660212500453215,1.1491112448855625,1.1622509165997057,2.0918524832893897,2.0,2.0,1.0,4.0,8.330106250226608,6.175807748624294,1.0
2024-08-15,CSCO,-0.8201379115827168,0.782978101530541,0.3559636483301107,0.4477435589352874,1.8386449005469,3.0,9.0,5.0,9.0,7.829781015305411,5.5876358052128206,1.0
2024-08-15,STNE,1.7818985548440178,0.8827554730401465,0.526406135105708,0.5791732522271228,1.6207504487320985,3.0,12.0,4.0,5.0,5.2965328382408785,3.865494827300327,1.0
2024-08-15,RUM,1.703302689247084,1.0401939225432144,0.6678542158098294,0.627795287772943,1.3284242467168876,4.0,11.0,5.0,3.0,4.160775690172858,3.112899247863949,2.0
2024-08-15,ON,1.6002262734164738,1.6196779746135204,1.0483059911775052,1.0499862502322652,1.8254335682001763,2.0,8.0,2.0,1.0,3.2393559492270407,2.58204096181218,1.0
2024-08-15,AMD,-0.4013784135917224,0.8550726825901211,0.5347436961117872,0.5480351654910244,1.2642288486862054,5.0,11.0,6.0,3.0,3.4202907303604846,2.5546266200858754,6.0
2024-08-15,PSFE,0.0005924264416214,1.5242117134556046,0.9369137349565184,1.0245252968528569,2.835545694036317,1.0,1.0,1.0,1.0,3.048423426911209,2.4149705193248017,1.0
2024-08-16,AMAT,1.4865501350731734,0.8515656609627695,0.8543420041170068,1.0484997247715735,1.121303896665725,8.0,8.0,5.0,15.0,13.625050575404313,9.79383800401812,2.0
2024-08-16,KEYS,-1.1366588603004848,0.6787609418830418,0.4266215481100412,0.4676181451909499,1.1723320448254535,5.0,9.0,6.0,10.0,7.46637036071346,5.3544457169324335,2.0
2024-08-16,FORM,1.655305845917683,1.2931410604411162,0.8891825009950052,1.0470119840364511,1.7602325417258025,3.0,6.0,2.0,3.0,5.172564241764465,3.887549719533627,2.0
2024-08-16,MU,1.129128674228979,1.1436400677471048,0.8165240144243214,0.9263241753270592,1.7567070042172128,4.0,7.0,4.0,3.0,4.574560270988419,3.4471493940191897,4.0
2024-08-16,CSCO,-0.5531307464834674,0.8719798592736621,0.516799716583848,0.5873575536739922,2.3869040659894805,1.0,4.0,2.0,4.0,4.35989929636831,3.206969422432971,2.0
2024-08-16,AAPL,0.1290913844143584,0.9593446908024198,0.7547423956969855,0.9055694274850484,1.4772090161412934,5.0,9.0,6.0,3.0,3.837378763209679,2.912587852955871,2.0
2024-08-16,AVGO,0.0105497828229003,0.7986010741584233,0.6503317534054059,0.7519307553108712,1.3464498201255997,6.0,8.0,5.0,3.0,3.194404296633693,2.431182533665207,4.0
2024-08-16,LRCX,1.8285393836830273,0.7866521910743043,0.809654638795306,1.0034796079777537,1.066685836551846,7.0,8.0,5.0,2.0,2.359956573222913,1.8948659928946308,1.0
2024-08-16,HEAR,0.1856136165493974,0.7030197161167893,0.7054958831306463,0.7638732342158392,1.0588014769474747,8.0,10.0,10.0,2.0,2.109059148350368,1.6879901687844512,5.0
2024-08-16,PSFE,-0.2692759607242743,0.8963530361993981,0.8540733420183435,0.9864167165097656,1.811990977776437,5.0,2.0,4.0,1.0,1.7927060723987962,1.5111162532846605,2.0
2024-08-19,ASTS,2.867646047538948,2.934763368680943,1.7532140755840473,1.900577406326819,3.8238425318549503,1.0,2.0,1.0,12.0,38.15192379285226,27.232310877671793,1.0
2024-08-19,AMD,0.3141722200903696,1.0691957911193253,0.6628029342056444,0.7630555506656569,1.8337508728577516,1.0,2.0,1.0,11.0,12.830349493431903,9.180085525664024,2.0
2024-08-19,BAND,0.1917065907070085,1.2717384059355328,0.6666987410493872,0.7759627335153106,1.7970206955549657,2.0,12.0,3.0,6.0,8.902168841548729,6.431527811398926,1.0
2024-08-19,RAMP,-0.2029971851692158,1.2680714610340778,0.8298659965122894,1.21874215607642,1.403889281055354,3.0,9.0,3.0,4.0,6.3403573051703885,4.687209912572958,1.0
2024-08-19,FORM,2.00788706947709,1.3193532931251506,1.024574301538529,1.1169362830984777,1.9505446674292464,2.0,3.0,1.0,3.0,5.277413172500602,4.00156151121198,1.0
2024-08-19,KOSS,1.2423128347128771,1.613417797831498,0.8243447973319922,0.9021996082268868,1.8551340189598755,2.0,10.0,4.0,2.0,4.8402533934944945,3.635480814645744,1.0
2024-08-19,SQ,0.0917014628381853,0.7376968787474784,0.4874204493443997,0.6553326534207282,1.459874275768973,3.0,5.0,3.0,5.0,4.42618127248487,3.2445530255427286,1.0
2024-08-19,DELL,-0.2272874873170711,0.8683683867273226,0.8161343627203282,0.8294305697374543,1.936880812654442,3.0,2.0,3.0,3.0,3.4734735469092906,2.6762717916526015,1.0
2024-08-19,RUM,2.0293333301492993,0.8383648753287265,0.6666952416309372,0.6975515992376213,1.1041407904004297,7.0,12.0,7.0,3.0,3.353459501314906,2.5474302234097155,3.0
2024-08-19,MAXN,1.6833354796928783,0.6661730788870985,0.4479516925079975,0.5550808467879812,1.5472725754800325,2.0,11.0,2.0,4.0,3.3308653944354925,2.465991283857244,2.0
2024-08-20,AMD,0.415360780836096,0.8847578771206079,0.6766739634199741,0.8054239110920113,1.622317017807838,2.0,1.0,2.0,16.0,15.040883911050337,10.731620926761227,1.0
2024-08-20,KEYS,-0.8503180331966176,0.5763092044178142,0.5110028237234197,0.5569309455062339,1.1103389650605804,7.0,8.0,7.0,6.0,4.034164430924699,2.9772159487643153,4.0
2024-08-20,MAXN,1.3856837137192142,0.3720647666051822,0.4444058652558445,0.5009195845763168,1.0427619230526437,8.0,12.0,7.0,7.0,2.9765181328414574,2.2168844525657736,3.0
2024-08-20,RAMP,0.2543230309531537,1.3483973541115284,0.938044177832051,1.1775878253762626,1.545600202970986,2.0,8.0,2.0,1.0,2.696794708223057,2.1691695491057548,3.0
2024-08-20,SEDG,1.6531277492032297,0.7294562782940863,0.734821569086617,0.6878918057395866,1.7663149083260818,6.0,2.0,2.0,1.0,1.4589125565881726,1.2416852603377058,2.0
2024-08-20,INSG,-0.708509615951515,0.4002589546393276,0.3135191772050392,0.4302579453182449,0.9409127612981842,9.0,12.0,11.0,3.0,1.6010358185573104,1.214780826151629,6.0
2024-08-20,PANW,1.137640748003505,1.3931263970678665,0.6674809210134137,0.997746321269437,2.0805422948979087,1.0,10.0,1.0,0.0,1.3931263970678665,1.1754327542515306,3.0
2024-08-20,AIP,1.1567895865654247,1.143644805614265,0.8508746467224645,0.8711560943147966,1.3991790291112531,3.0,7.0,2.0,0.0,1.143644805614265,1.0558137579467246,2.0
2024-08-20,MU,1.129128674228979,0.5755209753338281,0.73555388825993,0.8498125483656598,0.9736597082328482,9.0,9.0,8.0,1.0,1.151041950667656,1.0263955319453384,7.0
2024-08-20,INTU,2.3350575262524504,1.0328907194177186,0.8177348247153897,1.0056530065273697,1.2018889618586828,5.0,9.0,5.0,0.0,1.0328907194177186,0.96834395100702,4.0
2024-08-21,KEYS,0.834448792210359,1.8350054693400968,0.9025899302401686,1.1146831902650962,3.848592490320169,1.0,3.0,1.0,4.0,9.175027346700483,6.693296121762389,1.0
2024-08-21,ASTS,2.3546561872662033,1.410043445086408,1.6832988957693364,1.6690316644074863,2.283181455359526,5.0,3.0,4.0,3.0,5.640173780345632,4.453111314972744,2.0
2024-08-21,MAXN,2.0057914215087767,0.8610639781428553,0.5835983633459397,0.5901816321857245,2.080602625967251,1.0,8.0,1.0,5.0,5.166383868857132,3.7915482172037738,1.0
2024-08-21,PANW,0.6976657144735487,0.7351425928306216,0.6977059467145134,0.9535818126327597,1.2223112589802945,12.0,9.0,11.0,4.0,3.675712964153108,2.7823108589215293,1.0
2024-08-21,RAMP,0.7341334675747248,1.435148411639653,1.0557874246956127,1.1912368337186443,1.699207502680904,1.0,6.0,1.0,1.0,2.870296823279306,2.3259440037041976,2.0
2024-08-21,AMD,0.5427508372975346,0.7405897804575137,0.6410498857973944,0.8048998181759018,1.352596898321178,9.0,5.0,4.0,2.0,2.221769341372541,1.7475535046999968,7.0
2024-08-21,KOSS,2.169057110263956,1.5957654585781662,1.3054671951639485,1.359014011485788,2.2712489752629335,3.0,2.0,2.0,0.0,1.5957654585781662,1.5086759795539009,2.0
2024-08-21,TEL,1.5696582265537296,1.2533250338510475,0.8719568039257267,1.068637423211331,1.3487875705304615,3.0,11.0,3.0,0.0,1.2533250338510475,1.138914564873451,2.0
2024-08-21,AIP,1.6222261034758267,1.2267582315579393,0.8917210181064824,0.9811650558068876,1.5212200483725558,1.0,6.0,1.0,0.0,1.2267582315579393,1.126247067522502,1.0
2024-08-21,QXO,-0.3698362148671656,1.0204629281790878,0.6643900110144939,0.6688420211766004,1.8606661837840492,2.0,3.0,2.0,0.0,1.0204629281790878,0.9136410530297095,2.0
2024-08-22,ZM,0.2400988222930792,1.4501619093903448,0.6718249611351367,0.8341977643145682,2.817624275608462,2.0,6.0,3.0,4.0,7.250809546951724,5.2771141712067475,1.0
2024-08-22,KEYS,0.556865088342465,1.222419712989803,0.9922774574890392,1.144956935412066,2.903798721498232,2.0,1.0,2.0,4.0,6.112098564949014,4.576152232711021,3.0
2024-08-22,ASTS,1.8084171268048257,0.4166346099837801,1.3669251864028389,1.4664866307537152,1.0566805829511434,12.0,4.0,6.0,12.0,5.416249929789141,4.201452506773251,3.0
2024-08-22,QXO,-0.0436306476878937,1.0566021668300944,0.7533762373644405,0.7889302312478466,2.0719134772515355,1.0,1.0,1.0,0.0,1.0566021668300944,0.965634387990398,1.0
2024-08-22,MAXN,1.6833354796928783,0.4429342459585501,0.6126931203115609,0.5309264834746948,1.4143124647186112,6.0,7.0,5.0,1.0,0.8858684919171002,0.8039158804354383,5.0
2024-08-22,RAMP,0.3442867728457505,0.714360908620542,0.9485043144477842,1.0665578861545983,0.9587977271552888,6.0,7.0,6.0,0.0,0.714360908620542,0.7846039303687147,5.0
2024-08-22,BMBL,-0.3436811225124295,0.4068164419699436,0.5514733100195868,0.7545120289460552,0.5989138857740937,11.0,6.0,8.0,0.0,0.4068164419699436,0.4502135023848365,5.0
2024-08-22,BKSY,1.5987974999119263,0.339596862551746,0.4396858779612456,0.4296928711985104,0.896904687317934,11.0,10.0,5.0,0.0,0.339596862551746,0.3696235671745959,2.0
2024-08-22,KOSS,2.2061265513294415,1.2444849511769975,1.3327508053636492,1.3061558733812642,1.958516368803278,4.0,1.0,3.0,-2.0,-1.2444849511769975,-0.4713142242148034,5.0
2024-08-23,WDAY,1.36254620516184,1.679694144947899,0.7428190589846623,1.1040681063016202,2.8670547588008324,1.0,6.0,1.0,2.0,5.0390824348436976,3.7502034220859866,1.0
2024-08-23,ZM,0.6198167046119545,1.490458270122717,0.9084703768640128,1.0565884678155402,3.2031434941985513,1.0,4.0,1.0,2.0,4.47137481036815,3.4025034803169087,2.0
2024-08-23,MAXN,1.8569658933505564,0.4854560957779366,0.6352774128816348,0.4974817269888611,1.5202075978902905,5.0,6.0,3.0,4.0,2.427280478889683,1.8896795590872688,4.0
2024-08-23,KEYS,0.5892640392466267,0.9078075868283302,0.9363454201498904,1.098976458237581,2.277419406242949,3.0,2.0,3.0,0.0,0.9078075868283302,0.916368936824798,5.0
2024-08-23,KOSS,2.082560176556115,0.6954989343537592,1.0953244835519569,1.1879980125605,1.2176830551466102,8.0,5.0,6.0,0.0,0.6954989343537592,0.8154465991132185,3.0
2024-08-23,QXO,-0.1102034974691026,0.6904526721069832,0.6496055828976779,0.7758103492865346,1.3370184843476551,11.0,5.0,6.0,0.0,0.6904526721069832,0.6781985453441917,7.0
2024-08-23,BMBL,-0.0379941785377335,0.4941555688198567,0.471332087205566,0.6878440205186147,0.645835621909575,7.0,11.0,6.0,0.0,0.4941555688198567,0.4873085243355695,4.0
2024-08-23,NEON,-0.7636132082402451,0.442050023360548,0.442275125727755,0.4321458252064438,0.9078462686656184,10.0,11.0,9.0,0.0,0.442050023360548,0.4421175540707101,4.0
2024-08-23,AIP,2.250567065837152,1.1436455982486853,0.7025925451228622,1.0393280415158015,1.244034928274216,2.0,12.0,3.0,-1.0,0.0,0.2107777635368586,3.0
2024-08-23,BKSY,2.2057356497567326,0.7080948526891055,0.4350903573552532,0.543678645088634,1.511669253328523,1.0,11.0,1.0,-1.0,0.0,0.1305271072065759,3.0
2024-08-26,ZM,0.8331822010818997,1.3558779125232243,1.0385835386524382,1.1374310389339704,3.136981503220166,3.0,2.0,2.0,2.0,4.067633737569673,3.158918677894502,3.0
2024-08-26,WDAY,1.3921653150599342,1.419054340829588,0.9607874697321932,1.2274994725621882,2.732365442021314,2.0,4.0,3.0,0.0,1.419054340829588,1.2815742795003695,3.0
2024-08-26,KEYS,0.5113304525843436,0.5615471394136278,0.8510758126951896,1.0030300315805225,1.5552152847644471,8.0,4.0,4.0,0.0,0.5615471394136278,0.6484057413980963,7.0
2024-08-26,UI,-0.1748830088549893,0.7146567476816811,0.3730341098684406,0.4498794601375132,3.698541591363664,1.0,1.0,1.0,0.0,0.7146567476816811,0.6121699563377089,1.0
2024-08-26,NEON,-0.3805031629008777,0.645708798910362,0.4904680706063761,0.4982822109469138,1.3568161012581053,4.0,9.0,3.0,0.0,0.645708798910362,0.5991365804191662,2.0
2024-08-26,BMBL,0.3159586808591865,0.6205671399245652,0.4349783670058167,0.6798883211420389,0.7670838970388462,3.0,12.0,3.0,0.0,0.6205671399245652,0.5648905080489407,2.0
2024-08-26,MAXN,1.6585310672982363,0.1417388573271325,0.5512503210628228,0.4332156877260302,0.8113305516621359,11.0,10.0,8.0,3.0,0.56695542930853,0.5622438968348178,6.0
2024-08-26,KOSS,2.8980961289107436,1.0591366516058855,0.9418260181322792,1.2203055791353357,1.4286731785374804,6.0,9.0,5.0,-1.0,0.0,0.2825478054396837,4.0
2024-08-26,QXO,0.4623212329691901,0.938673771671582,0.6293487855324218,0.8643471475738391,1.6756135243505956,3.0,6.0,3.0,-1.0,0.0,0.1888046356597265,8.0
2024-08-27,WDAY,1.6961259959862431,1.3911467219445086,1.108784955250387,1.282761649113768,2.862178983698737,3.0,1.0,2.0,0.0,1.3911467219445086,1.3064381919362722,2.0
2024-08-27,ZM,0.938057071108332,1.1035076925126852,1.0512565645598844,1.1301804377886424,2.7059652384770487,4.0,1.0,4.0,0.0,1.1035076925126852,1.0878323541268449,4.0
2024-08-27,QXO,0.5288934478646496,0.7922137016884458,0.6871611902168329,0.8670452707923482,1.556614857696688,7.0,2.0,4.0,0.0,0.7922137016884458,0.7606979482469619,4.0
2024-08-27,GEN,-0.0481507760913484,0.5771864520078299,0.3711706073911691,0.5235585378644102,1.005914067054632,2.0,11.0,2.0,0.0,0.5771864520078299,0.5153816986228317,2.0
2024-08-27,ADP,-0.2634657586429307,0.540357279008985,0.3356411102138315,0.4111892352046395,1.6040686187197108,3.0,7.0,4.0,0.0,0.540357279008985,0.4789424283704389,3.0
2024-08-27,BILL,0.2880921465405401,0.8244044868213847,0.5257791192337887,0.6949230069235751,1.4805603430243643,2.0,5.0,3.0,-1.0,0.0,0.1577337357701366,5.0
2024-08-28,WDAY,1.3872280793306633,0.8034754671787792,1.0991085694979512,1.1778972186051644,1.978658145051866,6.0,2.0,4.0,0.0,0.8034754671787792,0.8921653978745308,6.0
2024-08-28,ZM,0.7192672502461855,0.603933012954053,0.974132937400326,1.0270838131986062,1.7171287852866937,5.0,3.0,5.0,-1.0,0.0,0.2922398812200978,9.0
2024-08-29,AFRM,0.5015776012856724,1.2297344538781931,0.5593913845497105,0.7197928734476423,2.510568463095076,2.0,5.0,2.0,14.0,18.446016808172896,13.08002918108594,1.0
2024-08-29,NTNX,0.8822913178595068,1.581210622184586,0.7007189392226811,0.9034596993518952,3.0730717279703614,1.0,6.0,1.0,1.0,3.162421244369172,2.4239105528252245,1.0
2024-08-29,BILL,0.7155612202338559,1.008419608546003,0.7128271684016183,0.7853517129536465,2.227423826578754,1.0,3.0,1.0,2.0,3.0252588256380095,2.331529328467092,2.0
2024-08-29,WDAY,1.5325085005151686,0.647515483505896,1.013880715462326,1.082225250176981,1.6485429587174982,9.0,3.0,6.0,1.0,1.295030967011792,1.210685891546952,4.0
2024-08-29,SMTC,0.5508416929887374,0.9188188683466204,0.582712949716418,0.7027323280997965,1.980625488590655,1.0,2.0,1.0,-1.0,0.0,0.1748138849149254,5.0
2024-08-29,GEN,0.0159807190614865,0.399187727277151,0.375921272660441,0.4872291824627623,0.6907703758290898,10.0,10.0,8.0,-6.0,-1.995938636385755,-1.2843806636718962,5.0
2024-08-30,BILL,0.5958704014125616,0.7629307418257613,0.7882186617307704,0.7659731942757309,1.9709394406477887,5.0,1.0,2.0,1.0,1.5258614836515223,1.304568637075297,3.0
2024-08-30,SMTC,0.6042707506552666,0.7780088827474904,0.6542670525244499,0.7187678720006128,1.8646498002569656,4.0,1.0,2.0,0.0,0.7780088827474904,0.7408863336805782,1.0
2024-08-30,PAYO,0.0227387163648837,0.3389976551060377,0.2400269190367581,0.3180728647863037,0.4729092865522031,10.0,9.0,11.0,1.0,0.6779953102120754,0.5466047928594802,5.0
2024-08-30,WDAY,1.5910450904736315,0.4070278596106187,0.8282744162469846,0.9835151781834022,1.0768151828052972,11.0,5.0,9.0,0.0,0.4070278596106187,0.5334018266015285,9.0
2024-08-30,FIS,-0.228183558907807,0.3680720995217955,0.2793894297820941,0.3194490924709336,1.0828414535370894,10.0,10.0,8.0,0.0,0.3680720995217955,0.341467298599885,7.0
2024-08-30,NTNX,0.9340734295917338,1.369853941087492,0.9205379898194884,1.0440806349148466,3.0182197423263863,2.0,3.0,2.0,-2.0,-1.369853941087492,-0.6827363618153978,9.0
2024-08-30,AFRM,0.8235947534854355,1.2726046740728236,0.7722432245693126,0.911719902981258,2.9614831250727542,1.0,2.0,1.0,-6.0,-6.363023370364118,-4.222443391884089,8.0
2024-09-03,AAOI,-0.2071568833287926,0.5637560219309902,0.3261371170166657,0.4016785573527348,1.6279349273087198,2.0,7.0,2.0,5.0,3.3825361315859412,2.4656164272151586,1.0
2024-09-03,NTNX,0.688107693385294,0.8795072754223535,0.9648059213803024,0.9897837641449002,2.226173905114268,3.0,2.0,3.0,1.0,1.759014550844707,1.5207519620053855,2.0
2024-09-03,AFRM,0.4919856365970239,0.7133321981727591,0.7826095915171709,0.8608636794256339,1.9470925433140385,5.0,1.0,3.0,-2.0,-0.7133321981727591,-0.26454966126578,7.0
2024-09-04,AAOI,-0.002657222968207,0.63837072420597,0.426312636261593,0.4758225568396251,2.1996289784217655,1.0,2.0,1.0,3.0,2.55348289682388,1.9153318186551935,2.0
2024-09-04,NTNX,0.8674967311410254,0.8084387962441372,0.9819368765745626,0.9399740926396112,2.1266739183853014,4.0,1.0,4.0,0.0,0.8084387962441372,0.8604882203432649,3.0
2024-09-04,AFRM,0.3056265694069305,0.3552957810792246,0.7406014725049863,0.7645721470737107,1.2127343399385508,12.0,3.0,6.0,1.0,0.7105915621584492,0.7195945352624104,5.0
2024-09-04,DOX,0.1532497908644911,0.4511989676034705,0.3660544192848731,0.4483507475262142,0.8472381241404193,8.0,12.0,7.0,0.0,0.4511989676034705,0.4256556031078912,4.0
2024-09-05,APLD,-0.3946786684117992,0.748065622764332,0.4644985058492905,0.5303523371277442,1.4849680628451778,4.0,8.0,6.0,6.0,5.236459359350324,3.8048711033000138,3.0
2024-09-05,NTNX,0.8674967311410254,0.5468851125104266,0.9050344155622772,0.8638561733692657,1.560709635324827,7.0,4.0,5.0,-2.0,-0.5468851125104266,-0.1113092540886154,8.0
2024-09-09,APLD,0.2925357021350148,1.2738211120038914,0.7144666417866004,0.744268746348046,2.8435915284885436,1.0,3.0,1.0,3.0,5.0952844480155655,3.781039106146875,4.0
2024-09-09,DMRC,0.0959656855709889,0.7867013621357459,0.7103309432795115,0.7487106923362926,1.098812961439058,6.0,10.0,4.0,0.0,0.7867013621357459,0.7637902364788756,3.0
2024-09-10,PLTR,-0.1853452077802025,0.5273235687815623,0.3583613575747121,0.39432041803763,1.5556109467361607,5.0,10.0,4.0,50.0,26.893502007859677,18.932959812774182,1.0
2024-09-10,ORCL,-0.0167520838226717,0.7380155013549041,0.3312476057764991,0.4227983231532794,2.2719727406469956,3.0,6.0,5.0,9.0,7.380155013549041,5.265482791217279,1.0
2024-09-10,APLD,0.2130233739611453,0.9817347957227603,0.8252848000123556,0.7742920219373371,2.493036893937246,2.0,1.0,2.0,6.0,6.872143570059323,5.058085939045232,2.0
2024-09-10,DMRC,-0.0173456282262454,0.6547747262763578,0.7284126370106899,0.7266548305908673,0.9704257861928028,8.0,9.0,7.0,2.0,1.9643241788290733,1.5935507162835585,1.0
2024-09-10,QXO,0.7552403752578581,0.7931647605391984,0.5573234176992823,0.5962928563286001,1.3293313205818125,6.0,9.0,7.0,0.0,0.7931647605391984,0.7224123576872234,5.0
2024-09-10,ADP,0.162078600901407,0.4454536413550976,0.3187143708310562,0.3843600952862719,1.2615135191146167,5.0,10.0,5.0,0.0,0.4454536413550976,0.4074318601978851,4.0
2024-09-11,AVGO,-0.5701389562451142,0.7110806519586366,0.597426827951313,0.6822615411100897,1.1402410344637746,9.0,11.0,8.0,12.0,9.244048475462275,6.650061981208986,1.0
2024-09-11,FSLR,1.138392116794129,1.5260575282877595,0.7099696695432248,0.8997900750216824,2.3797269139762425,1.0,6.0,1.0,4.0,7.630287641438798,5.554192249870126,1.0
2024-09-11,PLTR,-0.1694421660084577,0.4581581297254367,0.41074027693647,0.3969446615705066,1.4802877471302551,7.0,4.0,6.0,10.0,5.0397394269798035,3.651039681966803,8.0
2024-09-11,APLD,-0.1107057969732028,0.4778857062130396,0.8092208718709445,0.6918235999883253,1.5528412373673768,10.0,2.0,4.0,7.0,3.823085649704317,2.918926216354305,5.0
2024-09-11,ORCL,0.0577176792755854,0.6814418944564375,0.4448386838400295,0.5037062105121404,2.3371649104660692,4.0,5.0,4.0,2.0,2.044325683369313,1.5644795835105278,3.0
2024-09-11,OLED,0.4212268200643506,0.9143324845890032,0.5064498453260876,0.5261329468418426,1.5812348954709758,3.0,11.0,4.0,0.0,0.9143324845890032,0.7919676928101285,3.0
2024-09-11,QXO,0.9416434658051924,0.8207447416273208,0.6619618360718179,0.6327459599655592,1.555244931801771,5.0,4.0,5.0,0.0,0.8207447416273208,0.7731098699606699,3.0
2024-09-11,FICO,-0.1777980854685566,0.5387163621578879,0.3505907750860793,0.3543998305831988,1.4143141351471646,7.0,9.0,7.0,0.0,0.5387163621578879,0.4822786860363452,6.0
2024-09-11,DMRC,-0.1079942470173209,0.588407103298975,0.7022260401692033,0.6614013937008477,0.8562632244701798,10.0,11.0,9.0,-1.0,0.0,0.210667812050761,5.0
2024-09-11,RUN,0.7000329514636869,0.3250151195788427,0.4511989566703615,0.5773346455764978,1.0360570356695522,11.0,9.0,10.0,-2.0,-0.3250151195788427,-0.0921508967040814,5.0
2024-09-12,MSFT,0.8396267738806146,1.4244393870452283,0.924568433020436,0.9365052760736684,1.8850670832446912,2.0,4.0,3.0,24.0,35.610984676130705,25.20505980319762,1.0
2024-09-12,AMD,-0.0932937108896318,0.7629190117096556,0.5468700441943738,0.5778879730699445,1.1702660739437876,7.0,9.0,8.0,10.0,8.392109128806212,6.0385374034226595,3.0
2024-09-12,PLTR,-0.1588399134747497,0.3576917170289631,0.4183937141008603,0.3777960849321278,1.195271998031319,12.0,2.0,10.0,19.0,7.1538343405792615,5.13320215263574,6.0
2024-09-12,INSG,0.7325075780090724,0.6786999348831453,0.3491254728751642,0.4762236445856537,1.773097936299597,2.0,10.0,1.0,4.0,3.393499674415726,2.4801874139535576,1.0
2024-09-12,AVGO,-0.0798668434144582,1.0702939919695955,0.7509886647350518,0.7679353348997207,1.8868705012040987,3.0,5.0,3.0,2.0,3.2108819759087863,2.472913982556666,3.0
2024-09-12,U,-0.0112506790063703,0.730745286775338,0.3877588761615484,0.4137972960794886,1.623595186846708,5.0,10.0,5.0,3.0,2.922981147101352,2.162414465819411,3.0
2024-09-12,FSLR,0.8994493145044512,1.0834474006379458,0.853565593457199,0.9119370308827774,2.0609639791426657,2.0,4.0,2.0,1.0,2.1668948012758915,1.7728960389302837,3.0
2024-09-12,NOW,0.2202085985963635,0.640979911773806,0.4440286180500725,0.467181297359831,1.4612716563395147,4.0,5.0,3.0,1.0,1.281959823547612,1.03058046189835,2.0
2024-09-12,ARRY,-0.2051378423738722,0.3449035654270125,0.5072553084276173,0.4996485500597928,0.7352284183763519,10.0,10.0,5.0,2.0,1.0347106962810375,0.8764740799250114,2.0
2024-09-12,ANET,-0.3967218374312279,0.8211969151560853,0.4611858732672391,0.5077326383429338,1.806687843195227,1.0,6.0,3.0,0.0,0.8211969151560853,0.7131936025894314,3.0
2024-09-13,MSFT,1.1974092882973555,1.4734152350322791,1.1175703988463952,1.0430220327456894,2.1778002392300975,1.0,2.0,1.0,13.0,20.627813290451908,14.774740422970254,3.0
2024-09-13,RELY,0.8201727260709546,0.832357618330224,0.5491781872121102,0.6088728068365252,0.8726460819784152,7.0,10.0,7.0,15.0,13.317721893283585,9.48715878146214,3.0
2024-09-13,U,0.3696292086475424,0.8956118521875456,0.524538723207632,0.5817744911367428,2.3135661362729514,1.0,4.0,2.0,6.0,6.269282965312819,4.545859692681263,1.0
2024-09-13,AMD,0.0458405601357419,0.7543999117248794,0.6374680354650877,0.5863055710681809,1.3627115695698793,8.0,6.0,3.0,4.0,3.771999558624397,2.831640101676604,5.0
2024-09-13,ARRY,-0.0335608857991266,0.5269851978500366,0.4935773733718547,0.4879422270987876,0.9472492306892848,4.0,12.0,4.0,6.0,3.688896384950256,2.7303006814767357,1.0
2024-09-13,ORCL,0.3377005754688235,0.605488194602317,0.5615488609835521,0.5789978703321953,2.3486613247399335,5.0,3.0,3.0,5.0,3.6329291676139017,2.711515075624797,2.0
2024-09-13,IBM,0.2784259208803165,0.5101419727513652,0.338816417840944,0.3827502917284689,1.216089879649079,3.0,9.0,3.0,6.0,3.5709938092595563,2.6013405918339725,1.0
2024-09-13,FSLR,0.4596468446168202,0.5261478878262907,0.8810130072271548,0.803779384019912,1.411430324785274,11.0,3.0,5.0,5.0,3.1568873269577447,2.4741250310385676,2.0
2024-09-13,TASK,-0.1447225796935582,0.3423150151824077,0.401865278469028,0.4437990391726832,1.0590452884785826,4.0,12.0,2.0,8.0,3.080835136641669,2.2771441791898765,1.0
2024-09-13,INSG,0.6611995842923633,0.501278754081055,0.4088812431441313,0.4858583770507067,1.4990452675569328,6.0,2.0,5.0,3.0,2.00511501632422,1.5262448843701932,5.0
2024-09-16,MSFT,1.2721550151886043,1.2214156164913332,1.197013077877117,1.0456721213781537,2.0199222532967145,4.0,1.0,2.0,12.0,15.878403014387333,11.473986033434269,4.0
2024-09-16,CRSR,-0.112073040654081,1.2989333260240667,0.7671964079715088,0.9594472512151114,1.4885793333871404,1.0,10.0,2.0,1.0,2.5978666520481335,2.0486655788251458,3.0
2024-09-16,DELL,0.1363963197585641,0.6272852210391442,0.502222764718851,0.4347116754225177,1.0114877222989236,8.0,7.0,7.0,3.0,2.5091408841565768,1.907065448325259,3.0
2024-09-16,IBM,0.4321369908350975,0.5288587619153944,0.3921936085055615,0.4260783695090577,1.3638988905444025,2.0,6.0,2.0,3.0,2.1154350476615775,1.5984626159147726,3.0
2024-09-16,U,0.5181721323619338,0.869494191521493,0.6449430070996496,0.6515829772499544,2.5527060429587953,2.0,1.0,1.0,1.0,1.738988383042986,1.410774770259985,4.0
2024-09-16,AI,-0.7046582428769939,0.8235503493340917,0.6264156229202014,0.6552497401650823,1.0436109899953132,6.0,12.0,5.0,1.0,1.647100698668183,1.3408951759437886,6.0
2024-09-16,CORZ,-0.090708310518275,0.5673145136512947,0.4368469777074206,0.4207166522246654,1.3835702335895332,6.0,6.0,4.0,2.0,1.701943540953884,1.322414571979945,1.0
2024-09-16,PSFE,1.2728361995371051,0.7641721514633225,0.5675285255850309,0.5412916348302255,1.1462501738601674,6.0,11.0,8.0,1.0,1.528344302926645,1.2400995697241608,3.0
2024-09-16,ANET,-0.2673988215129306,0.6372776466537682,0.6318528838458615,0.5455555723868069,1.827458089332468,4.0,1.0,2.0,1.0,1.2745552933075364,1.0817445704690338,1.0
2024-09-16,CDNS,0.5355633024901894,1.0628451145277673,0.9153312317918574,0.8182547059686179,1.065959758503138,7.0,9.0,5.0,0.0,1.0628451145277673,1.0185909497069945,6.0
2024-09-17,INTC,-0.03223451088362,0.9261378034426144,0.5506960575511949,0.5961838545441444,1.5109936025989643,2.0,8.0,2.0,25.0,24.079582889507975,17.02091683992094,3.0
2024-09-17,MSFT,1.6518630644832353,1.1248868665712726,1.0465303473983332,1.071461839923903,1.7320052463125402,6.0,3.0,4.0,20.0,23.622624197996725,16.849796042817207,2.0
2024-09-17,CRSR,0.0218381419024717,1.2262394867955675,0.9385810746071156,0.9615464130307162,1.606785136511348,2.0,7.0,1.0,4.0,6.131197433977837,4.57341252616662,1.0
2024-09-17,S,0.5980422766372919,1.376417112485623,0.68851240105666,0.7537734802327334,2.2498660230723,1.0,3.0,1.0,3.0,5.505668449942492,4.060521635276742,1.0
2024-09-17,SQ,0.1956268083301555,0.8076405459702363,0.5051629828467382,0.4943857180351212,1.6361096766987222,1.0,3.0,2.0,3.0,3.230562183880945,2.412942423570683,2.0
2024-09-17,RUN,1.2453065920997022,0.7299412057765836,0.532741067502525,0.468048647753945,1.976010175835044,2.0,3.0,1.0,3.0,2.9197648231063345,2.2036576964251915,1.0
2024-09-17,ENPH,0.9970604966963632,0.7963384212579598,0.4449710891916342,0.4713367174690321,1.909929689837148,1.0,9.0,1.0,2.0,2.3890152637738797,1.805802011399206,2.0
2024-09-17,AI,-0.6695500753635345,0.6550279692371551,0.6429365256706712,0.6189335002206542,0.8829154053849879,9.0,11.0,7.0,2.0,1.9650839077114657,1.568439693099227,5.0
2024-09-17,U,0.6438624662288956,0.7356421146417729,0.6244355370749968,0.6740359607563691,2.214591096214309,4.0,2.0,3.0,1.0,1.4712842292835455,1.217229621620981,5.0
2024-09-17,WK,-0.1399419302199411,1.199419701135162,0.8545380598919374,0.881183537013394,1.626911444661396,3.0,4.0,4.0,0.0,1.199419701135162,1.0959552087621944,5.0
2024-09-18,ENPH,1.0997082246172951,0.6965991314623011,0.4901379235239124,0.5121249631287331,1.8651804169339343,2.0,4.0,2.0,3.0,2.7863965258492045,2.097518945151617,1.0
2024-09-18,S,0.2174038511531454,0.7833686487818432,0.7392421841668512,0.722282388902974,1.5179695302009564,6.0,2.0,4.0,1.0,1.5667372975636864,1.3184887635446358,4.0
2024-09-18,WK,-0.0046320962021931,1.144813227846473,0.992506005612327,0.8771092882326262,1.768788651342138,4.0,2.0,2.0,0.0,1.144813227846473,1.0991210611762292,4.0
2024-09-18,PLUS,0.5604273152222854,1.0154739819666905,0.7370640639220066,0.7010109750851358,1.8234922986753273,2.0,3.0,2.0,0.0,1.0154739819666905,0.9319510065532852,3.0
2024-09-18,NEON,1.748704568813501,1.0004012414775445,0.7391524337384794,0.8416404691352929,2.408208370328321,2.0,1.0,2.0,0.0,1.0004012414775445,0.922026599155825,1.0
2024-09-18,HPE,-0.5890983415448403,0.829444827888205,0.6162168403206814,0.5986498662264684,1.4255354357181105,5.0,6.0,3.0,0.0,0.829444827888205,0.7654764316179479,3.0
2024-09-18,U,0.4877017704084501,0.4135266521418786,0.5977138605090112,0.6181641913510625,1.4564171160433586,7.0,3.0,6.0,1.0,0.8270533042837572,0.7582514711513334,6.0
2024-09-18,FSLR,1.2593992340295443,0.568355811731698,0.7147141935575864,0.7214032664897451,1.1948720306808596,9.0,5.0,7.0,0.0,0.568355811731698,0.6122633262794644,6.0
2024-09-18,TTD,0.1295891546720241,0.3688386298035068,0.2937269984274188,0.2888664568810211,0.6383649709909989,11.0,8.0,9.0,1.0,0.7376772596070136,0.6044921812531352,6.0
2024-09-18,BMI,0.4561690612096383,0.4739181725086547,0.6167061754084714,0.6696942591662598,0.9175611263015616,10.0,9.0,7.0,0.0,0.4739181725086547,0.5167545733785996,4.0
2024-09-19,AAPL,0.5799113838170947,1.1759249739577753,0.6780842468826724,0.780239248593119,1.645382280249812,2.0,11.0,4.0,12.0,15.28702466145108,10.904342537080558,1.0
2024-09-19,PLUS,1.3990478805359945,1.4865355763550192,0.9340637327535676,0.949793146949816,2.791165732732434,1.0,1.0,1.0,2.0,4.459606729065058,3.4019438301716107,1.0
2024-09-19,HPE,-0.0831940382055371,1.0309169638819964,0.6806422819051063,0.6900931193427023,1.8103882386325372,1.0,3.0,1.0,1.0,2.0618339277639928,1.6474764340063266,2.0
2024-09-19,HUBS,0.600350167528254,1.0255695861640477,0.4760688873550504,0.5669300625019761,1.9944640750425269,1.0,12.0,1.0,1.0,2.0511391723280954,1.5786180868361817,1.0
2024-09-19,FLEX,0.1278387535740703,0.8842315641711875,0.4709140984312331,0.5904176841907283,1.5048590032593483,3.0,10.0,3.0,1.0,1.768463128342375,1.3791984193690323,1.0
2024-09-19,WK,0.6617667071583657,1.4086667221071123,1.0834624339849708,0.9906814745821212,2.1805802543345805,1.0,1.0,1.0,0.0,1.4086667221071123,1.31110543567047,2.0
2024-09-19,CRSR,-0.0852902933140972,0.6791188079853463,0.8760228698356749,0.7827685588603761,0.9849140799231416,12.0,8.0,6.0,1.0,1.3582376159706926,1.213573192130187,4.0
2024-09-19,MEI,1.2026906007733886,1.184580593933065,0.7439743455535497,0.8295176914190127,1.6668695856136475,1.0,9.0,2.0,0.0,1.184580593933065,1.05239871941921,2.0
2024-09-19,BMI,1.1507820498211885,0.8580071361649124,0.571860634051614,0.7656153282274523,1.3647791773836144,4.0,11.0,4.0,0.0,0.8580071361649124,0.7721631855309229,3.0
2024-09-19,SQ,0.4981613949458455,0.6911788962350881,0.4694860441125011,0.5492751745879518,1.3263285636055893,6.0,9.0,4.0,0.0,0.6911788962350881,0.624671040598312,4.0
2024-09-20,CRWD,0.9715607006162184,1.1324311490829393,0.5640404618592126,0.6964726724999538,2.542140483076321,1.0,2.0,1.0,7.0,9.059449192663514,6.510826573422223,1.0
2024-09-20,CRSR,0.2628764826039102,0.7020739890519804,0.748218374377197,0.7719765115010326,0.8652359492430532,9.0,11.0,7.0,4.0,3.5103699452599018,2.68172447399509,2.0
2024-09-20,BILL,0.5103757169858416,0.5707726997647512,0.4635995244555217,0.5047630230519382,0.8966137838083725,10.0,8.0,10.0,5.0,3.424636198588507,2.5363251963486113,1.0
2024-09-20,TWLO,-0.1729340653086682,0.49708080246503,0.3153447605137947,0.3694929903915053,1.0075794117574677,4.0,10.0,3.0,2.0,1.49124240739509,1.1384731133307011,2.0
2024-09-20,MEI,1.5594927389290825,1.1825423389433052,0.8014167044344993,0.9554314042697704,1.7619523999937263,2.0,5.0,1.0,0.0,1.1825423389433052,1.068204648590663,1.0
2024-09-20,WK,0.6313233494350952,0.974711353690762,0.9756307201902488,0.9747831399327012,1.5638035886403523,7.0,3.0,5.0,0.0,0.974711353690762,0.974987163640608,6.0
2024-09-20,FLEX,0.3780667845099993,0.9388631353722804,0.618420279477648,0.6881609930845598,1.9378770175723292,1.0,4.0,1.0,0.0,0.9388631353722804,0.8427302786038906,3.0
2024-09-20,PLUS,0.990195926547291,0.7535905676042101,0.8408917851809053,0.8965114806503569,1.6343348694113593,7.0,2.0,4.0,0.0,0.7535905676042101,0.7797809328772186,6.0
2024-09-20,HUBS,0.4886545939176801,0.7703139628507067,0.5834465661891206,0.6064184673021593,1.7012556636956369,4.0,3.0,2.0,0.0,0.7703139628507067,0.7142537438522308,3.0
2024-09-20,HPE,-0.1129537826479517,0.7326345369201075,0.6462021444037018,0.6815683429227756,1.3348850660951594,7.0,5.0,4.0,0.0,0.7326345369201075,0.7067048191651858,4.0
2024-09-23,INTC,0.598697127950273,0.7913517093622389,0.5271300234766269,0.6603006690073532,1.2769986279078245,6.0,11.0,5.0,44.0,35.61082692130075,25.08571785195351,1.0
2024-09-23,PI,0.6742547423246996,0.4393858196960392,0.2982393680868551,0.4214480312034175,1.0897488986967767,2.0,12.0,3.0,1.0,0.8787716393920784,0.7046119580005114,1.0
2024-09-23,FLEX,0.2883628378235695,0.6387242925485008,0.6213588151753859,0.6687767670915455,1.439139828532297,5.0,3.0,4.0,0.0,0.6387242925485008,0.6335146493365663,5.0
2024-09-23,HUBS,0.5014493514238649,0.6119333843662382,0.6162099471287829,0.5918582074434217,1.4549099884747618,7.0,1.0,6.0,0.0,0.6119333843662382,0.6132163531950016,5.0
2024-09-23,HPE,-0.0980739104267444,0.5254087705985533,0.5869855704080804,0.6420749515379639,0.9499458856403352,12.0,7.0,10.0,0.0,0.5254087705985533,0.5438818105414114,6.0
2024-09-23,ALAB,0.0011870295810315,0.3335538936381176,0.2525041450477853,0.3369399761498578,0.5919572633768914,10.0,12.0,11.0,1.0,0.6671077872762352,0.5427266946077002,5.0
2024-09-23,ANET,0.6313919328678622,0.5253602027668438,0.4194035130823202,0.6352408370653345,1.12220324851426,9.0,10.0,8.0,0.0,0.5253602027668438,0.4935731958614867,6.0
2024-09-23,COHR,0.384660210781281,0.4769045369829383,0.3916335560119415,0.4532373581169606,1.3450280536921102,9.0,5.0,7.0,0.0,0.4769045369829383,0.4513232426916392,7.0
2024-09-23,TWLO,-0.211416350347745,0.3463359296764934,0.3192858004207127,0.3622775674540366,0.6884476403375464,11.0,9.0,9.0,0.0,0.3463359296764934,0.3382208908997591,6.0
2024-09-23,UI,0.3114157991214835,0.3123450609176512,0.2210427108445249,0.3075310180609348,1.0254689155189802,6.0,9.0,4.0,0.0,0.3123450609176512,0.2849543558957133,2.0
2024-09-24,U,1.61891550168184,0.844465354811881,0.4025856406151075,0.6938698551260797,1.9044884219053275,3.0,8.0,4.0,3.0,3.377861419247524,2.485278685657799,2.0
2024-09-24,OS,2.069986605381724,1.1287172322554466,0.8748279533209168,1.0618048619124565,1.7885161759429855,2.0,3.0,2.0,0.0,1.1287172322554466,1.0525504485750876,1.0
2024-09-24,TOST,0.6342753224925997,0.3687604790322049,0.27847948661773,0.4925432867580231,0.7099737195038801,10.0,12.0,12.0,1.0,0.7375209580644098,0.5998085166304058,5.0
2024-09-24,HUBS,0.6695119316263509,0.5777473445416879,0.6050040574427602,0.5856445319626892,1.3669669427666655,10.0,2.0,7.0,0.0,0.5777473445416879,0.5859243584120095,6.0
2024-09-24,SMTC,1.3006884581346068,0.5456060260598898,0.4831771792340847,0.502094105331001,1.0892941468238195,10.0,10.0,7.0,0.0,0.5456060260598898,0.5268773720121482,4.0
2024-09-24,COHR,0.5016880310315247,0.4663742801960753,0.4222427610383293,0.4602848215535469,1.4089796091411515,11.0,1.0,5.0,0.0,0.4663742801960753,0.4531348244487514,6.0
2024-09-24,PI,0.8276713860681806,0.4644129691496087,0.3356879893897996,0.4479335643030081,1.2515022740408603,1.0,9.0,1.0,0.0,0.4644129691496087,0.4257954752216659,3.0
2024-09-25,INTC,1.165957526197211,0.8806586613212452,0.5738896229593092,0.7884798604572562,1.4697261889725484,4.0,7.0,3.0,27.0,24.658442516994864,17.433076648784198,2.0
2024-09-25,OS,2.064720140395587,0.8570733299506634,0.8951743038757817,1.019876613612918,1.5070682964956617,5.0,2.0,3.0,0.0,0.8570733299506634,0.8685036221281989,3.0
2024-09-25,APLD,0.911596648532798,0.7123662874913066,0.4319482509360022,0.5051179543125068,1.367497399328942,5.0,10.0,7.0,0.0,0.7123662874913066,0.6282408765247153,7.0
2024-09-25,PI,0.8712176798064603,0.3766985619284317,0.3278020214204452,0.4435765790334561,1.0135880432511963,8.0,11.0,5.0,1.0,0.7533971238568634,0.6257185931259379,2.0
2024-09-26,MU,1.3679658058265651,1.9576376015923744,0.9383564363576976,1.0965299574902998,2.8866251133453495,1.0,3.0,1.0,38.0,76.3478664621026,53.72501345437913,1.0
2024-09-26,ACN,0.5957640414279062,0.9068733118571096,0.4104206420889098,0.5036919153113599,1.869667178899724,1.0,11.0,1.0,5.0,5.441239871142658,3.931994102426533,1.0
2024-09-26,AMD,1.4173136419694776,0.863075401869807,0.531863951862487,0.6443869224455443,1.268282549623721,3.0,12.0,5.0,5.0,5.178452411218842,3.7844758734119353,4.0
2024-09-26,HPE,1.032770835976084,0.9257197418565446,0.5481895370452348,0.8218887844778965,1.4565778100446514,2.0,11.0,2.0,2.0,2.777159225569634,2.108468319012314,1.0
2024-09-26,INTC,1.3859148286698304,0.8980232010005145,0.6830467356295602,0.8345302944610242,1.628281352117836,3.0,2.0,1.0,1.0,1.796046402001029,1.462146502089588,5.0
2024-09-26,FLEX,0.8832451494358824,0.7405683453944949,0.4386945468971919,0.6583330533149906,1.1883995998063055,4.0,12.0,5.0,1.0,1.4811366907889898,1.1684040476214506,2.0
2024-09-26,CAMT,0.2209908228819229,1.293203861573767,0.6143603659704215,0.7063406156971722,2.23971085659696,1.0,8.0,1.0,0.0,1.293203861573767,1.0895508128927631,1.0
2024-09-26,WDC,1.904674834943912,1.2311975545305844,0.5935042832346301,0.769884879760185,2.0157602769471463,1.0,6.0,2.0,0.0,1.2311975545305844,1.039889573141798,2.0
2024-09-26,HPQ,1.223822776232163,1.0306991004810169,0.6115350603405107,0.8055772194310212,1.5787946101356105,4.0,7.0,5.0,0.0,1.0306991004810169,0.904949888438865,4.0
2024-09-26,DOCU,0.2749153658396506,0.5403420164614927,0.2998460776837533,0.364074779679069,1.4228622529022332,4.0,10.0,5.0,1.0,1.0806840329229854,0.8464326463512157,2.0
2024-09-27,MU,1.0672078649107009,1.2931171228870777,1.025583493601763,1.1424429592040362,2.2199858431456025,3.0,1.0,2.0,12.0,16.81052259753201,12.075040866352936,2.0
2024-09-27,INTC,1.3801263333359988,0.632585336923188,0.6147187770450455,0.8061364299108315,1.1409464947174923,10.0,5.0,7.0,19.0,12.651706738463758,9.040610350038143,4.0
2024-09-27,APLD,1.206928153178599,0.6377217515365005,0.5923333011154659,0.6097972251945302,1.4917179378981948,6.0,5.0,5.0,11.0,7.652661018438005,5.534562703241243,1.0
2024-09-27,KLIC,0.9524055949764324,0.9116161857317348,0.6254188543963801,0.8457998574110692,1.2039237658188373,6.0,12.0,7.0,0.0,0.9116161857317348,0.8257569863311284,5.0
2024-09-27,WDC,1.5711010457319246,0.6685210897950268,0.5849823473952431,0.7624580835783399,1.1561807205451564,9.0,7.0,7.0,0.0,0.6685210897950268,0.6434594670750917,7.0
2024-09-27,CAMT,-0.2165931812353668,0.6396344229325011,0.6109375698558692,0.6690200603342162,1.3287062506330134,6.0,9.0,4.0,0.0,0.6396344229325011,0.6310253670095115,4.0
2024-09-27,ACN,0.2474004987456754,0.4483881548959024,0.4458376886578857,0.4687269272532597,1.0857835123669202,8.0,6.0,4.0,0.0,0.4483881548959024,0.4476230150244973,5.0
2024-09-27,U,1.3903874237953455,0.3074244599929225,0.390252980667748,0.5336881338185718,0.7194555209622056,12.0,9.0,11.0,0.0,0.3074244599929225,0.3322730161953701,9.0
2024-09-27,ODD,0.6613476691036878,1.288387601898682,0.7741599298503026,0.8981948503119053,2.166120825509858,2.0,4.0,3.0,-1.0,0.0,0.2322479789550907,3.0
2024-09-27,GCT,0.4440440504907999,1.2490210785347229,0.6836620452061064,0.8333108491689535,2.2141634494205675,1.0,6.0,3.0,-3.0,-2.4980421570694458,-1.54353089638678,7.0
2024-09-30,MU,0.5882691829010233,0.5531359362910775,0.9548475384641872,1.0210571186191897,1.2476414550261734,11.0,2.0,6.0,6.0,3.871951554037542,2.996820349365535,5.0
2024-09-30,ACMR,0.907842806830022,1.0063142373918,0.6911545545880882,0.7744372562551435,1.3925075459519598,4.0,10.0,6.0,2.0,3.0189427121753996,2.320606264899206,3.0
2024-09-30,APLD,1.2410051360707484,0.4535452943089694,0.4983857667030757,0.5815955889011853,1.005449395489526,11.0,7.0,9.0,5.0,2.7212717658538166,2.054405966108594,6.0
2024-09-30,GCT,0.1887216861321455,0.8276925968196154,0.7714222721074074,0.8180793168513149,1.778438837155872,6.0,4.0,6.0,1.0,1.6553851936392308,1.3901963171796836,4.0
2024-09-30,BL,0.8074829985039307,0.8294134244143821,0.4275164948115496,0.5350242496518954,1.5859504231071058,3.0,10.0,4.0,1.0,1.6588268488287643,1.2894337426235998,1.0
2024-09-30,ACN,0.4629176834261167,0.5153389456816019,0.4721357976065836,0.4662914968387902,1.2827199746402864,2.0,3.0,2.0,1.0,1.0306778913632038,0.8631152632362177,3.0
2024-09-30,KLIC,1.1175584855651344,0.9135824582406508,0.7433729287192552,0.869395969624892,1.3947644006911557,5.0,7.0,2.0,0.0,0.9135824582406508,0.8625195993842321,3.0
2024-09-30,BASE,-0.2160450479614397,0.9151055789045324,0.5354328039890321,0.5826295749384021,1.4624991763015245,1.0,7.0,1.0,0.0,0.9151055789045324,0.8012037464298822,3.0
2024-09-30,HPE,1.114607295147288,0.6270655309425326,0.5591833804235208,0.7714657541238866,1.0508337648375754,8.0,10.0,8.0,0.0,0.6270655309425326,0.606700885786829,5.0
2024-09-30,ODD,0.9542781964944116,1.3226260590645336,0.963965347455502,1.005621151108056,2.5281570672195066,1.0,2.0,1.0,-1.0,0.0,0.2891896042366506,2.0
2024-10-01,GCT,0.9186809866696092,1.234524434785457,0.8916276696668893,0.9483213645918672,2.5356702871890096,2.0,2.0,2.0,2.0,3.703573304356371,2.859989613949526,1.0
2024-10-01,ODD,1.158441538262107,1.1932797820816343,1.0388579607428503,1.0427621722015958,2.4927863006577073,3.0,1.0,2.0,0.0,1.1932797820816343,1.1469532356799992,1.0
2024-10-01,CSIQ,1.8033121524570648,0.668387254559496,0.8284903996892166,0.9169015648119284,0.9070248261970998,10.0,11.0,10.0,0.0,0.668387254559496,0.7164181980984121,3.0
2024-10-01,BL,0.526911473236844,0.4635193800639127,0.4733824988130949,0.5087616818549339,0.9427315955710156,9.0,6.0,9.0,0.0,0.4635193800639127,0.4664783156886673,9.0
2024-10-02,KLIC,1.525852159509407,0.8847461281365897,0.6896198691365237,0.8381699464131339,1.2739051187803956,8.0,9.0,4.0,0.0,0.8847461281365897,0.8262082504365699,4.0
2024-10-02,ACN,0.6231317189410314,0.4080682819313968,0.4414102432940833,0.4256585181761847,0.9970831052764926,11.0,8.0,5.0,1.0,0.8161365638627937,0.7037186676921805,4.0
2024-10-02,BL,0.6574739566224197,0.4607408461215475,0.492932104056674,0.4918726079285949,0.9667434926820512,10.0,5.0,8.0,0.0,0.4607408461215475,0.4703982235020854,8.0
2024-10-02,DOX,0.7785669587506409,0.4445076913008857,0.3668423822937769,0.3737783719022662,0.8355525723050974,10.0,11.0,8.0,0.0,0.4445076913008857,0.4212080985987531,5.0
2024-10-02,GCT,1.308211092406218,1.227977920182831,0.9119946349478506,1.0504601341537194,2.560101516470791,3.0,1.0,1.0,-1.0,0.0,0.2735983904843552,6.0
2024-10-02,ADP,0.6938302238378435,0.6041872434017627,0.3392520722575136,0.369594363470967,1.8085928044029265,1.0,6.0,3.0,-1.0,0.0,0.101775621677254,5.0
2024-10-03,GCT,1.246017063073209,0.8202105473023193,0.8106506234804465,1.0203768492031162,1.8325509308461692,7.0,3.0,5.0,2.0,2.460631641906958,1.9656373363790045,3.0
2024-10-03,ACN,0.9053586002803408,0.5141986153860616,0.4348023837009195,0.4705795230786123,1.1827048116978116,3.0,9.0,3.0,3.0,2.0567944615442464,1.570196838191248,2.0
2024-10-03,ADP,0.7937507741505453,0.597651374228298,0.4292048186884925,0.4192434012111332,2.0882429126017037,2.0,2.0,1.0,0.0,0.597651374228298,0.5471174075663563,1.0
2024-10-04,GCT,1.9399698197602089,1.1073312876394723,0.7414377842179922,1.1096592299705563,2.1140364029466348,4.0,5.0,4.0,2.0,3.3219938629184167,2.547827039308289,2.0
2024-10-04,ADP,0.8441784205421733,0.5158752500600444,0.4701135769067715,0.4280173464902845,1.9777554907480697,4.0,1.0,2.0,0.0,0.5158752500600444,0.5021467481140626,2.0
2024-10-07,ACMR,2.6994791488900787,1.7632835524887471,0.9805169835433342,1.2697655186092829,2.627974336229221,1.0,6.0,1.0,3.0,7.0531342099549885,5.231349042031492,1.0
2024-10-07,TWLO,0.9146818686161796,0.5147293698078073,0.337531190640028,0.4560156628190503,1.103991757359713,2.0,6.0,2.0,1.0,1.0294587396156143,0.8218804749229385,3.0
2024-10-07,DDOG,0.7807114404593051,0.7260374856572956,0.5416769991368705,0.5789911634292078,1.4476998630838358,4.0,7.0,6.0,0.0,0.7260374856572956,0.6707293397011681,7.0
2024-10-07,GCT,1.6290002974391815,0.5326224408718427,0.6249739424787198,1.0254869457209876,1.1319218269720843,10.0,7.0,8.0,0.0,0.5326224408718427,0.5603278913539058,5.0
2024-10-08,PAR,0.5835365165705314,1.1415591666391365,0.5736261242365397,0.6461346223064832,1.7941632085771395,1.0,10.0,3.0,2.0,3.4246774999174097,2.569362087213148,2.0
2024-10-08,MSTR,0.7776161575452598,0.4877620072069845,0.307487221995848,0.397827157404534,1.2175393965651395,6.0,12.0,6.0,6.0,3.4143340504488915,2.4822800019129785,4.0
2024-10-08,ACMR,1.7261780256586818,0.6101584972101044,0.9955264585062,1.1373555923124326,1.255123252516515,12.0,5.0,8.0,4.0,3.050792486050522,2.4342126777872255,2.0
2024-10-08,KD,1.1002531112688825,1.40367992639076,0.8228607118449527,0.8278162758671058,1.89780021403706,1.0,7.0,1.0,1.0,2.80735985278152,2.2120101105005494,2.0
2024-10-08,AAOI,0.9507538614687644,0.506314688509534,0.2925166868944939,0.3108268940121404,1.345174416640971,6.0,12.0,5.0,1.0,1.012629377019068,0.7965955699816957,4.0
2024-10-08,DDOG,0.97753962201842,0.7231002533892313,0.5925549853212535,0.6113687552399106,1.5453284153560098,5.0,4.0,5.0,0.0,0.7231002533892313,0.683936672968838,6.0
2024-10-09,PLTR,1.2936356548191557,0.6371304462668558,0.4013647358163952,0.4400043841148764,1.9989468638953456,1.0,6.0,1.0,26.0,17.202522049205108,12.162174855188493,2.0
2024-10-09,AI,1.2754724049947388,1.5497985476729956,0.8446322482805111,0.8475693906640365,2.186333219218859,1.0,5.0,3.0,7.0,12.398388381383963,8.93226154145293,1.0
2024-10-09,RELL,0.7604256408196031,0.5988773197391044,0.3685826795555244,0.3996352794341828,1.6072166378804713,2.0,7.0,3.0,5.0,3.5932639184346264,2.625859546770896,1.0
2024-10-09,ALAB,0.928789245685032,0.7493626027811372,0.3546724707641823,0.4175763724667065,1.976136063225631,3.0,6.0,3.0,3.0,2.997450411124549,2.204617029016439,1.0
2024-10-09,ATOM,0.6510751402240603,1.3345466007989404,0.6590873745906083,0.7253926502123966,2.013359908332517,4.0,8.0,6.0,1.0,2.6690932015978808,2.066091453495699,4.0
2024-10-09,IBM,1.5437766217267364,0.5768518552568135,0.3440350937521431,0.3782253268656718,1.3725764306826265,1.0,8.0,1.0,3.0,2.307407421027254,1.7183957228447206,2.0
2024-10-09,INSG,1.0860768760551187,0.6884625715389063,0.3402506863365553,0.3774534380862037,1.7708158760277628,1.0,11.0,2.0,2.0,2.065387714616719,1.54784660613267,3.0
2024-10-09,DOCU,1.3081551459056948,0.7744904386566056,0.433058536586046,0.5385996330718378,2.510564620527545,1.0,3.0,1.0,1.0,1.5489808773132112,1.2142041750950616,1.0
2024-10-09,PANW,0.8638543746868337,1.099022869504829,0.6595263051775813,0.6670506235058826,1.6656153436886665,4.0,11.0,7.0,0.0,1.099022869504829,0.9671739002066546,5.0
2024-10-09,KD,0.7767693497599159,0.87416931641119,0.8945440906252996,0.8003074292680081,1.4302711565006614,8.0,2.0,7.0,0.0,0.87416931641119,0.8802817486754229,8.0
2024-10-10,PLTR,1.3625486111441714,0.5278286305377299,0.3978183682917406,0.4732618555205789,1.6583974462352975,4.0,7.0,3.0,19.0,10.556572610754598,7.508946338015741,4.0
2024-10-10,AI,1.3667544441041783,1.2769532631835243,0.9328563768476786,0.9455591934223432,2.021790291036348,4.0,3.0,4.0,6.0,8.93867284228467,6.536927902653573,4.0
2024-10-10,ATOM,1.5664799029006398,1.8710474724650128,1.0409750787970946,1.1216990964295857,3.1598629959596085,1.0,3.0,1.0,3.0,7.484189889860051,5.551225446541165,1.0
2024-10-10,S,1.145210580466747,0.99492886534588,0.6433159421693102,0.654859450936933,1.6332709971327213,2.0,7.0,3.0,2.0,2.98478659603764,2.282345399877141,2.0
2024-10-10,SNOW,1.1331095349829643,1.435284995015332,0.8299992404935883,0.8739154259230324,1.7129318747857063,1.0,10.0,1.0,1.0,2.870569990030664,2.258398765169541,2.0
2024-10-10,ZS,1.2229856897598346,1.398677945364084,0.7586340834147453,0.8536382027339436,1.5176203870981462,1.0,10.0,2.0,1.0,2.797355890728168,2.185739348534141,1.0
2024-10-10,ALAB,1.359965488385439,0.9861757024239702,0.555515823207358,0.6118174601094206,3.13924406869784,1.0,3.0,1.0,1.0,1.9723514048479405,1.5473007303557658,2.0
2024-10-10,NOW,1.3623256259027312,0.5925621702487315,0.4621283621782358,0.4922061758907893,1.411405989860835,5.0,2.0,4.0,2.0,1.7776865107461943,1.3830190661758066,1.0
2024-10-10,PAR,0.4809878988465279,0.6907955929490485,0.7096457641700602,0.6195311655092186,1.3286361813358103,8.0,5.0,7.0,1.0,1.381591185898097,1.180007559379686,4.0
2024-10-10,KD,1.491125252658915,1.1745459931838105,0.8573867440127463,0.91730221441949,1.7008597905000309,3.0,5.0,3.0,0.0,1.1745459931838105,1.079398218432491,5.0
2024-10-11,AEHR,1.6754067616662034,2.26350861657245,1.0570110989667605,1.2306843949925668,3.3837789239302696,1.0,3.0,1.0,11.0,27.1621033988694,19.330575708898603,1.0
2024-10-11,UBER,2.3850663589953314,1.7388108986606374,0.8435607976213255,0.9608768294259924,3.08615113128268,1.0,4.0,1.0,6.0,12.17167629062446,8.77324164272352,1.0
2024-10-11,AI,2.0759504100601434,1.5497981650184984,1.0560947455091731,1.1300500688828448,2.515277958832459,2.0,1.0,1.0,6.0,10.84858715512949,7.910839432243394,2.0
2024-10-11,PLTR,1.3607812320264028,0.3740991946462146,0.3595268850237954,0.4603754389421235,1.0939617191108175,11.0,9.0,12.0,21.0,8.230182282216722,5.868985663058844,5.0
2024-10-11,ATOM,1.5899523651575636,1.5022034479707451,1.1753162491248843,1.2020123869465138,2.823198927084714,3.0,1.0,2.0,3.0,6.0088137918829805,4.558764529055551,2.0
2024-10-11,SNOW,1.172709749319857,1.1359232795278833,0.8848993274402998,0.9365167358340524,1.4619602847468007,3.0,8.0,3.0,2.0,3.4077698385836497,2.650908685240645,1.0
2024-10-11,RELL,1.5443218903044504,1.0695397384808385,0.5655140682913011,0.6550819828128039,3.506518167820432,1.0,1.0,1.0,1.0,2.139079476961677,1.667009854360564,2.0
2024-10-11,ALAB,1.4111072146610932,0.8338848301985394,0.643994754045855,0.6603118956721054,2.963044503323935,2.0,1.0,2.0,1.0,1.6677696603970789,1.3606371884917117,3.0
2024-10-11,AFRM,1.2442732340317362,0.7753867211181662,0.4205980576402883,0.4458948735645612,1.4293593995609808,4.0,10.0,5.0,1.0,1.5507734422363324,1.211720826857519,3.0
2024-10-11,KD,1.7741729012792655,1.0782728392394612,0.8260035555511972,0.9854109836243418,1.5478075930430923,5.0,6.0,4.0,0.0,1.0782728392394612,1.0025920541329818,6.0
2024-10-14,AI,2.314689699165745,1.3321243886681682,1.0372126995597866,1.2007454182860988,2.245146381504167,3.0,2.0,2.0,6.0,9.324870720677175,6.83857331434196,3.0
2024-10-14,AFRM,1.542995241471302,0.8634761287417295,0.5391826521670342,0.5750338074245153,1.7991065735953895,3.0,8.0,4.0,4.0,4.317380643708647,3.1839212462461632,2.0
2024-10-14,AEHR,1.3881937512185298,1.5808084897579828,1.2170362750770027,1.3060261308999703,2.7811461862447,2.0,1.0,2.0,1.0,3.1616169795159657,2.578242768184277,2.0
2024-10-14,S,1.4782692027653752,0.830948127855365,0.653598381336397,0.7109335838929602,1.423883715111704,4.0,6.0,5.0,2.0,2.492844383566095,1.9410705828971857,3.0
2024-10-14,AAOI,1.495165098086905,0.5163815384646442,0.3456724273670026,0.4495461827922407,1.5657009855573252,5.0,4.0,4.0,4.0,2.581907692323221,1.9110371128363557,3.0
2024-10-14,SNOW,1.029158500273078,0.6932462628463251,0.8003571037823909,0.8819885336832932,0.9457926491785748,10.0,11.0,7.0,2.0,2.0797387885389753,1.6959242831119998,3.0
2024-10-14,FICO,1.589338053625038,0.5539803898581968,0.3895544407083915,0.4183605246564784,1.5580077894558262,5.0,7.0,5.0,2.0,1.6619411695745905,1.2802251509147304,1.0
2024-10-14,ATOM,1.7307837810132989,1.2305996033816125,1.1725675256485286,1.199925624052424,2.4596140123661936,5.0,2.0,4.0,0.0,1.2305996033816125,1.2131899800616872,5.0
2024-10-14,SNPS,1.5064750723342366,0.994591101590926,0.8603903403842633,0.8483285266902006,1.2586910187708056,7.0,6.0,4.0,0.0,0.994591101590926,0.9543308732289272,2.0
2024-10-14,APH,0.9962869350648706,1.0364155648921465,0.6169732747522177,0.6510311843440045,1.176328974857455,2.0,12.0,3.0,0.0,1.0364155648921465,0.910582877850168,2.0
2024-10-15,WOLF,0.8166054551504949,1.1002665851211542,0.574914052903127,0.6808272480936434,1.972905600238862,3.0,8.0,4.0,13.0,15.403732191696156,10.955086750058248,3.0
2024-10-15,SOUN,1.1331876243450605,1.2036449221484702,0.7606479205222979,0.815245768810544,1.3921074819380472,4.0,11.0,4.0,7.0,9.62915937718776,6.968605940188122,4.0
2024-10-15,BASE,0.2478067122784777,0.6113144051118763,0.4086362175693825,0.5295467270866859,0.9128030015568872,4.0,10.0,3.0,11.0,7.335772861342516,5.257631868210575,2.0
2024-10-15,RELY,0.0116491526345562,0.9845286800908984,0.5697509642175311,0.6150129683775408,1.0585228804252598,4.0,8.0,6.0,1.0,1.969057360181797,1.549265441392517,6.0
2024-10-15,UBER,1.7904021736263769,0.5781605400792305,0.8729737174465053,0.9042402908888268,1.4108880286562742,10.0,2.0,6.0,2.0,1.7344816202376914,1.4760292494003353,2.0
2024-10-15,AGYS,1.9180515726496077,1.1206146121992766,0.8518547786378944,0.9081183611034356,1.3674923556356298,3.0,11.0,3.0,0.0,1.1206146121992766,1.039986662130862,3.0
2024-10-15,AFRM,1.3511554249754605,0.5052443626437148,0.5413631129330053,0.548473596111209,1.1415681466231318,7.0,7.0,7.0,1.0,1.0104887252874295,0.8697510415811023,4.0
2024-10-15,NCNO,0.8394028621818634,0.7072062546124109,0.7038321900512117,0.6752658582249724,1.502512738838043,5.0,5.0,3.0,0.0,0.7072062546124109,0.7061940352440511,4.0
2024-10-15,ATOM,1.097041850048189,0.2950757472317552,0.9722078924469748,1.050109837458637,0.990081426122339,11.0,4.0,7.0,0.0,0.2950757472317552,0.498215390796321,8.0
2024-10-15,FIS,1.2421726296561453,0.5036806515193036,0.3138320819886895,0.3960090642324099,1.703262108403084,1.0,7.0,2.0,0.0,0.5036806515193036,0.4467260806601194,1.0
2024-10-16,RELY,0.1399866940374792,0.9240272907608816,0.6943658463183606,0.6663257000183253,1.1585828370230833,5.0,5.0,5.0,32.0,30.492900595109095,21.553340170471873,2.0
2024-10-16,WOLF,1.5745207706603537,1.5338765533774146,0.8689142572360417,0.9892730248751284,3.0272005663982564,1.0,3.0,1.0,15.0,24.542024854038633,17.440091674997856,1.0
2024-10-16,SOUN,0.9570446259657852,0.8136136971957648,0.8151075327519265,0.7933504303677233,1.0224815694758682,9.0,10.0,9.0,5.0,4.881682183174589,3.66170978804779,7.0
2024-10-16,ARQQ,-0.0102833330976409,1.4986671199163784,0.6996315297790022,0.814223683791554,2.7632751988259012,1.0,5.0,1.0,2.0,4.496001359749135,3.357090410758095,1.0
2024-10-16,AGYS,2.87839003096074,1.5933075363048677,0.9348784799618964,1.1777576771310148,1.8825497445991073,1.0,8.0,1.0,0.0,1.5933075363048677,1.3957788194019762,1.0
2024-10-16,PSFE,1.6390869414081832,1.2805034370160313,0.6245379990762217,0.7133687288810265,1.9693908401616065,3.0,10.0,3.0,0.0,1.2805034370160313,1.0837138056340885,5.0
2024-10-16,BTDR,1.2601403570709997,1.036768863133077,0.7609480908440179,0.737223866839596,1.3824631484919507,5.0,9.0,4.0,0.0,1.036768863133077,0.9540226314463592,3.0
2024-10-16,RUM,0.5893640183992124,0.9974998965431402,0.7836362332918186,0.8349446329359529,1.4442300046494567,5.0,5.0,4.0,0.0,0.9974998965431402,0.9333407975677436,4.0
2024-10-16,NCNO,1.197309785861681,0.7654236144022584,0.6339755544183513,0.7156902422345731,1.50000545682905,3.0,8.0,4.0,0.0,0.7654236144022584,0.7259891964070861,3.0
2024-10-16,CSCO,1.557347547458552,0.6550572693714046,0.3283811761466605,0.4151652386157399,1.4690974569994617,5.0,11.0,6.0,0.0,0.6550572693714046,0.5570544414039813,6.0
2024-10-17,WOLF,1.6864033454495595,1.3003146975404278,0.983763573207083,1.0742591144555471,2.8429165521568445,2.0,1.0,2.0,11.0,15.603776370485134,11.217772531301716,2.0
2024-10-17,MRVL,1.187689020256777,0.4580954340251167,0.5590157540415365,0.5569033910381946,1.0679052215021876,12.0,5.0,9.0,7.0,3.6647634722009337,2.7330391567531143,1.0
2024-10-17,HEAR,1.936746697712146,1.5048201915971888,0.8656884320453087,0.945293963487187,2.32170064039098,1.0,7.0,2.0,1.0,3.0096403831943777,2.3664547978496566,3.0
2024-10-17,RELY,0.6533344118141562,1.1532000730746648,0.8255386942557936,0.7905755237986499,1.569767115796214,3.0,3.0,3.0,1.0,2.3064001461493295,1.8621417105812683,5.0
2024-10-17,AGYS,2.981218894863456,1.2816768818418107,0.9544815450083812,1.2402553240978036,1.6136491719235746,2.0,7.0,2.0,0.0,1.2816768818418107,1.183518280791782,2.0
2024-10-17,CSCO,1.563133673862246,0.5091676146499104,0.3563635625282389,0.4542072681488229,1.1698144893447784,7.0,8.0,8.0,1.0,1.018335229299821,0.8197437292683463,4.0
2024-10-17,ARQQ,-0.5766346500809032,0.739455316622309,0.7495857312284994,0.7664992554236968,1.7598207790726998,4.0,3.0,4.0,0.0,0.739455316622309,0.7424944410041661,5.0
2024-10-17,DOX,1.9961302553718776,0.8296398249687562,0.4552862452791218,0.5562797264441499,1.8976989726606128,1.0,4.0,1.0,0.0,0.8296398249687562,0.7173337510618658,1.0
2024-10-17,BL,1.93254869321485,0.6551965910075512,0.438962492859773,0.5486461366771285,1.2640480575692048,5.0,9.0,6.0,0.0,0.6551965910075512,0.5903263615632177,5.0
2024-10-17,NCNO,1.2540077383929826,0.562424393333532,0.5202243511199328,0.7050001475385106,1.0183503226301287,7.0,11.0,7.0,0.0,0.562424393333532,0.5497643806694522,5.0
2024-10-18,RELY,1.3848552156253018,1.4887094306245148,0.9794620722557472,1.0136096763647209,2.12181192010492,2.0,2.0,2.0,20.0,31.26289804311481,22.177867251857087,1.0
2024-10-18,BASE,0.6071284632785264,0.5357163418577562,0.3947005722780266,0.5393220895593993,0.7966190099526691,7.0,12.0,6.0,14.0,8.035745127866342,5.743431761189846,1.0
2024-10-18,HEAR,2.0894097398185587,1.3624204414417864,1.0382586965703349,1.0337422419498854,2.3442494652083843,3.0,1.0,1.0,2.0,4.087261324325359,3.1725605359988513,2.0
2024-10-18,TOST,1.6383623893956245,0.5682232713795345,0.3184228888990308,0.368712354663772,1.3687144913309668,5.0,10.0,5.0,3.0,2.272893085518138,1.686552026532406,1.0
2024-10-18,BAND,2.2547825254703087,1.681406302202766,0.8204454035635323,0.9239245217802224,2.5623973257604367,1.0,3.0,1.0,0.0,1.681406302202766,1.4231180326109958,2.0
2024-10-18,AGYS,2.8563563751323144,0.8331161903977393,0.8982319186605653,1.1727497281944057,1.1463072646555883,7.0,10.0,5.0,0.0,0.8331161903977393,0.852650908876587,4.0
2024-10-18,AEHR,1.404150367733778,0.626852947251116,0.765233094024233,0.9041178706704353,1.0541621393963996,7.0,7.0,5.0,0.0,0.626852947251116,0.668366991283051,3.0
2024-10-18,PAR,1.6931672069334511,0.6896685858584526,0.5572912155368651,0.7486247161239132,1.0826621154161593,9.0,12.0,11.0,0.0,0.6896685858584526,0.6499553747619763,8.0
2024-10-18,DOX,2.0170486452904948,0.6790120038602379,0.522570600677443,0.5933965663034172,1.7789018485510668,3.0,3.0,2.0,0.0,0.6790120038602379,0.6320795829053993,3.0
2024-10-18,ARQQ,-0.5502927575719262,0.5691735953191966,0.7432248054013477,0.7050817626417241,1.5068267036748892,7.0,4.0,5.0,0.0,0.5691735953191966,0.6213889583438419,6.0
2024-10-21,ARQQ,0.2004518069741748,1.0160453225466222,0.7914704948545133,0.8081586353425017,2.220935963966367,2.0,2.0,2.0,1.0,2.0320906450932443,1.6599046000216249,2.0
2024-10-21,PAR,1.9850369669527257,0.7666741932911274,0.6097369425422606,0.7716334933141359,1.283528961990115,7.0,8.0,9.0,1.0,1.5333483865822548,1.2562649533702563,3.0
2024-10-21,WOLF,1.3904558340405884,0.3897852947591913,0.766296179059177,0.9260746974228742,1.1905062698776234,8.0,4.0,5.0,2.0,1.169355884277574,1.0484379727120547,4.0
2024-10-21,ZM,0.986877370171306,0.4231144482181459,0.2699463696558968,0.2803143296917972,0.4618553356995563,8.0,11.0,9.0,2.0,1.2693433446544378,0.9695242521548754,5.0
2024-10-21,INOD,1.43692678750177,0.943162784024665,0.5894318883629978,0.778821153611062,1.375536467079953,1.0,12.0,1.0,0.0,0.943162784024665,0.8370435153261648,1.0
2024-10-21,RELY,1.0511785871117094,0.7810219723257699,0.8134794543368227,0.9665296831159268,1.165269634250924,9.0,4.0,4.0,0.0,0.7810219723257699,0.7907592169290856,7.0
2024-10-21,OUST,0.4736208317443969,0.412581733593354,0.3064416405266016,0.4219027744376607,1.0659926916312914,3.0,11.0,3.0,0.0,0.412581733593354,0.3807397056733282,1.0
2024-10-21,PAYO,1.297370671773282,0.3389975627364568,0.2736730833152083,0.3409687760157825,0.5192363390524114,11.0,7.0,9.0,0.0,0.3389975627364568,0.3194002189100822,7.0
2024-10-21,UI,1.4998016229194706,0.2957583620876265,0.2308101154099833,0.3169855148758659,0.9794709716210795,7.0,7.0,5.0,0.0,0.2957583620876265,0.2762738880843335,3.0
2024-10-21,HEAR,1.5281488074909282,0.5413759265177218,0.9662970042983768,0.9197552097823932,1.1641021564450202,10.0,2.0,9.0,-3.0,-1.0827518530354436,-0.4680371958352974,8.0
2024-10-22,HEAR,1.9906289804549515,0.7152074976537897,0.9122530513274276,0.8801718572795644,1.328892157963997,7.0,4.0,6.0,11.0,8.582489971845476,6.281418895690061,1.0
2024-10-22,ARQQ,0.3716744223026538,0.8909213555589908,0.7922920106970078,0.8470512382360996,2.043773494937671,3.0,1.0,3.0,1.0,1.7818427111179815,1.4849775009916897,3.0
2024-10-22,ZM,0.9959188305137496,0.392375887383063,0.3133915141672705,0.2952019897808154,0.4649584463946986,9.0,7.0,8.0,0.0,0.392375887383063,0.3686805754183252,7.0
2024-10-22,PAYO,1.460089479718082,0.3854885583511045,0.2913390469091617,0.3643934465920862,0.6672370051346616,6.0,5.0,7.0,0.0,0.3854885583511045,0.3572437049185216,6.0
2024-10-22,APP,1.3958996404558692,0.3309033146618101,0.2264586309359952,0.2720126418516499,0.9639642598019288,7.0,11.0,8.0,0.0,0.3309033146618101,0.2995699095440656,6.0
2024-10-22,OUST,0.5545367111201116,0.3841278925724989,0.3289410829029257,0.4240038061304083,1.0432777448767323,5.0,8.0,4.0,-1.0,0.0,0.0986823248708777,2.0
2024-10-22,BAND,1.7183842777337748,0.6395544054777371,0.8926030634735015,0.8564022743606505,1.2620658824259106,10.0,2.0,7.0,-9.0,-5.116435243821897,-3.313723751633277,8.0
2024-10-23,ARQQ,0.3848453685571422,0.5936339689375505,0.6189233316798112,0.8189168607593132,1.3440520802325462,6.0,7.0,6.0,2.0,1.7809019068126517,1.4323083342727994,4.0
2024-10-23,TDY,2.1695215185665444,1.1242196545551308,0.5159608178440446,0.6615580044964686,2.8614510679649485,1.0,6.0,2.0,0.0,1.1242196545551308,0.9417420035418048,2.0
2024-10-23,APP,1.4102430949256424,0.2810423411125016,0.2540297185866989,0.271065260361163,0.8347844770081863,12.0,6.0,9.0,1.0,0.5620846822250032,0.4696681931335119,3.0
2024-10-23,ZM,1.0537805899191672,0.3301226797713013,0.2995728824344931,0.2979565901939808,0.3361533118108757,12.0,8.0,12.0,0.0,0.3301226797713013,0.3209577405702588,8.0
2024-10-24,MSTR,1.9140803247229203,0.5918472440483529,0.3909537113662416,0.4483340929925443,1.7712971540557996,4.0,5.0,4.0,5.0,3.5510834642901172,2.6030445384129544,3.0
2024-10-24,TDY,2.3303250965916904,1.0979297454243448,0.7074536022611986,0.7931218781823518,3.1729994663741956,2.0,3.0,1.0,0.0,1.0979297454243448,0.9807869024754008,1.0
2024-10-25,MSTR,1.873761651596244,0.4019595941280647,0.3695000020455738,0.4481134318461574,1.1633498747935764,9.0,7.0,7.0,3.0,1.6078383765122588,1.2363368641722532,5.0
2024-10-25,TXN,0.8218531882519287,1.028117845399863,0.7798313390969829,0.7875925491736043,1.309241299572911,6.0,9.0,4.0,0.0,1.028117845399863,0.9536318935089988,3.0
2024-10-25,TDY,2.1172750157677345,0.6881660908423195,0.7385689413597823,0.7542772662432878,2.232905995132618,3.0,1.0,3.0,0.0,0.6881660908423195,0.7032869459975584,3.0
2024-10-28,SOUN,3.5111202022554457,2.1472688276817866,1.060986471098129,1.3433804957394884,2.7062029453990046,1.0,6.0,1.0,15.0,34.356301242908586,24.367706811365448,2.0
2024-10-28,MSTR,2.4200135668424796,0.7181168318788593,0.389195755173488,0.5742562016601442,2.126285861629642,1.0,6.0,1.0,18.0,13.644219805698327,9.667712590540877,1.0
2024-10-28,CSIQ,1.2763584693400938,2.007443218744251,0.9560537102044416,1.1730366697191863,2.3287471317273805,1.0,7.0,1.0,4.0,10.037216093721256,7.312867378666211,1.0
2024-10-28,RUM,2.219518518440894,1.9134913000196236,0.8938168935986397,1.1287742632867512,2.6097526020567385,1.0,4.0,1.0,4.0,9.567456500098118,6.965364618148274,1.0
2024-10-28,BTDR,2.510566641422071,1.40629238252196,0.7914698981195933,0.978982704720662,1.8201981049618927,1.0,6.0,1.0,0.0,1.40629238252196,1.22184563720125,2.0
2024-10-28,OS,1.3852316251334815,1.031647587884733,0.6668584110936407,0.6868054842960573,1.3798391801643315,4.0,10.0,4.0,0.0,1.031647587884733,0.9222108348474054,2.0
2024-10-28,TDY,1.9738863481393976,0.3955837010910723,0.7262112584557872,0.6741598134165053,1.493804731617315,9.0,2.0,4.0,0.0,0.3955837010910723,0.4947719683004867,5.0
2024-10-28,TXN,0.6524075196597843,0.6929674365934768,0.8269597725399711,0.7238628529999445,1.0183242123458238,11.0,8.0,7.0,-2.0,-0.6929674365934768,-0.2369892738534424,5.0
2024-10-29,MSTR,2.495448196373764,0.6360674444017194,0.4599955337785134,0.6097163830269728,2.109830380157002,3.0,1.0,2.0,14.0,9.54101166602579,6.816706826351607,2.0
2024-10-29,SOUN,3.188192071823499,1.6104524706764098,1.2685376085996227,1.4093409099608205,2.326306265183208,2.0,2.0,2.0,4.0,8.05226235338205,6.017144929947321,5.0
2024-10-29,CDNS,1.5981405769839745,2.5692803866042406,1.1570770630007263,1.4076704888961,2.5130989635765757,2.0,3.0,2.0,1.0,5.138560773208481,3.9441156601461542,2.0
2024-10-29,BTDR,2.338939000029012,1.1383434754761377,0.9040588252376708,1.0246236888248488,1.7059883953557695,3.0,4.0,2.0,1.0,2.2766869509522754,1.864898513237894,1.0
2024-10-29,CSIQ,0.086720516675691,0.6501381158673811,0.9856987348818724,1.0369053598151083,1.063113882351604,11.0,6.0,4.0,2.0,1.9504143476021432,1.660999663786062,2.0
2024-10-29,ON,1.168659928233481,1.723129050133673,1.0864584655814298,1.0280397327974231,1.9588628601132831,1.0,5.0,1.0,0.0,1.723129050133673,1.5321278747679998,3.0
2024-10-29,TEL,1.7719663563230506,1.4222313885116575,0.8702183101540971,0.9349433497685186,1.5009305054054385,1.0,12.0,1.0,0.0,1.4222313885116575,1.2566274650043894,1.0
2024-10-29,HUBS,1.7449786297414804,0.5173802047910867,0.5354493435282119,0.4896241547458067,1.1170014964477304,12.0,5.0,9.0,2.0,1.55214061437326,1.2471332331197458,2.0
2024-10-29,KLIC,2.1772866168092504,1.4064183499824672,0.8365116651236162,0.8513126129529216,2.141371863258307,1.0,4.0,1.0,0.0,1.4064183499824672,1.2354463445248118,2.0
2024-10-29,KN,1.1804268449936712,1.081608461801393,0.8556268746559024,0.8392058475914966,1.098914554351376,6.0,7.0,2.0,0.0,1.081608461801393,1.0138139856577455,1.0
2024-10-30,CDNS,2.1191023337762576,2.596098355965522,1.6195332015222583,1.708721982738752,3.0102584197882667,1.0,1.0,1.0,1.0,5.192196711931044,4.120397658808408,1.0
2024-10-30,KLIC,1.5442028695792702,0.6284981947368405,0.8748203544403274,0.7612116915965719,1.2589772321424737,12.0,2.0,5.0,5.0,3.770989168421043,2.902138524226828,1.0
2024-10-30,ATOM,3.092155253514007,1.7067443138564553,0.8105707853211551,0.9942105256251677,2.679668807885977,2.0,6.0,3.0,1.0,3.4134886277129106,2.632613274995384,3.0
2024-10-30,UIS,2.120115895011573,1.6817771134546984,0.831260547390919,1.0420517874811264,2.632097269317037,1.0,3.0,1.0,0.0,1.6817771134546984,1.4266221436355644,1.0
2024-10-30,TEL,1.4798594467839046,0.9308060211953606,0.9550292607382728,0.8987011365128679,1.164437259155392,9.0,5.0,6.0,0.0,0.9308060211953606,0.9380729930582342,4.0
2024-10-30,ON,0.7773245568638812,0.9927060354295584,1.077479685151065,0.9795047952899902,1.292970390885686,8.0,6.0,4.0,-1.0,0.0,0.3232439055453195,5.0
2024-10-31,RELY,5.222132771779108,3.465099979940982,1.5806136234930823,1.9579062763513508,4.97345411685629,1.0,1.0,1.0,0.0,3.465099979940982,2.899754073006612,4.0
2024-10-31,NXT,0.883047063102816,2.187841512878471,0.9770248998761644,1.163154126356468,3.977474940526851,1.0,1.0,1.0,0.0,2.187841512878471,1.8245965289777788,1.0
2024-10-31,TWLO,3.3572639416781276,1.711138088596825,0.7576123952495065,0.9481739530027218,4.813659624254293,1.0,1.0,1.0,0.0,1.711138088596825,1.425080380592629,1.0
2024-10-31,GEN,2.480473694984468,1.67789709654103,0.7453586719618855,0.909331981171286,4.006062324081693,1.0,1.0,1.0,0.0,1.67789709654103,1.3981355691672868,1.0
2024-10-31,CDNS,0.8162252829120517,0.963211077257196,1.6131447715415903,1.507681383228641,1.7046849276913956,8.0,2.0,3.0,0.0,0.963211077257196,1.1581911855425142,3.0
2024-10-31,ATOM,2.8339637648308584,1.213833638857281,0.9675553864207936,1.032720075985975,2.204112682919682,6.0,5.0,5.0,0.0,1.213833638857281,1.139950163126335,6.0
2024-10-31,UIS,1.7576947079598508,1.2015244192022574,0.9613280362506144,1.0187981533174564,2.156228838752251,3.0,1.0,2.0,0.0,1.2015244192022574,1.1294655043167643,2.0
2024-10-31,BAND,2.4610909059476516,1.0949039160637235,0.7112235480428429,0.7343407889393713,1.6213437949377394,3.0,7.0,4.0,0.0,1.0949039160637235,0.9797998056574592,3.0
