[
    {
        "Holder": "Technology Crossover Management VIII, Ltd.",
        "Shares": "41.7M",
        "Date Reported": "Sep 30, 2024",
        "% Out": "11.69%",
        "Value": "417,388,130"
    },
    {
        "Holder": "Blackrock Inc.",
        "Shares": "36.78M",
        "Date Reported": "Sep 30, 2024",
        "% Out": "10.31%",
        "Value": "368,130,831"
    },
    {
        "Holder": "Vanguard Group Inc",
        "Shares": "31.31M",
        "Date Reported": "Sep 30, 2024",
        "% Out": "8.78%",
        "Value": "313,447,411"
    },
    {
        "Holder": "Temasek Holdings (Private) Limited",
        "Shares": "19.9M",
        "Date Reported": "Sep 30, 2024",
        "% Out": "5.58%",
        "Value": "199,196,602"
    },
    {
        "Holder": "SIG Growth Equity Funds Ltd Partnership, LLLP",
        "Shares": "18.8M",
        "Date Reported": "Sep 30, 2024",
        "% Out": "5.27%",
        "Value": "188,165,561"
    },
    {
        "Holder": "AXA S.A.",
        "Shares": "14.19M",
        "Date Reported": "Sep 30, 2024",
        "% Out": "3.98%",
        "Value": "142,062,503"
    },
    {
        "Holder": "State Street Corporation",
        "Shares": "10.48M",
        "Date Reported": "Sep 30, 2024",
        "% Out": "2.94%",
        "Value": "104,926,073"
    },
    {
        "Holder": "Price (T.Rowe) Associates Inc",
        "Shares": "8.27M",
        "Date Reported": "Sep 30, 2024",
        "% Out": "2.32%",
        "Value": "82,780,279"
    },
    {
        "Holder": "Geode Capital Management, LLC",
        "Shares": "6.62M",
        "Date Reported": "Sep 30, 2024",
        "% Out": "1.86%",
        "Value": "66,277,462"
    },
    {
        "Holder": "American Century Companies Inc",
        "Shares": "6.54M",
        "Date Reported": "Sep 30, 2024",
        "% Out": "1.83%",
        "Value": "65,482,458"
    }
]