[
    {
        "Holder": "Vanguard Group Inc",
        "Shares": "14.57M",
        "Date Reported": "Sep 30, 2024",
        "% Out": "5.91%",
        "Value": "379,752,149"
    },
    {
        "Holder": "Dimensional Fund Advisors LP",
        "Shares": "13.4M",
        "Date Reported": "Sep 30, 2024",
        "% Out": "5.43%",
        "Value": "349,189,034"
    },
    {
        "Holder": "Blackrock Inc.",
        "Shares": "11.41M",
        "Date Reported": "Sep 30, 2024",
        "% Out": "4.63%",
        "Value": "297,421,966"
    },
    {
        "Holder": "LSV Asset Management",
        "Shares": "5.4M",
        "Date Reported": "Sep 30, 2024",
        "% Out": "2.19%",
        "Value": "140,704,139"
    },
    {
        "Holder": "First Trust Advisors LP",
        "Shares": "4.43M",
        "Date Reported": "Sep 30, 2024",
        "% Out": "1.80%",
        "Value": "115,393,182"
    },
    {
        "Holder": "Pacer Advisors, Inc.",
        "Shares": "3.79M",
        "Date Reported": "Sep 30, 2024",
        "% Out": "1.54%",
        "Value": "98,703,941"
    },
    {
        "Holder": "Alliancebernstein L.P.",
        "Shares": "3.52M",
        "Date Reported": "Sep 30, 2024",
        "% Out": "1.43%",
        "Value": "91,854,201"
    },
    {
        "Holder": "State Street Corporation",
        "Shares": "3.36M",
        "Date Reported": "Sep 30, 2024",
        "% Out": "1.36%",
        "Value": "87,452,589"
    },
    {
        "Holder": "AQR Capital Management, LLC",
        "Shares": "2.5M",
        "Date Reported": "Sep 30, 2024",
        "% Out": "1.01%",
        "Value": "65,028,037"
    },
    {
        "Holder": "Earnest Partners LLC",
        "Shares": "2.35M",
        "Date Reported": "Sep 30, 2024",
        "% Out": "0.95%",
        "Value": "61,196,592"
    }
]