[
    {
        "Holder": "Blackrock Inc.",
        "Shares": "8.86M",
        "Date Reported": "Sep 30, 2024",
        "% Out": "14.18%",
        "Value": "542,174,723"
    },
    {
        "Holder": "Vanguard Group Inc",
        "Shares": "7.2M",
        "Date Reported": "Sep 30, 2024",
        "% Out": "11.52%",
        "Value": "440,496,981"
    },
    {
        "Holder": "Clearlake Capital Group, LP",
        "Shares": "5.71M",
        "Date Reported": "Sep 30, 2024",
        "% Out": "9.14%",
        "Value": "349,592,764"
    },
    {
        "Holder": "FMR, LLC",
        "Shares": "5.15M",
        "Date Reported": "Sep 30, 2024",
        "% Out": "8.25%",
        "Value": "315,380,433"
    },
    {
        "Holder": "State Street Corporation",
        "Shares": "2.11M",
        "Date Reported": "Sep 30, 2024",
        "% Out": "3.37%",
        "Value": "128,989,283"
    },
    {
        "Holder": "ICONIQ Capital, LLC",
        "Shares": "2.09M",
        "Date Reported": "Sep 30, 2024",
        "% Out": "3.34%",
        "Value": "127,729,358"
    },
    {
        "Holder": "Conestoga Capital Advisors, LLC",
        "Shares": "1.76M",
        "Date Reported": "Sep 30, 2024",
        "% Out": "2.82%",
        "Value": "107,656,798"
    },
    {
        "Holder": "Hawk Ridge Capital Management, LP",
        "Shares": "1.75M",
        "Date Reported": "Sep 30, 2024",
        "% Out": "2.79%",
        "Value": "106,804,282"
    },
    {
        "Holder": "Geode Capital Management, LLC",
        "Shares": "1.28M",
        "Date Reported": "Sep 30, 2024",
        "% Out": "2.05%",
        "Value": "78,459,441"
    },
    {
        "Holder": "Riverbridge Partners LLC",
        "Shares": "1.27M",
        "Date Reported": "Sep 30, 2024",
        "% Out": "2.04%",
        "Value": "77,880,611"
    }
]