[
    {
        "Holder": "Vanguard Group Inc",
        "Shares": "178.4M",
        "Date Reported": "Sep 30, 2024",
        "% Out": "8.47%",
        "Value": "10,905,724,109"
    },
    {
        "Holder": "Blackrock Inc.",
        "Shares": "147.28M",
        "Date Reported": "Sep 30, 2024",
        "% Out": "6.99%",
        "Value": "9,003,499,319"
    },
    {
        "Holder": "FMR, LLC",
        "Shares": "97.86M",
        "Date Reported": "Sep 30, 2024",
        "% Out": "4.65%",
        "Value": "5,981,944,597"
    },
    {
        "Holder": "Morgan Stanley",
        "Shares": "92.16M",
        "Date Reported": "Sep 30, 2024",
        "% Out": "4.38%",
        "Value": "5,634,041,535"
    },
    {
        "Holder": "State Street Corporation",
        "Shares": "82.35M",
        "Date Reported": "Sep 30, 2024",
        "% Out": "3.91%",
        "Value": "5,033,975,018"
    },
    {
        "Holder": "Public Investment Fund",
        "Shares": "72.84M",
        "Date Reported": "Sep 30, 2024",
        "% Out": "3.46%",
        "Value": "4,452,742,349"
    },
    {
        "Holder": "JP Morgan Chase & Company",
        "Shares": "71.84M",
        "Date Reported": "Jun 30, 2024",
        "% Out": "3.41%",
        "Value": "4,391,450,231"
    },
    {
        "Holder": "Capital Research Global Investors",
        "Shares": "66.01M",
        "Date Reported": "Sep 30, 2024",
        "% Out": "3.13%",
        "Value": "4,034,959,382"
    },
    {
        "Holder": "Wellington Management Group, LLP",
        "Shares": "43.9M",
        "Date Reported": "Sep 30, 2024",
        "% Out": "2.08%",
        "Value": "2,683,765,679"
    },
    {
        "Holder": "Geode Capital Management, LLC",
        "Shares": "42.5M",
        "Date Reported": "Sep 30, 2024",
        "% Out": "2.02%",
        "Value": "2,598,046,991"
    }
]