[
    {
        "Holder": "Vanguard Group Inc",
        "Shares": "98.97M",
        "Date Reported": "Sep 30, 2024",
        "% Out": "8.88%",
        "Value": "8,771,632,656"
    },
    {
        "Holder": "Blackrock Inc.",
        "Shares": "94.46M",
        "Date Reported": "Sep 30, 2024",
        "% Out": "8.48%",
        "Value": "8,371,849,593"
    },
    {
        "Holder": "State Street Corporation",
        "Shares": "48.23M",
        "Date Reported": "Sep 30, 2024",
        "% Out": "4.33%",
        "Value": "4,274,333,174"
    },
    {
        "Holder": "Primecap Management Company",
        "Shares": "37.63M",
        "Date Reported": "Sep 30, 2024",
        "% Out": "3.38%",
        "Value": "3,335,311,648"
    },
    {
        "Holder": "FMR, LLC",
        "Shares": "35.42M",
        "Date Reported": "Sep 30, 2024",
        "% Out": "3.18%",
        "Value": "3,139,551,116"
    },
    {
        "Holder": "Capital World Investors",
        "Shares": "25.1M",
        "Date Reported": "Sep 30, 2024",
        "% Out": "2.25%",
        "Value": "2,224,910,284"
    },
    {
        "Holder": "Geode Capital Management, LLC",
        "Shares": "23.72M",
        "Date Reported": "Sep 30, 2024",
        "% Out": "2.13%",
        "Value": "2,102,617,728"
    },
    {
        "Holder": "JP Morgan Chase & Company",
        "Shares": "23.46M",
        "Date Reported": "Jun 30, 2024",
        "% Out": "2.11%",
        "Value": "2,079,238,641"
    },
    {
        "Holder": "Morgan Stanley",
        "Shares": "18.33M",
        "Date Reported": "Sep 30, 2024",
        "% Out": "1.65%",
        "Value": "1,624,664,425"
    },
    {
        "Holder": "Bank of America Corporation",
        "Shares": "13.74M",
        "Date Reported": "Sep 30, 2024",
        "% Out": "1.23%",
        "Value": "1,217,680,707"
    }
]