[
    {
        "Holder": "Blackstone Inc",
        "Shares": "30.12M",
        "Date Reported": "Sep 30, 2024",
        "% Out": "27.84%",
        "Value": "241,531,215"
    },
    {
        "Holder": "Vanguard Group Inc",
        "Shares": "10.65M",
        "Date Reported": "Sep 30, 2024",
        "% Out": "9.84%",
        "Value": "85,375,375"
    },
    {
        "Holder": "Blackrock Inc.",
        "Shares": "10.37M",
        "Date Reported": "Sep 30, 2024",
        "% Out": "9.59%",
        "Value": "83,189,684"
    },
    {
        "Holder": "FMR, LLC",
        "Shares": "6.02M",
        "Date Reported": "Sep 30, 2024",
        "% Out": "5.57%",
        "Value": "48,283,642"
    },
    {
        "Holder": "Ameriprise Financial, Inc.",
        "Shares": "5.08M",
        "Date Reported": "Sep 30, 2024",
        "% Out": "4.70%",
        "Value": "40,772,463"
    },
    {
        "Holder": "Accel Growth Fund V Associates L.L.C.",
        "Shares": "5.05M",
        "Date Reported": "Sep 30, 2024",
        "% Out": "4.67%",
        "Value": "40,537,340"
    },
    {
        "Holder": "Susquehanna International Group, LLP",
        "Shares": "4.64M",
        "Date Reported": "Sep 30, 2024",
        "% Out": "4.29%",
        "Value": "37,248,932"
    },
    {
        "Holder": "Dimensional Fund Advisors LP",
        "Shares": "3.94M",
        "Date Reported": "Sep 30, 2024",
        "% Out": "3.64%",
        "Value": "31,624,040"
    },
    {
        "Holder": "State Street Corporation",
        "Shares": "2.6M",
        "Date Reported": "Sep 30, 2024",
        "% Out": "2.40%",
        "Value": "20,821,348"
    },
    {
        "Holder": "Geode Capital Management, LLC",
        "Shares": "2.33M",
        "Date Reported": "Sep 30, 2024",
        "% Out": "2.15%",
        "Value": "18,692,038"
    }
]