[
    {
        "Holder": "Vanguard Group Inc",
        "Shares": "48.69M",
        "Date Reported": "Sep 30, 2024",
        "% Out": "9.81%",
        "Value": "10,565,773,908"
    },
    {
        "Holder": "Blackrock Inc.",
        "Shares": "38.69M",
        "Date Reported": "Sep 30, 2024",
        "% Out": "7.80%",
        "Value": "8,396,109,504"
    },
    {
        "Holder": "JP Morgan Chase & Company",
        "Shares": "25.66M",
        "Date Reported": "Jun 30, 2024",
        "% Out": "5.17%",
        "Value": "5,568,328,518"
    },
    {
        "Holder": "State Street Corporation",
        "Shares": "22.57M",
        "Date Reported": "Sep 30, 2024",
        "% Out": "4.55%",
        "Value": "4,897,808,570"
    },
    {
        "Holder": "Massachusetts Financial Services Co.",
        "Shares": "12.06M",
        "Date Reported": "Sep 30, 2024",
        "% Out": "2.43%",
        "Value": "2,617,872,449"
    },
    {
        "Holder": "Geode Capital Management, LLC",
        "Shares": "10.36M",
        "Date Reported": "Sep 30, 2024",
        "% Out": "2.09%",
        "Value": "2,248,981,194"
    },
    {
        "Holder": "Invesco Ltd.",
        "Shares": "10.17M",
        "Date Reported": "Sep 30, 2024",
        "% Out": "2.05%",
        "Value": "2,205,993,087"
    },
    {
        "Holder": "Price (T.Rowe) Associates Inc",
        "Shares": "9.34M",
        "Date Reported": "Sep 30, 2024",
        "% Out": "1.88%",
        "Value": "2,026,471,180"
    },
    {
        "Holder": "Franklin Resources, Inc.",
        "Shares": "9.18M",
        "Date Reported": "Sep 30, 2024",
        "% Out": "1.85%",
        "Value": "1,991,290,590"
    },
    {
        "Holder": "Wells Fargo & Company",
        "Shares": "9.15M",
        "Date Reported": "Sep 30, 2024",
        "% Out": "1.84%",
        "Value": "1,985,920,521"
    }
]