[
    {
        "Holder": "Vanguard Group Inc",
        "Shares": "26.01M",
        "Date Reported": "Sep 30, 2024",
        "% Out": "12.80%",
        "Value": "3,042,671,217"
    },
    {
        "Holder": "Blackrock Inc.",
        "Shares": "23.28M",
        "Date Reported": "Sep 30, 2024",
        "% Out": "11.45%",
        "Value": "2,722,518,366"
    },
    {
        "Holder": "Primecap Management Company",
        "Shares": "13.43M",
        "Date Reported": "Sep 30, 2024",
        "% Out": "6.60%",
        "Value": "1,570,469,393"
    },
    {
        "Holder": "State Street Corporation",
        "Shares": "10.26M",
        "Date Reported": "Sep 30, 2024",
        "% Out": "5.05%",
        "Value": "1,200,146,433"
    },
    {
        "Holder": "Ameriprise Financial, Inc.",
        "Shares": "6.14M",
        "Date Reported": "Sep 30, 2024",
        "% Out": "3.02%",
        "Value": "717,641,407"
    },
    {
        "Holder": "Geode Capital Management, LLC",
        "Shares": "5.99M",
        "Date Reported": "Sep 30, 2024",
        "% Out": "2.94%",
        "Value": "700,084,308"
    },
    {
        "Holder": "Arrowstreet Capital, Limited Partnership",
        "Shares": "3.57M",
        "Date Reported": "Sep 30, 2024",
        "% Out": "1.76%",
        "Value": "417,468,365"
    },
    {
        "Holder": "Beutel, Goodman & Company Ltd",
        "Shares": "2.87M",
        "Date Reported": "Sep 30, 2024",
        "% Out": "1.41%",
        "Value": "336,245,494"
    },
    {
        "Holder": "Acadian Asset Management. LLC",
        "Shares": "2.86M",
        "Date Reported": "Sep 30, 2024",
        "% Out": "1.40%",
        "Value": "333,947,932"
    },
    {
        "Holder": "UBS Asset Management Americas Inc",
        "Shares": "2.77M",
        "Date Reported": "Sep 30, 2024",
        "% Out": "1.36%",
        "Value": "323,503,988"
    }
]