[
    {
        "Holder": "Vanguard Group Inc",
        "Shares": "21.88M",
        "Date Reported": "Sep 30, 2024",
        "% Out": "10.83%",
        "Value": "2,034,452,190"
    },
    {
        "Holder": "Blackrock Inc.",
        "Shares": "14.83M",
        "Date Reported": "Sep 30, 2024",
        "% Out": "7.34%",
        "Value": "1,378,919,277"
    },
    {
        "Holder": "Price (T.Rowe) Associates Inc",
        "Shares": "6.84M",
        "Date Reported": "Sep 30, 2024",
        "% Out": "3.38%",
        "Value": "635,964,876"
    },
    {
        "Holder": "State Street Corporation",
        "Shares": "5.37M",
        "Date Reported": "Sep 30, 2024",
        "% Out": "2.66%",
        "Value": "499,683,327"
    },
    {
        "Holder": "American Century Companies Inc",
        "Shares": "4.48M",
        "Date Reported": "Sep 30, 2024",
        "% Out": "2.22%",
        "Value": "416,997,864"
    },
    {
        "Holder": "Capital World Investors",
        "Shares": "4.19M",
        "Date Reported": "Sep 30, 2024",
        "% Out": "2.07%",
        "Value": "389,701,062"
    },
    {
        "Holder": "Renaissance Technologies, LLC",
        "Shares": "4.16M",
        "Date Reported": "Sep 30, 2024",
        "% Out": "2.06%",
        "Value": "386,692,884"
    },
    {
        "Holder": "Newlands Management Operations LLC",
        "Shares": "4.12M",
        "Date Reported": "Sep 30, 2024",
        "% Out": "2.04%",
        "Value": "383,411,844"
    },
    {
        "Holder": "Shaw D.E. & Co., Inc.",
        "Shares": "3.72M",
        "Date Reported": "Sep 30, 2024",
        "% Out": "1.84%",
        "Value": "346,147,023"
    },
    {
        "Holder": "Jericho Capital Asset Management, LP",
        "Shares": "3.55M",
        "Date Reported": "Sep 30, 2024",
        "% Out": "1.76%",
        "Value": "330,080,529"
    }
]