[
    {
        "Holder": "Vanguard Group Inc",
        "Shares": "60M",
        "Date Reported": "Sep 30, 2024",
        "% Out": "8.89%",
        "Value": "21,371,680,749"
    },
    {
        "Holder": "Blackrock Inc.",
        "Shares": "49.86M",
        "Date Reported": "Sep 30, 2024",
        "% Out": "7.39%",
        "Value": "17,759,523,027"
    },
    {
        "Holder": "State Street Corporation",
        "Shares": "27.4M",
        "Date Reported": "Sep 30, 2024",
        "% Out": "4.06%",
        "Value": "9,759,629,565"
    },
    {
        "Holder": "Geode Capital Management, LLC",
        "Shares": "13.39M",
        "Date Reported": "Sep 30, 2024",
        "% Out": "1.98%",
        "Value": "4,769,849,552"
    },
    {
        "Holder": "Morgan Stanley",
        "Shares": "13.19M",
        "Date Reported": "Sep 30, 2024",
        "% Out": "1.95%",
        "Value": "4,697,200,588"
    },
    {
        "Holder": "Capital Research Global Investors",
        "Shares": "10.53M",
        "Date Reported": "Sep 30, 2024",
        "% Out": "1.56%",
        "Value": "3,749,052,297"
    },
    {
        "Holder": "Massachusetts Financial Services Co.",
        "Shares": "10.41M",
        "Date Reported": "Sep 30, 2024",
        "% Out": "1.54%",
        "Value": "3,708,936,813"
    },
    {
        "Holder": "Wellington Management Group, LLP",
        "Shares": "9.91M",
        "Date Reported": "Sep 30, 2024",
        "% Out": "1.47%",
        "Value": "3,531,445,555"
    },
    {
        "Holder": "Capital International Investors",
        "Shares": "8.33M",
        "Date Reported": "Sep 30, 2024",
        "% Out": "1.23%",
        "Value": "2,967,581,639"
    },
    {
        "Holder": "JP Morgan Chase & Company",
        "Shares": "7.93M",
        "Date Reported": "Jun 30, 2024",
        "% Out": "1.18%",
        "Value": "2,826,286,104"
    }
]