[
    {
        "Holder": "Vanguard Group Inc",
        "Shares": "13.4M",
        "Date Reported": "Sep 30, 2024",
        "% Out": "10.02%",
        "Value": "8,639,872,348"
    },
    {
        "Holder": "Blackrock Inc.",
        "Shares": "11.66M",
        "Date Reported": "Sep 30, 2024",
        "% Out": "8.72%",
        "Value": "7,519,025,567"
    },
    {
        "Holder": "State Street Corporation",
        "Shares": "5.98M",
        "Date Reported": "Sep 30, 2024",
        "% Out": "4.47%",
        "Value": "3,855,507,904"
    },
    {
        "Holder": "Primecap Management Company",
        "Shares": "5.3M",
        "Date Reported": "Sep 30, 2024",
        "% Out": "3.96%",
        "Value": "3,418,472,453"
    },
    {
        "Holder": "Capital International Investors",
        "Shares": "3.59M",
        "Date Reported": "Sep 30, 2024",
        "% Out": "2.69%",
        "Value": "2,316,441,872"
    },
    {
        "Holder": "Geode Capital Management, LLC",
        "Shares": "3.22M",
        "Date Reported": "Sep 30, 2024",
        "% Out": "2.41%",
        "Value": "2,077,380,500"
    },
    {
        "Holder": "Massachusetts Financial Services Co.",
        "Shares": "2.6M",
        "Date Reported": "Sep 30, 2024",
        "% Out": "1.95%",
        "Value": "1,679,495,332"
    },
    {
        "Holder": "Price (T.Rowe) Associates Inc",
        "Shares": "2.52M",
        "Date Reported": "Sep 30, 2024",
        "% Out": "1.88%",
        "Value": "1,624,583,958"
    },
    {
        "Holder": "FMR, LLC",
        "Shares": "2.38M",
        "Date Reported": "Sep 30, 2024",
        "% Out": "1.78%",
        "Value": "1,537,495,919"
    },
    {
        "Holder": "Norges Bank Investment Management",
        "Shares": "2.04M",
        "Date Reported": "Jun 30, 2024",
        "% Out": "1.53%",
        "Value": "1,318,550,685"
    }
]