[
    {
        "Holder": "Blackrock Inc.",
        "Shares": "4.85M",
        "Date Reported": "Sep 30, 2024",
        "% Out": "10.21%",
        "Value": "725,484,957"
    },
    {
        "Holder": "Vanguard Group Inc",
        "Shares": "4.72M",
        "Date Reported": "Sep 30, 2024",
        "% Out": "9.94%",
        "Value": "706,061,382"
    },
    {
        "Holder": "Kayne Anderson Rudnick Investment Management LLC",
        "Shares": "2.47M",
        "Date Reported": "Sep 30, 2024",
        "% Out": "5.20%",
        "Value": "369,380,251"
    },
    {
        "Holder": "Primecap Management Company",
        "Shares": "1.85M",
        "Date Reported": "Sep 30, 2024",
        "% Out": "3.90%",
        "Value": "276,852,479"
    },
    {
        "Holder": "State Street Corporation",
        "Shares": "1.53M",
        "Date Reported": "Sep 30, 2024",
        "% Out": "3.22%",
        "Value": "228,858,810"
    },
    {
        "Holder": "FMR, LLC",
        "Shares": "1.41M",
        "Date Reported": "Sep 30, 2024",
        "% Out": "2.96%",
        "Value": "210,641,368"
    },
    {
        "Holder": "UBS Asset Management Americas Inc",
        "Shares": "1.27M",
        "Date Reported": "Sep 30, 2024",
        "% Out": "2.68%",
        "Value": "190,248,187"
    },
    {
        "Holder": "JP Morgan Chase & Company",
        "Shares": "1.18M",
        "Date Reported": "Jun 30, 2024",
        "% Out": "2.50%",
        "Value": "177,284,766"
    },
    {
        "Holder": "Macquarie Group Limited",
        "Shares": "914.16k",
        "Date Reported": "Sep 30, 2024",
        "% Out": "1.93%",
        "Value": "136,849,449"
    },
    {
        "Holder": "Alliancebernstein L.P.",
        "Shares": "833.04k",
        "Date Reported": "Sep 30, 2024",
        "% Out": "1.76%",
        "Value": "124,706,085"
    }
]