[
    {
        "Holder": "Vanguard Group Inc",
        "Shares": "14.36M",
        "Date Reported": "Sep 30, 2024",
        "% Out": "9.29%",
        "Value": "7,050,548,145"
    },
    {
        "Holder": "Blackrock Inc.",
        "Shares": "13.25M",
        "Date Reported": "Sep 30, 2024",
        "% Out": "8.57%",
        "Value": "6,502,424,053"
    },
    {
        "Holder": "Capital World Investors",
        "Shares": "7.17M",
        "Date Reported": "Sep 30, 2024",
        "% Out": "4.64%",
        "Value": "3,517,512,049"
    },
    {
        "Holder": "State Street Corporation",
        "Shares": "6.95M",
        "Date Reported": "Sep 30, 2024",
        "% Out": "4.50%",
        "Value": "3,411,074,905"
    },
    {
        "Holder": "JP Morgan Chase & Company",
        "Shares": "5.92M",
        "Date Reported": "Jun 30, 2024",
        "% Out": "3.83%",
        "Value": "2,904,697,800"
    },
    {
        "Holder": "Price (T.Rowe) Associates Inc",
        "Shares": "4.86M",
        "Date Reported": "Sep 30, 2024",
        "% Out": "3.14%",
        "Value": "2,384,531,524"
    },
    {
        "Holder": "Franklin Resources, Inc.",
        "Shares": "3.65M",
        "Date Reported": "Sep 30, 2024",
        "% Out": "2.36%",
        "Value": "1,792,782,715"
    },
    {
        "Holder": "FMR, LLC",
        "Shares": "3.47M",
        "Date Reported": "Sep 30, 2024",
        "% Out": "2.25%",
        "Value": "1,705,809,171"
    },
    {
        "Holder": "Geode Capital Management, LLC",
        "Shares": "3.28M",
        "Date Reported": "Sep 30, 2024",
        "% Out": "2.12%",
        "Value": "1,611,101,340"
    },
    {
        "Holder": "Edgewood Management Llc",
        "Shares": "3.07M",
        "Date Reported": "Sep 30, 2024",
        "% Out": "1.99%",
        "Value": "1,507,019,092"
    }
]