[
    {
        "Holder": "Vanguard Group Inc",
        "Shares": "1.2M",
        "Date Reported": "Sep 30, 2024",
        "% Out": "4.17%",
        "Value": "17,142,209"
    },
    {
        "Holder": "Hollencrest Capital Management",
        "Shares": "741.45k",
        "Date Reported": "Sep 30, 2024",
        "% Out": "2.58%",
        "Value": "10,580,491"
    },
    {
        "Holder": "Baird Financial Group, Inc.",
        "Shares": "721.39k",
        "Date Reported": "Sep 30, 2024",
        "% Out": "2.51%",
        "Value": "10,294,292"
    },
    {
        "Holder": "Avenir Corp",
        "Shares": "390.65k",
        "Date Reported": "Sep 30, 2024",
        "% Out": "1.36%",
        "Value": "5,574,589"
    },
    {
        "Holder": "Blackrock Inc.",
        "Shares": "380.2k",
        "Date Reported": "Sep 30, 2024",
        "% Out": "1.32%",
        "Value": "5,425,397"
    },
    {
        "Holder": "Brown Advisory  Inc.",
        "Shares": "331.59k",
        "Date Reported": "Sep 30, 2024",
        "% Out": "1.15%",
        "Value": "4,731,832"
    },
    {
        "Holder": "Geode Capital Management, LLC",
        "Shares": "308.46k",
        "Date Reported": "Sep 30, 2024",
        "% Out": "1.07%",
        "Value": "4,401,781"
    },
    {
        "Holder": "Quantum Private Wealth, LLC",
        "Shares": "292.02k",
        "Date Reported": "Sep 30, 2024",
        "% Out": "1.01%",
        "Value": "4,167,139"
    },
    {
        "Holder": "Bard Associates Inc.",
        "Shares": "170.78k",
        "Date Reported": "Sep 30, 2024",
        "% Out": "0.59%",
        "Value": "2,436,959"
    },
    {
        "Holder": "Hilltop Holdings Inc.",
        "Shares": "122.99k",
        "Date Reported": "Sep 30, 2024",
        "% Out": "0.43%",
        "Value": "1,755,067"
    }
]