[
    {
        "Holder": "SW Investment Management, LLC",
        "Shares": "320k",
        "Date Reported": "Sep 30, 2024",
        "% Out": "0.53%",
        "Value": "109,059,199"
    },
    {
        "Holder": "Blackrock Inc.",
        "Shares": "283.47k",
        "Date Reported": "Sep 30, 2024",
        "% Out": "0.47%",
        "Value": "96,609,750"
    },
    {
        "Holder": "Renaissance Technologies, LLC",
        "Shares": "197.56k",
        "Date Reported": "Sep 30, 2024",
        "% Out": "0.33%",
        "Value": "67,331,786"
    },
    {
        "Holder": "Bank Of New York Mellon Corporation",
        "Shares": "139.81k",
        "Date Reported": "Sep 30, 2024",
        "% Out": "0.23%",
        "Value": "47,648,986"
    },
    {
        "Holder": "Vanguard Group Inc",
        "Shares": "92.21k",
        "Date Reported": "Sep 30, 2024",
        "% Out": "0.15%",
        "Value": "31,426,430"
    },
    {
        "Holder": "Morgan Stanley",
        "Shares": "92.28k",
        "Date Reported": "Sep 30, 2024",
        "% Out": "0.15%",
        "Value": "31,449,605"
    },
    {
        "Holder": "State Street Corporation",
        "Shares": "72.14k",
        "Date Reported": "Sep 30, 2024",
        "% Out": "0.12%",
        "Value": "24,587,396"
    },
    {
        "Holder": "Geode Capital Management, LLC",
        "Shares": "63.08k",
        "Date Reported": "Sep 30, 2024",
        "% Out": "0.10%",
        "Value": "21,496,590"
    },
    {
        "Holder": "Millennium Management Llc",
        "Shares": "61.23k",
        "Date Reported": "Sep 30, 2024",
        "% Out": "0.10%",
        "Value": "20,869,159"
    },
    {
        "Holder": "First Trust Advisors LP",
        "Shares": "58.26k",
        "Date Reported": "Sep 30, 2024",
        "% Out": "0.10%",
        "Value": "19,856,272"
    }
]